type,difficulty,category,question,correct_answer,incorrect_answers
boolean,easy,Entertainment: Video Games,"In &quot;Undertale&quot;, the main character of the game is Sans.",False,['True']
boolean,medium,Entertainment: Television,An episode of &quot;The Simpsons&quot; is dedicated to Moe Szyslak&#039;s bar rag.,True,['False']
multiple,medium,Mythology,"According to Japanese folklore, what is the favorite food of the Kappa.",Cucumbers,"['Kabocha', 'Nasu', 'Soba']"
boolean,easy,Entertainment: Music,Lead Singer Rivers Cuomo of American rock band Weezer attended Harvard.,True,['False']
multiple,easy,Entertainment: Video Games,"The protagonist of the hit game, Half-Life 2 is called:",Gordon Freeman,"['Alyx Vance', 'Isaac Kleiner', 'Wallace Breen']"
multiple,easy,Entertainment: Board Games,Carcassonne is based on which French town?,Carcassonne,"['Paris', 'Marseille', 'Clermont-Ferrand']"
multiple,medium,History,Who was the Prime Minister of the United Kingdom for most of World War II?,Winston Churchill,"['Neville Chamberlain', 'Harold Macmillan', 'Edward Heath']"
multiple,medium,Entertainment: Music,What was the name of the Wu-Tang Clan album Martin Shkreli bought for $2 million dollars?,Once Upon a Time in Shaolin,"['A Better Tomorrow', '8 Diagrams', 'The Saga Continues']"
multiple,easy,Sports,Which city did the former NHL team &quot;The Nordiques&quot; originiate from?,Quebec City,"['Houston', 'Montreal', 'New York']"
multiple,medium,Entertainment: Video Games,"In Left 4 Dead, what is the name of the virus, as designated by CEDA, that causes most humans to turn into the Infected?",Green Flu,"['Yellow Fever', 'T-Virus', 'Raspberry Sniffles']"
multiple,medium,Entertainment: Video Games,In which year did the first Monster Hunter game get released?,2004,"['2006', '2005', '2002']"
multiple,easy,Entertainment: Books,American illustrator and writer Maurice Sendak is most well-known for writing which children&#039;s book?,Where The Wild Things Are,"['The Neverending Story', 'Charlie and the Chocolate Factory', 'The Cat in the Hat']"
multiple,medium,Vehicles,When was Tesla founded?,2003,"['2008', '2005', '2007']"
boolean,hard,Politics,"George Clinton, Vice President of the United States (1805-1812), is an ancestor of President Bill Clinton.",False,['True']
multiple,medium,General Knowledge,The Mexican Beer &quot;Corona&quot; is what type of beer?,Pale Lager,"['India Pale Ale', 'Pilfsner', 'Baltic Porter']"
boolean,easy,Science &amp; Nature,An atom contains a nucleus.,True,['False']
multiple,hard,Entertainment: Video Games,"According to Toby Fox, what was the method to creating the initial tune for Megalovania?",Singing into a Microphone,"['Playing a Piano', 'Using a Composer Software', 'Listened to birds at the park']"
boolean,easy,Entertainment: Film,"In the original Star Wars: A New Hope, Han Solo is the first to shoot his blaster in a conversation with Greedo.",True,['False']
multiple,medium,Entertainment: Comics,"In Calvin and Hobbes, what is the name of the principal at Calvin&#039;s school?",Mr. Spittle,"['Mr. Boreman', 'Mr. Spitling', 'Mr. Moe']"
multiple,medium,Entertainment: Video Games,How many normal endings are there in Cry Of Fear&#039;s campaign mode?,4,"['5', '3', '6']"
multiple,medium,Entertainment: Film,What is the birth name of Michael Caine?,Maurice Micklewhite,"['Morris Coleman', 'Carl Myers', 'Martin Michaels']"
multiple,medium,Entertainment: Japanese Anime &amp; Manga,Which of the following anime of the mecha genre began airing in 1982?,The Super Dimension Fortress Macross,"['Mobile Suit Gundam', 'Armored Trooper VOTOMS', 'Neon Genesis Evangelion']"
multiple,hard,Science: Computers,What internet protocol was documented in RFC 1459?,IRC,"['HTTP', 'HTTPS', 'FTP']"
multiple,medium,Celebrities,How old was Muhammad Ali when he died?,74,"['61', 'He&#039;s still alive', '56']"
multiple,medium,Vehicles,Enzo Ferrari was originally an auto racer for what manufacturer before founding his own car company?,Alfa Romeo,"['Auto Union', 'Mercedes Benz', 'Bentley']"
multiple,easy,Entertainment: Music,Whose signature guitar technique is called the &quot;windmill&quot;?,Pete Townshend,"['Jimmy Page', 'Eddie Van Halen', 'Jimi Hendrix']"
multiple,medium,Entertainment: Music,"Who wrote the musical composition, &quot;Rhapsody In Blue&quot;?",George Gershwin,"['Irving Berlin', 'Duke Ellington', 'Johnny Mandel']"
boolean,easy,General Knowledge,You can legally drink alcohol while driving in Mississippi.,True,['False']
multiple,medium,Entertainment: Video Games,"In the Mario series, which game introduced Mario&#039;s Backflip ability?",Donkey Kong (Gameboy),"['Super Mario 64', 'Super Mario 3D Land', 'Super Mario Galaxy']"
boolean,easy,General Knowledge,Video streaming website YouTube was purchased in it&#039;s entirety by Facebook for US$1.65 billion in stock.,False,['True']
boolean,medium,Entertainment: Film,The Xenomorph from the science fiction film &quot;Alien&quot; has acidic blood.,True,['False']
multiple,easy,Entertainment: Film,"In Avengers: Infinity War, the Reality Stone (aka the Aether) was kept under safe possession by who?",The Collector,"['Doctor Strange', 'The Grandmaster', 'Scarlet Witch']"
multiple,easy,History,"Where did first known lesbian rights organization in the United States, Daughters of Bilitis, start?",San Francisco,"['New York', 'Chicago', 'Los Angeles']"
multiple,hard,Sports,What is &ldquo;The Sport of Kings&rdquo;?,Horse Racing,"['Chess', 'Jousting', 'Fencing']"
multiple,hard,Entertainment: Video Games,How many voice channels does the Nintendo Entertainment System support natively?,5,"['4', '6', '3']"
multiple,medium,Science &amp; Nature,"In Chemistry, how many isomers does Butanol (C4H9OH) have?",4,"['3', '5', '6']"
multiple,hard,Entertainment: Video Games,"In &quot;The Witness&quot;, how many lasers must be activated to get into the mountain area?",7,"['8', '5', '12']"
multiple,easy,Entertainment: Film,"In the 1992 film &quot;Army of Darkness&quot;, what name does Ash give to his double-barreled shotgun?",Boomstick,"['Bloomstick', 'Blastbranch', '2-Pump Chump']"
multiple,hard,Entertainment: Musicals &amp; Theatres,Which of these plays was famously first performed posthumously after the playwright committed suicide?,4.48 Psychosis,"['Hamilton', 'Much Ado About Nothing', 'The Birthday Party']"
multiple,medium,Science &amp; Nature,Tetsuya Fujita was a scientist that developed the scale for which natural disaster?,Tornadoes,"['Hurricanes', 'Earthquakes', 'Volcanoes']"
multiple,easy,Sports,Which team has won the most Stanley Cups in the NHL?,Montreal Canadians,"['Chicago Blackhawks', 'Toronto Maple Leafs', 'Detroit Red Wings']"
multiple,medium,Entertainment: Board Games,Who is the main character in the VHS tape included in the board game Nightmare?,The Gatekeeper,"['The Kryptkeeper', 'The Monster', 'The Nightmare']"
multiple,hard,Entertainment: Video Games,What was the first &quot;Call Of Duty: Zombies&quot; map to be directed by Jason Blundell?,Mob Of The Dead,"['Buried', 'Origins', 'Moon']"
multiple,easy,Entertainment: Board Games,What is the maximum level you can have in a single class in Dungeons and Dragons (5e)?,20,"['30', '15', '25']"
multiple,easy,General Knowledge,What is the largest living species of penguin?,Emperor,"['King', 'Gentoo', 'Adele']"
multiple,hard,Entertainment: Video Games,What video game company developed the 2004 racing game &quot;Burnout 3: Takedown&quot;?,Criterion Games,"['EA Black Box', 'Codemasters', 'Rockstar Games']"
multiple,medium,Science &amp; Nature,What is Hypernatremia?,Increase in blood sodium,"['Decrease in blood potassium', 'Increase in blood glucose', 'Decrease in blood iron']"
multiple,hard,Entertainment: Video Games,&quot;Gimmick!&quot; is a Japanese Famicom game that uses a sound chip expansion in the cartridge. What is it called?,FME-7,"['VRC7', 'VRC6', 'MMC5']"
multiple,medium,Entertainment: Video Games,"In the &quot;Pikmin&quot; series, what is the only pikmin type to possess visible ears?",Yellow,"['Red', 'White', 'Winged']"
multiple,medium,Entertainment: Video Games,"In the co-op shooter Payday 2, which contact helps you break out Hoxton?",The Dentist,"['Vlad', 'The Elephant', 'The Butcher']"
multiple,hard,Art,Who painted &quot;American Gothic&quot;?,Grant Wood,"['Anita Malfatti', 'Pablo Picasso', 'Marc Chagall']"
multiple,medium,Entertainment: Video Games,"In Star Wars: Republic Commando (2005), what is the name of the squad that you play as?",Delta Squad,"['Omega Squad', 'Echo Squad', 'Alpha Squad']"
multiple,easy,Entertainment: Video Games,Which of the following is NOT a Nintendo game console?,Dreamcast,"['SNES', 'Wii', 'Switch']"
multiple,easy,Science &amp; Nature,Which is the most abundant element in the universe?,Hydrogen,"['Helium', 'Lithium', 'Oxygen']"
multiple,medium,Entertainment: Video Games,In what year was the original Sonic the Hedgehog game released?,1991,"['1989', '1993', '1995']"
multiple,medium,Geography,Which English county will you find the University of East Anglia?,Norfolk,"['Suffolk', 'Essex', 'Cambridgeshire']"
multiple,hard,Sports,Who scored the injury time winning goal in the 1999 UEFA Champions League final between Manchester United and Bayern Munich?,Ole Gunnar Solskj&aelig;r,"['Dwight Yorke', 'Andy Cole', 'David Beckham']"
multiple,medium,General Knowledge,What is the Italian word for &quot;tomato&quot;?,Pomodoro,"['Aglio', 'Cipolla', 'Peperoncino']"
multiple,easy,Geography,Which country is the home of the largest Japanese population outside of Japan?,Brazil,"['China', 'Russia', 'The United States']"
multiple,hard,Entertainment: Television,What was the callsign of Commander William Adama in Battlestar Galactica (2004)?,Husker,"['Starbuck', 'Apollo', 'Crashdown']"
multiple,easy,Sports,"This Canadian television sportscaster is known for his &quot;Hockey Night in Canada&quot; role, a commentary show during hockey games.",Don Cherry,"['Don McKellar', 'Don Taylor ', 'Donald Sutherland']"
multiple,medium,Entertainment: Music,What is rapper Drake&#039;s real name?,Aubrey Graham,"['Shaun Carter', 'Dwayne Carter', 'Andre Young']"
multiple,medium,Entertainment: Video Games,"In the Fallout: New Vegas add-on Honest Hearts, what is the name of Joshua Graham&#039;s personal .45 pistol?",A Light Shining in Darkness,"['Requiem', 'Maria', 'Recompense of the Fallen']"
multiple,medium,Entertainment: Japanese Anime &amp; Manga,Ikki Kurogane is known by what nickname at the beginning of &quot;Chivalry of a Failed Knight&quot;?,Worst One,"['Another One', 'Blazer', 'Princess']"
multiple,hard,Geography,The Andaman and Nicobar Islands in South East Asia are controlled by which country?,India,"['Vietnam', 'Thailand', 'Indonesia']"
multiple,easy,Entertainment: Film,Which of these actors does NOT appear in the 1998 movie &quot;Saving Private Ryan&quot;?,Ralph Fiennes,"['Tom Hanks', 'Vin Diesel', 'Matt Damon']"
multiple,medium,Entertainment: Film,How much money did the 2019 Marvel movie &quot;Avengers: Endgame&quot; gross for it&#039;s record-breaking worldwide opening weekend?,1.2 billion USD,"['640 million USD', '456 million USD', '392 million USD']"
multiple,medium,History,What was the name of the chemical that was dropped on Vietnam during the Vietnam war?,Agent Orange,"['Phosgene', 'Mustard Gas', 'Hydrogen Cyanide']"
multiple,easy,Geography,What is the capital of Denmark?,Copenhagen,"['Aarhus', 'Odense', 'Aalborg']"
boolean,easy,Entertainment: Comics,Deadpool&#039;s identity is Slade Wilson.,False,['True']
multiple,easy,Sports,Who did Steven Gerrard win the Champions League with?,Liverpool,"['Real Madrid', 'Chelsea', 'Man City']"
multiple,easy,Entertainment: Comics,The main six year old protagonist in Calvin and Hobbes is named after what theologian?,John Calvin,"['Calvin Klein', 'Calvin Coolidge', 'Phillip Calvin McGraw']"
multiple,medium,Entertainment: Music,Who had a 1973 hit with the song &#039;Hocus Pocus&#039;?,Focus,"['Pilot', 'Rush', 'AC/DC']"
boolean,hard,Entertainment: Japanese Anime &amp; Manga,The character Plum from &quot;No Game No Life&quot; is a girl.,False,['True']
boolean,medium,Entertainment: Video Games,Minecraft wasn&rsquo;t the original name to Minecraft.,True,['False']
multiple,medium,Entertainment: Film,Who was the director of &quot;Scott Pilgrim vs. the World (2010)&quot;?,Edgar Wright,"['Phil Lord', 'Chris Miller', 'Seth Rogan']"
multiple,hard,History,How long did the Warsaw Uprising during World War II last?,63 Days,"['20 Days', '55 Days', '224 Days']"
multiple,hard,General Knowledge,Which of these anatomical terms refers to the tail end of the creature?,Caudal,"['Ventral', 'Proximal', 'Coronal']"
multiple,hard,Entertainment: Video Games,Which of these characters from Final Fantasy VIII primarily spoke in one word sentences?,Fujin,"['Raijin', 'Seifer', 'Zell']"
multiple,medium,Geography,What was the most populous city in the Americas in 2015?,S&atilde;o Paulo,"['New York', 'Mexico City', 'Los Angeles']"
multiple,medium,Science: Mathematics,At what temperature does temp in &deg;C equal temp in &deg;F?,-40,"['+40', '0', '+100']"
multiple,medium,Science &amp; Nature,What is the colour of unoxidized blood?,Red,"['Blue', 'Purple', 'Green']"
multiple,easy,Geography,What is the capital of Bangladesh?,Dhaka,"['Khulna', 'London', 'Lahore']"
multiple,medium,Entertainment: Video Games,Which of the following has Jennifer Taylor NOT voiced?,Sarah Kerrigan,"['Princess Peach', 'Zoey', 'Cortana']"
multiple,medium,Entertainment: Music,What was the name of Pink Floyd&#039;s first studio album?,The Piper at the Gates of Dawn,"['Ummagumma', 'More', 'Atom Heart Mother']"
multiple,medium,Entertainment: Video Games,In which location does Dark Sun Gwyndolin reside in &quot;Dark Souls&quot;?,Anor Londo,"['Firelink Shrine', 'Blighttown', 'Kiln of the first flame']"
boolean,hard,Entertainment: Video Games,The retail disc of Tony Hawk&#039;s Pro Skater 5 only comes with the tutorial.,True,['False']
boolean,medium,Celebrities,Terry Gilliam is the only American member of the comedy troupe &quot;Monty Python.&quot;,True,['False']
multiple,hard,Science &amp; Nature,Coulrophobia is the irrational fear of what?,Clowns,"['Cemeteries', 'Needles', 'Tunnels']"
multiple,easy,Science: Computers,"Which company was established on April 1st, 1976 by Steve Jobs, Steve Wozniak and Ronald Wayne?",Apple,"['Microsoft', 'Atari', 'Commodore']"
boolean,easy,Entertainment: Video Games,"In Until Dawn, both characters Sam and Mike cannot be killed under any means until the final chapter of the game.",True,['False']
multiple,easy,Entertainment: Video Games,What was the Maximum Level in World of Warcraft: Battle for Azeroth?,120,"['100', '90', '150']"
multiple,medium,Entertainment: Television,&quot;The A Team&quot; first aired in the USA and in the UK in what year?,1983,"['1981', '1985', '1987']"
multiple,hard,Entertainment: Film,"Which one of these films did David Lynch direct, but not write?",The Straight Story,"['Inland Empire', 'Lost Highway', 'Twin Peaks Fire Walk With Me']"
multiple,easy,Sports,Which country hosted the 2018 FIFA World Cup?,Russia,"['Germany', 'United States', 'Saudi Arabia']"
boolean,hard,Entertainment: Video Games,Grand Theft Auto V is the fifteenth installment of the Grand Theft Auto series.,True,['False']
multiple,medium,Entertainment: Video Games,What is the name of the final boss in Turok: Dinosaur Hunter?,The Campaigner,"['The Primagen', 'Oblivion', 'Lord Tyrannus']"
multiple,medium,Geography,Which is the world&#039;s longest river?,Nile,"['Missouri', 'Amazon', 'Yangtze']"
multiple,medium,Entertainment: Japanese Anime &amp; Manga,On what date did the original &quot;Fruits Basket&quot; anime air in Japan?,"July 5th, 2001","['November 1st, 2006', 'December 27th, 2001', 'October 11th, 2001']"
multiple,medium,Entertainment: Video Games,Which of the following is not a prosecutor in the &quot;Ace Attorney&quot; video game series?,Jake Marshall,"['Godot', 'Miles Edgeworth', 'Jacques Portsman']"
multiple,medium,Science &amp; Nature,What part of the body produces insulin?,Pancreas,"['Kidney', 'Liver', 'Stomach']"
multiple,medium,Entertainment: Japanese Anime &amp; Manga,In the anime Assassination Classroom what is the class that Korosensei teaches?,Class 3-E,"['Class 3-A', 'Class 3-B', 'Class 3-D']"
boolean,medium,History,"&quot;I disapprove of what you say, but I will defend to the death your right to say it&quot; is a quote from French philosopher Voltaire.",False,['True']
multiple,medium,Entertainment: Film,What does TIE stand for in reference to the TIE Fighter in &quot;Star Wars&quot;?,Twin Ion Engine,"['Twin Iron Engine', 'Twin Intercepter Engine', 'Twin Inception Engine']"
multiple,hard,Entertainment: Music,What event inspired The Cranberries song &quot;Zombie&quot; ?,The Warrington Bombings,"['September 11 Attacks', 'The Manchester Arena Bombing', 'The July 7th bombings']"
multiple,hard,Entertainment: Comics,"In the &quot;Archie&quot; comics, who was Jughead&#039;s first girlfriend?",Joani,"['Ethel', 'Debbi', 'Margret']"
multiple,medium,Entertainment: Video Games,"In Touhou: Embodiment of Scarlet Devil, what song plays during Flandre Scarlet&#039;s boss fight?",U.N. Owen Was Her,"['Septette for the Dead Princess', 'Flowering Night', 'Pierrot of the Star-Spangled Banner']"
multiple,hard,Celebrities,The eccentric natural philosopher Tycho Brahe kept what as a pet?,Moose,"['Dog', 'Bear', 'Goat']"
multiple,easy,Entertainment: Music,Which classical composer wrote the &quot;Moonlight Sonata&quot;?,Ludvig Van Beethoven,"['Chief Keef', 'Wolfgang Amadeus Mozart', 'Johannes Brahms']"
boolean,easy,Science: Mathematics,An equilateral triangle always has every angle measuring 60&deg;.,True,['False']
multiple,hard,Entertainment: Video Games,"In the game Call of Duty, what is the last level where you play as an American soldier?",Festung Recogne,"['Ste. Mere-Eglise (Day)', 'Chateau', 'Brecourt']"
multiple,hard,History,When was the Gregorian Calendar first adopted?,1582,"['1623', '1501', '1555']"
multiple,hard,Science: Gadgets,Which of the following is used to measure blood pressure?,Sphygmomanometer,"['Barometer', 'Ruler', 'Haemoerythrometer']"
multiple,hard,Science: Computers,"According to DeMorgan&#039;s Theorem, the Boolean expression (AB)&#039; is equivalent to:",A&#039; + B&#039;,"['A&#039;B + B&#039;A', 'A&#039;B&#039;', 'AB&#039; + AB']"
multiple,medium,Entertainment: Music,"In August 1964, who introduced the Beatles to cannabis?",Bob Dylan,"['Jim Morrison', 'Brian Epstein', 'Jerry Garcia']"
multiple,hard,Science &amp; Nature,Which major extinction event was caused by an asteroid collision and eliminated the majority of non-avian dinosaurs?,Cretaceous-Paleogene,"['Triassic&ndash;Jurassic', 'Permian&ndash;Triassic', 'Ordovician&ndash;Silurian']"
multiple,easy,Animals,What is the name of a rabbit&#039;s abode?,Burrow,"['Nest', 'Den', 'Dray']"
multiple,hard,Entertainment: Comics,"In the Batman comics, by what other name is the villain Dr. Jonathan Crane known?",Scarecrow,"['Bane', 'Calendar Man', 'Clayface']"
multiple,hard,Entertainment: Music,Which year was the album &quot;Floral Shoppe&quot; by Macintosh Plus released?,2011,"['2014', '2013', '2012']"
multiple,medium,Geography,Which Oceanian nation is known in Māori as Aotearoa?,New Zealand,"['Australia', 'Solomon Islands', 'New Caledonia']"
boolean,hard,Science: Computers,DHCP stands for Dynamic Host Configuration Port.,False,['True']
multiple,hard,Entertainment: Television,Which actor from The Young Ones also played Lord Flashheart in one episode of Blackadder II?,Rik Mayall,"['Adrian Edmondson', 'Nigel Planer', 'Christopher Ryan']"
multiple,hard,General Knowledge,"If someone said &quot;you are olid&quot;, what would they mean?",You smell extremely unpleasant.,"['You are out of shape/weak.', 'Your appearance is repulsive.', 'You are incomprehensible/an idiot.']"
multiple,medium,History,Who tutored Alexander the Great?,Aristotle,"['Socrates', 'Plato', 'King Philip']"
multiple,hard,Entertainment: Video Games,When was the first &quot;Half-Life&quot; released?,1998,"['2004', '1999', '1997']"
multiple,hard,Entertainment: Video Games,"In the Team Fortress 2 canon, what did Shakespearicles NOT invent?",Stairs,"['Two-Story Building', 'Rocket Launcher', 'Stage Play']"
multiple,medium,Entertainment: Video Games,Which one of these games wasn&#039;t released in 2016?,Metal Gear Solid V,"['Tom Clancy&#039;s The Division', 'Killing Floor 2', 'Hitman']"
multiple,medium,Entertainment: Film,What was Marilyn Monroe`s character&#039;s first name in the film &quot;Some Like It Hot&quot;?,Sugar,"['Honey', 'Caramel', 'Candy']"
multiple,easy,Celebrities,Which celebrity announced his presidency in 2015?,Kanye West,"['Donald Trump', 'Leonardo DiCaprio', 'Miley Cyrus']"
multiple,medium,Entertainment: Film,What character in the Winnie the Pooh films was added by Disney and does not appear in the original books?,Gopher,"['Tigger', 'Heffalumps', 'Rabbit']"
boolean,easy,Science &amp; Nature,The shape of the Earth is a perfect sphere.,False,['True']
multiple,easy,Science: Computers,"In web design, what does CSS stand for?",Cascading Style Sheet,"['Counter Strike: Source', 'Corrective Style Sheet', 'Computer Style Sheet']"
boolean,easy,Entertainment: Video Games,"In Pok&eacute;mon Sun and Moon, a male Salandit can evolve to a Salazzle.",False,['True']
multiple,medium,Sports,What is the highest belt you can get in Taekwondo?,Black,"['White', 'Red', 'Green']"
multiple,hard,History,The first Legoland park was opened in 1968 in which of these cities?,"Billund, Denmark","['Carlsbad, California', 'Winter Haven, Florida', 'Nagoya, Japan']"
multiple,easy,Entertainment: Video Games,"In the &quot;Metal Gear Solid&quot; series, what&#039;s the name of Solid Snake&#039;s brother?",Liquid Snake,"['Kulus Snake', 'Billy Snake', 'Gilur Snake']"
multiple,medium,History,Which of the following years is commonly referred to as the &quot;Year Without a Summer&quot;?,1816,"['1823', '1813', '1808']"
multiple,hard,Science &amp; Nature,Folic acid is the synthetic form of which vitamin?,Vitamin B,"['Vitamin A', 'Vitamin C', 'Vitamin D']"
multiple,easy,General Knowledge,What do the letters in the GMT time zone stand for?,Greenwich Mean Time,"['Global Meridian Time', 'General Median Time', 'Glasgow Man Time']"
multiple,easy,Entertainment: Video Games,"In the &quot;Worms&quot; series of video games, which of these weapons is affected by wind?",Bazooka,"['Grenade', 'Air Strike', 'Mortar']"
multiple,easy,General Knowledge,What country does sushi &amp; karaoke come from?,Japan,"['China', 'South Korea', 'Vietnam']"
multiple,easy,General Knowledge,When someone is inexperienced they are said to be what color?,Green,"['Red', 'Blue', 'Yellow']"
boolean,hard,Science: Mathematics,"If you could fold a piece of paper in half 50 times, its&#039; thickness will be 3/4th the distance from the Earth to the Sun.",True,['False']
boolean,medium,Entertainment: Comics,"In the webcomic Homestuck, the first character introduced is Dave Strider.",False,['True']
multiple,hard,Mythology,"Talos, the mythical giant bronze man, was the protector of which island?",Crete,"['Sardinia', 'Sicily', 'Cyprus']"
multiple,medium,Entertainment: Television,"The first half-hour CGI cartoon, ReBoot, aired on which year?",1994,"['1993', '1998', '1999']"
multiple,easy,Politics,Whose 2016 presidential campaign slogan was &quot;Make America Great Again&quot;?,Donald Trump,"['Ted Cruz', 'Marco Rubio', 'Bernie Sanders']"
multiple,easy,Entertainment: Video Games,Which Mario spin-off game did Waluigi make his debut?,Mario Tennis,"['Mario Party 3', 'Mario Kart: Double Dash!!', 'Mario Golf: Toadstool Tour']"
multiple,easy,Entertainment: Television,"In Star Trek: The Next Generation, what is the name of Data&#039;s cat?",Spot,"['Mittens', 'Tom', 'Kitty']"
multiple,medium,Science: Gadgets,Mobile hardware and software company &quot;Blackberry Limited&quot; was founded in which country?,Canada,"['Norway', 'United States of America', 'United Kingdom']"
multiple,hard,Entertainment: Video Games,"In the &quot;Ace Attorney&quot; series, who was the truly responsible of the forging of the autopsy report of the pivotal IS-7 incident?",Bansai Ichiyanagi,"['Manfred Von Karma', 'Gregory Edgeworth', 'Tateyuki Shigaraki']"
multiple,medium,Entertainment: Music,"The 1952 musical composition 4&#039;33&quot;, composed by prolific American composer John Cage, is mainly comprised of what sound?",Silence,"['Farts', 'People talking', 'Cricket chirps']"
multiple,easy,General Knowledge,What technology is named after a tenth-century ruler of Denmark and Norway?,Bluetooth,"['Wi-Fi', 'GPS', 'Internet']"
multiple,hard,Geography,With which country does France share its largest land border,Brazil,"['Germany', 'Spain', 'Canada']"
multiple,easy,Entertainment: Video Games,What color is the iconic arcade character Q*Bert?,Orange,"['Blue', 'Green', 'Brown']"
multiple,hard,Entertainment: Television,The theme for the popular science fiction series &quot;Doctor Who&quot; was composed by who?,Ron Grainer,"['Murray Gold', 'Delia Derbyshire', 'Peter Howell']"
boolean,medium,Animals,The average lifespan of a wildcat is only around 5-6 years. ,False,['True']
multiple,medium,Entertainment: Music,Which member of &quot;The Beatles&quot; narrated episodes of &quot;Thomas the Tank Engine&quot;?,Ringo Starr,"['George Harrison', 'John Lennon', 'Paul McCartney']"
multiple,medium,Entertainment: Video Games,Which of the following characters were considered for inclusion in Super Smash Bros. Melee?,Lucas,"['Mega Man', 'Meta Knight', 'Diddy Kong']"
multiple,medium,Entertainment: Music,When did The Beatles release the LP &quot;Please Please Me&quot;?,1963,"['1970', '1960', '1969']"
multiple,easy,Entertainment: Music,Which of these is NOT the name of an album released by English singer-songwriter Adele?,12,"['19', '21', '25']"
multiple,medium,Science &amp; Nature,What is the half-life of Uranium-235?,"703,800,000 years","['4,300,400,000 years', '1,260,900,000 years', 'Uranium-235 is a stable isotope']"
multiple,easy,Entertainment: Cartoon &amp; Animations,What is the name of the city that The Flintstones is based in?,Bedrock,"['Stoneville', 'Rockhampton', 'Boulder City']"
boolean,medium,Entertainment: Video Games,"In &quot;Resident Evil&quot;, only Chris has access to the grenade launcher.",False,['True']
multiple,medium,Science: Computers,What was the name of the image that features as the default background wallpaper for Windows XP?,Bliss,"['Azul', 'Red moon desert', 'Tulips']"
multiple,hard,Entertainment: Video Games,Which souls game was not directed by Hidetaka Miyazaki?,Dark Souls 2,"['Demon Souls', 'Dark Souls', 'Dark Souls 3']"
boolean,easy,Entertainment: Video Games,"In Resident Evil 4, the Chicago Typewriter has infinite ammo.",True,['False']
multiple,easy,Entertainment: Video Games,&quot;Minecraft&quot; was released from beta in 2011 during a convention held in which city?,Las Vegas,"['Paris', 'Bellevue', 'London']"
multiple,hard,Entertainment: Japanese Anime &amp; Manga,Akatsuki&#039;s subclass in &quot;Log Horizon&quot; is what?, Tracker,"['Assassin', 'Scribe', 'Apprentice']"
multiple,medium,Entertainment: Japanese Anime &amp; Manga,What was the reason for the banning of episode 35 of the &quot;Pok&eacute;mon Original Series&quot; Anime?,Gun Usage,"['Flashing Images', 'Jynx', 'Strong Violence']"
multiple,hard,Science &amp; Nature,Which horizon in a soil profile consists of bedrock?,R,"['O', 'B', 'D']"
multiple,easy,Science &amp; Nature,How many planets are in our Solar System?,Eight,"['Nine', 'Seven', 'Ten']"
multiple,hard,Geography,Which of these cities is NOT in England?,Edinburgh,"['Oxford', 'Manchester', 'Southampton']"
multiple,easy,Entertainment: Video Games,Which of the following was a map that was in Team Fortress 2 at launch?,Gravel Pit,"['Hoodoo', 'Gold Rush', 'Upward']"
multiple,medium,Science &amp; Nature,Which one of these scientists conducted the Gold Foil Experiment which concluded that atoms are mostly made of empty space?,Ernest Rutherford,"['Joseph John Thomson', 'Archimedes', 'Niels Henrik David Bohr']"
multiple,medium,Entertainment: Music,The letters in the name of the band &quot;TWRP&quot; stand for what?,Tupperware Remix Party,"['Totally Wicked Robot Performers', 'Team Wild and the Radio Pirates', 'Taiwan Roleplay']"
multiple,medium,Science: Gadgets,What is the &quot;Mitsubishi Wakamaru&quot;?,A robot,"['A pickup truck', 'An motorcycle', 'A motorboat']"
boolean,easy,Entertainment: Video Games,"In the &quot;Half-Life&quot; series, &quot;H.E.V&quot; stands for &quot;Hazardous Evasiveness Vest&quot;",False,['True']
multiple,hard,History,What did the first vending machines in the early 1880&#039;s dispense?,Post cards,"['Alcohol', 'Cigarettes', 'Sodas ']"
multiple,easy,Entertainment: Books,What was Sir Handel&#039;s original name in &quot;The Railway Series&quot; and it&#039;s animated counterpart &quot;Thomas and Friends?&quot;,Falcon,"['Eagle', 'Kyte', 'Swallow']"
multiple,easy,Geography,What is the capital of Finland?,Helsinki,"['Jabraltar', 'Macedonia', 'Oslo']"
multiple,easy,Vehicles,What country was the Trabant 601 manufactured in?,East Germany,"['Soviet Union', 'Hungary', 'France']"
multiple,medium,Geography,What is the capital city of Slovenia?,Ljubljana,"['Maribor', 'Velenje', 'Trbovlje']"
multiple,medium,Entertainment: Video Games,"In vanilla Minecraft, you can make armor out of all BUT which of the following?",Emeralds,"['Diamonds', 'Iron', 'Leather']"
multiple,medium,Science &amp; Nature,Which of these elements on the Periodic Table is a Noble Gas?,Neon,"['Potassium', 'Iodine', 'Colbalt']"
multiple,hard,History,The Arab Spring was a series of protests and rebellions that began in which of these Arab nations?,Tunisia,"['Morocco', 'Syria', 'Egypt']"
multiple,medium,Entertainment: Film,What is Lilo&#039;s last name from Lilo and Stitch?,Pelekai,"['Anoaʻi', 'Kealoha', 'Kuʻulei']"
multiple,hard,Entertainment: Television,What was the UK &quot;Who Wants to be a Millionaire?&quot; cheating scandal known as?,Major Fraud,"['Ingram Cheater', 'Coughing Major', 'Millionaire Crime']"
boolean,easy,Entertainment: Video Games,The protagonist of Dead Rising 3 is called Chuck Greene.,False,['True']
multiple,medium,Entertainment: Film,Which of these movies is NOT considered to be part of the Marvel Cinematic Universe?,Fantastic Four (2015),"[' Spider-Man: Homecoming (2017)', 'The Incredible Hulk (2008)', 'Captain Marvel (2019)']"
multiple,easy,Entertainment: Video Games,What game mode was not in the original &quot;Wii Sports&quot;?,Table Tennis,"['Boxing', 'Baseball', 'Bowling']"
multiple,hard,Politics,Which of these was an official candidate in the 2017 British General Election?,Lord Buckethead,"['James Francis', 'Robert Wimbledon', 'Sir Crumpetsby']"
multiple,easy,Entertainment: Video Games,The starting pistol of the Terrorist team in a competitive match of Counter Strike: Global Offensive is what?,Glock-18,"['Tec-9', 'Desert Eagle', 'Dual Berretas']"
multiple,hard,Sports,Etihad Stadium is the home stadium for which team?,Manchester City,"['Manchester United', 'Arsenal', 'Blackpool']"
multiple,medium,History,When did the British hand-over sovereignty of Hong Kong back to China?,1997,"['1999', '1841', '1900']"
multiple,hard,Entertainment: Japanese Anime &amp; Manga,Which animation studio produced &quot;Sword Art Online&quot;?,A-1 Pictures,"['Production I.G', 'Silver Link', 'Kyoto Animation']"
multiple,hard,Sports,Which female player won the gold medal of table tennis singles in 2016 Olympics Games?,DING Ning (China),"['LI Xiaoxia (China)', 'Ai FUKUHARA (Japan)', 'Song KIM (North Korea)']"
multiple,easy,Entertainment: Film,Which actor plays Obi-Wan Kenobi in Star Wars Episodes I-III?,Ewan McGregor,"['Alec Guinness', 'Hayden Christensen', 'Liam Neeson']"
multiple,medium,Entertainment: Music,"Who is the founder and leader of industrial rock band, &#039;Nine Inch Nails&#039;?",Trent Reznor,"['Marilyn Manson', 'Robin Finck', 'Josh Homme']"
boolean,hard,Entertainment: Comics,"In the comic book &quot;Archie&quot;, Betty is friends with Veronica because she is rich.",False,['True']
boolean,medium,Science &amp; Nature,The Doppler effect applies to light.,True,['False']
multiple,easy,Entertainment: Film,"This movie contains the quote, &quot;Nobody puts Baby in a corner.&quot;",Dirty Dancing,"['Three Men and a Baby', 'Ferris Bueller&#039;s Day Off', 'Pretty in Pink']"
multiple,hard,Science: Computers,"Australia, Japan, and Southeast Asia are in which ITU Region?",Region 3,"['Region 1', 'Region 2', 'Region 4']"
multiple,hard,Geography,"What is the most common climbing route for the second highest mountain in the world, K2?",Abruzzi Spur,"['Magic Line', 'Cesen Route', 'Polish Line']"
multiple,medium,Sports,Who was the top scorer of the 2014 FIFA World Cup?,James Rodr&iacute;guez,"['Thomas M&uuml;ller', 'Lionel Messi', 'Neymar']"
multiple,easy,Entertainment: Musicals &amp; Theatres,Who wrote the musical &quot;Hamilton&quot;?,Lin-Manuel Miranda,"['Andrew Lloyd Webber', 'Nell Benjamin', 'Tom Kitt']"
multiple,medium,Entertainment: Books,What book series published by Jim Butcher follows a wizard in modern day Chicago?,The Dresden Files,"['A Hat in Time', 'The Cinder Spires', 'My Life as a Teenage Wizard']"
multiple,hard,Science: Mathematics,What is the smallest number that can be expressed as the sum of two positive cubes in two different ways?,1729,"['91', '561', '4104']"
multiple,medium,History,Which of the following is NOT classified as a Semetic language?,Sumerian,"['Maltese', 'Akkadian', 'Mandaic']"
multiple,medium,Entertainment: Television,What is the name of the main antagonists in Battlestar Galactica?,The Cylons,"['The Collective', 'The Federation', 'The Rebels']"
multiple,easy,Entertainment: Video Games,"In vanilla Minecraft, which of the following cannot be made into a block?",Charcoal,"['Coal', 'Wheat', 'String']"
boolean,medium,Sports,"The first episode of WWF Monday Night RAW aired on January 11, 1990.",False,['True']
multiple,hard,Vehicles,What year did the Chevrolet LUV mini truck make its debut?,1972,"['1982', '1975', '1973']"
multiple,medium,Entertainment: Video Games,"Which stage was planned to be a part of &quot;Sonic the Hedgehog 2&quot;, but was scrapped during development?",Genocide City Zone,"['Stardust Speedway Zone', 'Sky High Zone ', 'Clockwork Zone']"
boolean,easy,Science &amp; Nature,"Water always boils at 100&deg;C, 212&deg;F, 373.15K, no matter where you are.",False,['True']
multiple,medium,Entertainment: Music,Which one of these rappers is NOT a member of the rap group Wu-Tang Clan?,Dr.Dre,"['Ol&#039; Dirty Bastard', 'GZA', 'Method Man']"
multiple,medium,Entertainment: Video Games,By how many minutes are you late to work in &quot;Half-Life&quot;?,30,"['5', '60', '15']"
multiple,easy,Geography,Which UK country features a dragon on their flag?,Wales,"['England', 'North Ireland', 'Scotland']"
multiple,hard,Art,What year was the Mona Lisa finished?,1504,"['1487', '1523', '1511']"
multiple,medium,Entertainment: Film,Who played the Cenobite called &quot;Pinhead&quot; in the original Hellraiser films?,Doug Bradley,"['Doug Jones', 'Doug Savant', 'Doug Benson']"
multiple,medium,Science &amp; Nature,What is the scientific term for &#039;taste&#039;?,Gustatory Perception,"['Olfaction', 'Somatosensation', 'Auditory Perception']"
boolean,hard,Vehicles,There is a Rolls-Royce model called the &#039;Spectre&#039;,False,['True']
multiple,medium,Animals,What is the collective noun for bears?,Sloth,"['Drove', 'Tribe', 'Husk']"
boolean,easy,Science &amp; Nature,Great Whites sometimes perform the bump-and-bite attack (a test bite) on victims.,True,['False']
multiple,medium,Entertainment: Music,"What genre of EDM is the Dutch DJ, musician, and remixer Armin van Buuren most well-known for?",Trance,"['House', 'Drum and Bass', 'Dubstep']"
multiple,medium,Art,Which Greek sculptor designed the Athena Parthenos statue inside the Parthenon?,Phidias,"['Scopas', 'Hesiod', 'Praxiteles']"
multiple,easy,Entertainment: Video Games,"In the survival horror game, &quot;Cry of Fear,&quot; what was the name of Simon&#039;s close friend/potential love interest?",Sophie,"['Olivia', 'Jessica', 'Alice']"
multiple,medium,Geography,How many time zones are in Russia?,11,"['8', '5', '2']"
multiple,medium,Entertainment: Video Games,In the &quot;Neptunia&quot; series which nation does Neptune rule over?,Planeptune,"['Lastation', 'Leanbox', 'Lowee']"
multiple,easy,Sports,"Which player holds the NHL record of 2,857 points?",Wayne Gretzky,"['Mario Lemieux ', 'Sidney Crosby', 'Gordie Howe']"
multiple,medium,Entertainment: Music,When did Tame Impala release their second album?,2012,"['2015', '2010', '1967']"
multiple,easy,Entertainment: Video Games,"In the game Half-Life, which enemy is showcased as the final boss?",The Nihilanth,"['Dr. Wallace Breen', 'G-Man', 'The Gonarch']"
multiple,easy,Geography,About how many countries are there in the world?,200,"['100', '300', '500']"
multiple,hard,Entertainment: Music,When did the rapper Eazy-E die?,"March 26, 1995","['July 11, 1992', 'February 14, 1993', 'October 21, 1994']"
multiple,hard,History,The Battle of Hastings was fought in which year?,1066,"['911', '1204', '1420']"
multiple,hard,Entertainment: Video Games,"Meryl Silverburgh, a video game character from the Metal Gear series, was originally a character in which game?",Policenauts,"['Gradius', 'Contra', 'Castlevania: Symphony of the Night']"
multiple,medium,Entertainment: Music,What is the relationship between the band members of American rock band King of Leon?,Brothers &amp; cousins,"['Childhood friends', 'Former classmates', 'Fraternity house members']"
multiple,hard,Entertainment: Board Games,Which ability from the &quot;Magic: The Gathering&quot; Scars of Mirrodin expansion involves having at least three artifacts in play?,Metalcraft,"['Affinity', 'Imprint', 'Living Weapon']"
multiple,medium,Entertainment: Video Games,How much does the &#039;AWP&#039; cost in Counter-Strike: Global Offensive?,$4750,"['$4500', '$4650', '$5000']"
multiple,hard,Entertainment: Video Games,"In the alternate timeline in Mortal Kombat, which character was the one to slaughter the Shirai Ryu clan?",Quan Chi,"['Sub-Zero', 'Sektor', 'Shang Tsung']"
multiple,hard,Science: Computers,What is the name given to layer 4 of the Open Systems Interconnection (ISO) model?,Transport,"['Session', 'Data link', 'Network']"
multiple,medium,General Knowledge,What year was the first Apple iPod introduced?,2001,"['2000', '1999', '1998']"
multiple,hard,Art,What French sculptor designed the Statue of Liberty? ,Fr&eacute;d&eacute;ric Auguste Bartholdi,"['Jean-L&eacute;on G&eacute;r&ocirc;me', 'Auguste Rodin', 'Henri Matisse']"
multiple,medium,Art,Who painted the painting &quot;Nighthawks&quot;?,Edward Hopper,"['Johannes Vermeer', 'Vincent van Gogh', 'Salvador Dali']"
multiple,medium,Entertainment: Television,In the show &quot;The Office&quot; who does Michael Scott eventually end up with?,Holly Flax,"['Angela Martin', 'Jan Levinson', 'Pam Beesly']"
multiple,hard,History,When did the French Revolution begin?,1789,"['1823', '1756', '1799']"
multiple,easy,Entertainment: Video Games,"In Spyro the Dragon, what is Spyro&#039;s dragonfly friend called?",Sparx,"['Sam', 'Sparky', 'Spinkles']"
multiple,medium,History,When did the Battle of the Bulge end?,"January 25, 1945","['August 6, 1945', 'December 7, 1941', 'December 16, 1944']"
multiple,easy,Entertainment: Video Games,What is the name of the game developer who created &quot;Call Of Duty: Zombies&quot;?,Treyarch,"['Sledgehammer Games', 'Infinity Ward', 'Naughty Dog']"
multiple,hard,General Knowledge,Which of the following chemicals are found in eggplant seeds?,Nicotine,"['Mescaline', 'Cyanide', 'Psilocybin']"
boolean,easy,Entertainment: Japanese Anime &amp; Manga,"In Chobits, Hideki found Chii in his apartment.",False,['True']
multiple,hard,Entertainment: Video Games,Which of these weapon classes DO NOT appear in the first Monster Hunter game?,Bow ,"['Hammer', 'Heavy Bowgun', 'Light Bowgun']"
multiple,hard,Entertainment: Video Games,In the National Pokedex what number is Porygon-Z?,474,"['376', '432', '589']"
multiple,hard,Science &amp; Nature,What is the name for the auditory illusion of a note that seems to be rising infinitely?,Shepard Tone,"['Glissandro Illusion', 'Fransen Effect', 'McGurck Effect']"
boolean,medium,Sports,Formula E is an auto racing series that uses hybrid electric race cars.,False,['True']
multiple,hard,General Knowledge,What is the romanized Korean word for &quot;heart&quot;?,Simjang,"['Aejeong', 'Jeongsin', 'Segseu']"
multiple,medium,Entertainment: Video Games,In which U.S. state is Far Cry 5&#039;s fictional setting &#039;Hope County&#039; located?,Montana,"['Idaho', 'Wyoming', 'North Carolina']"
boolean,easy,Celebrities,Tupac Shakur died due to complications from being stabbed in 1996.,False,['True']
multiple,hard,Science &amp; Nature,How long is a light-year?,9.461 Trillion Kilometres,"['1 AU', '105.40 Earth-years', '501.2 Million Miles']"
multiple,hard,Geography,Ouagadougou is the capital of which African country?,Burkina Faso,"['Central African Republic', 'Senegal', 'Zambia']"
multiple,medium,Entertainment: Music,La Fenice opera house is in which Italian city?,Venice,"['Milan', 'Rome', 'Pompeii']"
boolean,medium,Science &amp; Nature,Steel is an alloy of Iron and Carbon.,True,['False']
multiple,easy,General Knowledge,Who is considered the &quot;Father of Modern Philosophy&quot;?,Ren&eacute; Descartes,"['Plato', 'Albert Einstein', 'Antoine Lavoiser']"
multiple,easy,General Knowledge,What do the letters of the fast food chain KFC stand for?,Kentucky Fried Chicken,"['Kentucky Fresh Cheese', 'Kibbled Freaky Cow', 'Kiwi Food Cut']"
multiple,easy,Entertainment: Video Games,"In the game &quot;Overwatch,&quot; what are the names of the two Australian criminals from the Junkers faction?",Junkrat and Roadhog,"['Roadrat and Junkhog', 'Ana and Pharah', 'McCree and Deadeye']"
multiple,medium,Science &amp; Nature,What is the unit of electrical capacitance?,Farad,"['Gauss', 'Henry', 'Watt']"
multiple,medium,Entertainment: Books,The book &quot;The Little Prince&quot; was written by...,Antoine de Saint-Exup&eacute;ry,"['Miguel de Cervantes Saavedra', 'Jane Austen', 'F. Scott Fitzgerald']"
multiple,medium,Entertainment: Film,This trope refers to minor characters that are killed off to show how a monster works.,Red Shirt,"['Minions', 'Expendables', 'Cannon Fodder']"
boolean,hard,Entertainment: Japanese Anime &amp; Manga,Druid is a mage class in &quot;Log Horizon&quot;.,False,['True']
boolean,hard,Entertainment: Board Games,The board game Go has more possible legal positions than the number of atoms in the visible universe.,True,['False']
multiple,easy,Entertainment: Music,"Who had a 1969 top 5 hit with the song,  &#039;A Boy Named Sue&#039;?",Johnny Cash,"['Bob Dylan', 'Willie Nelson', 'Kris Kristofferson']"
multiple,hard,Geography,Santorini is an island belonging to what European Country?,Greece,"['Italy', 'Spain', 'Turkey']"
multiple,easy,Entertainment: Video Games,How many playable characters are there in Yakuza 5?,5,"['2', '3', '1']"
multiple,medium,Science: Computers,Moore&#039;s law originally stated that the number of transistors on a microprocessor chip would double every...,Year,"['Four Years', 'Two Years', 'Eight Years']"
multiple,easy,Animals,"Snakes and lizards are known to flick their tongue, this behavior is to?",Capture scent particles,"['Taste the sweet air', 'Threaten other species', 'Attract female mates']"
boolean,easy,Mythology,"In Norse mythology, Thor once dressed as a woman.",True,['False']
multiple,easy,Entertainment: Film,"In the movie &quot;V for Vendetta,&quot; what is the date that masked vigilante &quot;V&quot; urges people to remember?",November 5th,"['November 6th', 'November 4th', 'September 5th']"
multiple,medium,History,Who crowned Charlemagne as Holy Roman Emperor on Christmas Day in 800?,Pope Leo III,"['Pope Urban IV', 'Pope Stephen V', 'Pope Valentine']"
multiple,medium,History,When did Norway get its constitution?,1814,"['1932', '1905', '1854']"
multiple,easy,Entertainment: Film,Who directed &quot;E.T. the Extra-Terrestrial&quot; (1982)?,Steven Spielberg,"['Stanley Kubrick', 'James Cameron', 'Tim Burton']"
multiple,medium,Sports,How many French Open&#039;s did Bj&ouml;rn Borg win?,6,"['4', '9', '2']"
multiple,easy,Geography,In which ocean is the R&eacute;union island?,Indian Ocean,"['Atlantic Ocean', 'South Pacific Ocean', 'North Pacific Ocean']"
multiple,easy,Vehicles,Which of the following vehicles from Ford is named after a WW2 Fighter Plane?,Mustang,"['Explorer', 'Ranger', 'Galaxy']"
multiple,hard,Vehicles,Which car is the first mass-produced hybrid vehicle?,Toyota Prius,"['Chevrolet Volt', 'Honda Fit', 'Peugeot 308 R HYbrid']"
multiple,hard,History,"With which Greek philosopher would you associate the phrase, &quot;I know that I know nothing&quot;?",Socrates,"['Aristotle', 'Plato', 'Pythagoras']"
multiple,hard,Entertainment: Video Games,Which variant of the MP5 is depicted in Counter-Strike 1.6?,MP5N,"['MP5SD', 'MP5K', 'MP5RAS']"
boolean,medium,Entertainment: Video Games,"In Portal, the Companion Cube&#039;s ARE sentient.",True,['False']
multiple,easy,Geography,What is the official language in Liechtenstein?,German,"['French', 'English', 'Italian']"
multiple,hard,Entertainment: Musicals &amp; Theatres,"In Macbeth, the eyes of what animals were used in the Witches&#039; cauldron?",Newts,"['Humans', 'Sharks', 'Squids']"
multiple,easy,Entertainment: Music,Which former boy-band star released hit solo single &quot;Angels&quot; in 1997?,Robbie Williams,"['Justin Timberlake', 'Harry Styles', 'Gary Barlow']"
multiple,medium,Entertainment: Television,Who was Firestorm&#039;s rival during the original run of UK Robot Wars?,Panic Attack,"['Razer', 'Chaos 2', 'Hypno Disc']"
multiple,hard,Geography,Which of the following landlocked countries is entirely contained within another country?,Lesotho,"['Burkina Faso', 'Mongolia', 'Luxembourg']"
boolean,medium,Science &amp; Nature,Shrimp can swim backwards.,True,['False']
multiple,medium,Entertainment: Television,"In the Doctor Who universe, how many times can a time lord normally regenerate?",12,"['11', '13', '15']"
multiple,easy,Entertainment: Board Games,"When was the board game Twister, released to the public?",April 1966,"['September 1965', 'January 1969', 'February 1966']"
multiple,easy,Entertainment: Cartoon &amp; Animations,Who is Winnie the Pooh&#039;s gloomy donkey friend?,Eeyore,"['Piglet', 'Tigger', 'Kanga']"
multiple,hard,Entertainment: Japanese Anime &amp; Manga,"Which person from &quot;JoJo&#039;s Bizarre Adventure&quot; does NOT house a reference to a band, artist, or song earlier than 1980?",Giorno Giovanna,"['Josuke Higashikata', 'Jolyne Cujoh', 'Johnny Joestar']"
multiple,easy,Entertainment: Music,Which Canadian reggae musician had a 1993 hit with the song &#039;Informer&#039;?,Snow,"['Rain', 'Hail', 'Sleet']"
boolean,easy,Entertainment: Video Games,"In &quot;Sonic Adventure&quot;, you are able to transform into Super Sonic at will after completing the main story.",False,['True']
multiple,medium,Entertainment: Video Games,Who is the half-demon character in Divinity: Original Sin 2 who you talk to to transition between acts?,Malady,"['Meister Siva', 'Gawin', 'Exter']"
multiple,medium,Entertainment: Music,Which British female singer and songwriter was sampled Eminem&#039;s hit single &#039;Stan&#039;?,Dido,"['Adele', 'Lily Allen', 'Leona Lewis']"
boolean,easy,Science: Gadgets,The iPhone 3G was the second iPhone generation.,True,['False']
multiple,easy,General Knowledge,What is H2O?,Water,"['Oxygen', 'Hydrogen', 'None']"
multiple,easy,Entertainment: Film,Who wrote and directed the 1986 film &#039;Platoon&#039;?,Oliver Stone,"['Francis Ford Coppola', 'Stanley Kubrick', 'Michael Cimino']"
multiple,medium,Entertainment: Music,"Which of these bands was a featuring artist in Compton rapper Kendrick Lamar&#039;s 2017 album, &quot;DAMN.&quot;?",U2,"['Radiohead', 'Coldplay', 'Bon Jovi']"
multiple,medium,Vehicles,Which of the following car models has been badge-engineered (rebadged) the most?,Isuzu Trooper,"['Holden Monaro', 'Suzuki Swift', 'Chevy Camaro']"
multiple,medium,Science &amp; Nature,What is the chemical symbol for lead?,Pb,"['Ld', 'Le', 'Pm']"
multiple,medium,Science: Mathematics,What type of function is x&sup2;+2x+1?,Quadratic,"['Rational', 'Linear', 'Exponential']"
multiple,hard,Animals,What scientific suborder does the family Hyaenidae belong to?,Feliformia,"['Haplorhini', 'Caniformia', 'Ciconiiformes']"
boolean,medium,Entertainment: Video Games,"In &quot;League of Legends&quot;, there exists four different types of Dragon.",False,['True']
multiple,easy,Entertainment: Books,Which classic book opens with the line &quot;Call me Ishmael&quot;?,Moby Dick,"['A Tale of Two Cities', 'Kidnapped', 'Wuthering Heights']"
multiple,medium,Entertainment: Video Games,The creator of the Touhou Project series is:,ZUN,"['SUN', 'RUN', 'PUN']"
multiple,medium,Science: Computers,What does AD stand for in relation to Windows Operating Systems? ,Active Directory,"['Alternative Drive', 'Automated Database', 'Active Department']"
multiple,hard,Mythology,"In Greek Mythology, who was the daughter of King Minos?",Ariadne,"['Athena', 'Ariel', 'Alana']"
multiple,medium,History,Who was the first emperor of Rome?,Augustus ,"['Julius Caesar', 'Pompey Magnus', 'Claudius']"
multiple,easy,Entertainment: Music,Which one of the following musical instruments is NOT a part of the Woodwind section?,Trumpet,"['Clarinet', 'Oboe', 'Alto Saxophone']"
multiple,easy,Science &amp; Nature,How many planets make up our Solar System?,8,"['7', '9', '6']"
multiple,medium,Entertainment: Video Games,"In Fallout: New Vegas, upon starting each one of the four campaign DLCs, which one of them does not have a warning screen/recommended level? ",Honest Hearts ,"['Old World Blues', 'Lonesome Road', 'Dead Money']"
multiple,hard,Entertainment: Books,"In the Magic: The Gathering universe,  the Antiquities, Ice Age, and Alliances expansions take place on which continent?",Terisiare,"['Aerona', 'Shiv', 'Jamuraa']"
multiple,medium,Entertainment: Books,Mary Shelley is the author of what classic horror story?,Frankenstein,"['Dracula', 'Strange Case of Dr Jekyll and Mr Hyde', 'The Legend of Sleepy Hollow']"
multiple,easy,Entertainment: Video Games,"In most FPS video games such as Counter-Strike, shooting which part of the body does the highest damage?",Head,"['Arm', 'Leg', 'Chest']"
multiple,hard,Entertainment: Books,"In Margaret Atwood&#039;s &quot;The Handmaid&#039;s Tale&quot;, what is Offred&#039;s real name is implied to be?",June,"['August', 'April', 'May']"
boolean,easy,History,Adolf Hitler was tried at the Nuremberg trials.,False,['True']
multiple,medium,Entertainment: Video Games,"In &quot;Call Of Duty: Zombies&quot;, which map introduced the perk &quot;PhD Flopper&quot;?",Ascension,"['Moon', 'Call Of The Dead', 'Die Rise']"
multiple,easy,Sports,What national team won the first UEFA Nations League?,Portugal,"['Netherlands', 'England', 'Switzerland']"
multiple,hard,Entertainment: Cartoon &amp; Animations,"Which cartoon family lives in 31 Spooner Street, Quahog, Rhode Island USA?",The Griffins,"['The Simpsons', 'The Jetsons', 'The Hills']"
multiple,medium,Entertainment: Video Games,What was the name of the protagonist of Metal Gear Solid V: The Phantom Pain?,Punished &quot;Venom&quot; Snake,"['Miller', 'Solid Snake', 'Ocelot']"
multiple,medium,Entertainment: Music,Which of these is not a song on the album Graduation by Kanye West?,Waves,"['I Wonder', 'Big Brother', 'The Glory']"
boolean,easy,Geography,"Until 1939, Laos was called Siam.",False,['True']
boolean,easy,Animals,Rabbits are carnivores.,False,['True']
boolean,medium,General Knowledge,The average woman is 5 inches / 13 centimeters shorter than the average man.,True,['False']
multiple,medium,Entertainment: Japanese Anime &amp; Manga,The heroine of &quot;Humanity Has Declined&quot; is a mediator between humans and what?,Fairies,"['Elves', 'The Earth', 'Animals']"
multiple,medium,Sports,Which basketball team has attended the most NBA grand finals?,Los Angeles Lakers,"['Boston Celtics', 'Philadelphia 76ers', 'Golden State Warriors']"
multiple,hard,Science: Mathematics,The notion of a &quot;set that contains all sets which do not contain themselves&quot; is a paradoxical idea attributed to which English philosopher?,Bertrand Russel,"['Francis Bacon', 'John Locke', 'Alfred North Whitehead']"
boolean,medium,General Knowledge,There are 86400 seconds in a day.,True,['False']
multiple,easy,Entertainment: Video Games,"In &quot;Xenoblade Chronicles 2&quot;, Which party member cannot use normal blades?",Tora,"['Rex', 'Zeke', 'Nia']"
multiple,hard,Entertainment: Film,Which singer is portrayed by Bruce Campbell in the 2002 film &#039;Bubba Ho-Tep&#039;?,Elvis Presley,"['Johnny Cash', 'Hank Williams, Sr.', 'Buddy Holly']"
multiple,hard,Entertainment: Film,What is the name of the assassin in the first &quot;Hellboy&quot; movie?,Karl Ruprecht Kroenen,"['Klaus Werner von Krupt', 'Grigori Efimovich Rasputin', 'Ilsa Haupstein']"
multiple,medium,Entertainment: Video Games,What name does the little headcrab in &quot;Half Life 2&quot; have?,Lamarr,"['Jumperr', 'Drett', 'Jerry']"
multiple,easy,Geography,What is the smallest country in the world?,Vatican City,"['Maldives', 'Monaco', 'Malta']"
multiple,hard,History,What was the real name of the Albanian national leader Skanderbeg?,Gjergj Kastrioti,"['Diturak Zhulati', 'Iskander Bejko', 'Mirash Krasniki']"
boolean,easy,Entertainment: Books,"The Harry Potter series of books, combined, are over 1,000,000 words in length.",True,['False']
multiple,hard,Entertainment: Board Games,Which card is on the cover of the Beta rulebook of &quot;Magic: The Gathering&quot;?,Bog Wraith,"['Island', 'Rock Hydra', 'Elvish Archers']"
multiple,easy,Geography,How many time zones does China have?,1,"['3', '4', '2']"
boolean,medium,Science &amp; Nature,Male pandas do handstands while urinating on trees. ,True,['False']
multiple,hard,Geography,What is special about Lake Titicaca?,Highest navigable lake,"['Longest lake in the world', 'Deepest lake in the world', 'Remains frozen all year round']"
multiple,medium,Entertainment: Television,"In the TV series &quot;Person of Interest&quot;, who plays the character &quot;Harold Finch&quot;?",Michael Emerson,"['Jim Caviezel', 'Taraji P. Henson', 'Kevin Chapman']"
multiple,hard,Science: Gadgets,Which round does a WW2 M1 Garand fire?,.30-06,"['.308', '7.62', '7.62x51mm']"
multiple,medium,Animals,The now extinct species &quot;Thylacine&quot; was native to where?,"Tasmania, Australia","['Baluchistan, Pakistan', 'Wallachia, Romania', 'Oregon, United States']"
multiple,hard,Entertainment: Music,What album is the song &#039;New Slang&#039; by The Shins found on?,"Oh, Inverted World","['Wincing The Night Away', 'Chutes Too Narrow', 'Port Of Morrow']"
multiple,easy,Entertainment: Comics,"According to their longtime nickname, what kind of &quot;duo&quot; are Batman &amp; Robin?",Dynamic,"['Dangerous', 'Dynastic', 'Delirious']"
multiple,hard,Entertainment: Japanese Anime &amp; Manga,"In the first episode of Yu-Gi-Oh: Duel Monsters, what book is Seto Kaiba seen reading at Domino High School?",Thus Spoke Zarathustra,"['Beyond Good and Evil', 'The Republic', 'Meditations']"
multiple,easy,Entertainment: Film,"In the movie &quot;Spaceballs&quot;, what are the Spaceballs attempting to steal from Planet Druidia?",Air,"['The Schwartz', 'Princess Lonestar', 'Meatballs']"
multiple,medium,History,What was the capital of South Vietnam before the Vietnam War?,Saigon,"['Ho Chi Minh City', 'Hanoi', 'Hue']"
multiple,medium,Entertainment: Video Games,"What is the name of the first boss the player encounters in the 2017 game, &quot;Little Nightmares&quot;?",The Janitor,"['The Warden', 'The Caretaker', 'The Overseer']"
multiple,medium,Entertainment: Video Games,"In the Jackbox party game Monster Seeking Monster, which monster can steal two hearts from other monsters under certain conditions?",Serial Killer,"['Parasite', 'Stalker', 'Magic Mirror']"
multiple,medium,Entertainment: Film,Which of the following actors does not play a role in the movie &quot;The Usual Suspects?&quot;,Steve Buscemi,"['Kevin Spacey', 'Benicio Del Toro', 'Gabriel Byrne']"
multiple,medium,Entertainment: Board Games,In what year was the card game Magic: the Gathering first introduced?,1993,"['1987', '1998', '2003']"
multiple,hard,Science &amp; Nature,How many legs is it biologically impossible for a centipede to have?,100,"['26', '50', '74']"
boolean,easy,Entertainment: Video Games,&quot;Undertale&quot; is an RPG created by Toby Fox and released in 2015.,True,['False']
multiple,medium,Entertainment: Video Games,Which company made the Japanese RPG &quot;Dragon Quest&quot;?,Square Enix,"['Capcom', 'Konami', 'Blizzard']"
multiple,medium,Entertainment: Video Games,What&#039;s the famous line Vaas says in &quot;Far Cry 3&quot;?,Did I ever tell you the definition of Insanity?,"['Have I failed to entertain you?', 'You&#039;re my b*tch!', 'Maybe your best course...would be to tread lightly.']"
multiple,hard,Science &amp; Nature,Which of the following liquids is least viscous? Assume temperature is 25&deg;C.,Acetone,"['Water', 'Mercury', 'Benzene']"
multiple,medium,Geography,The historical city Timbuktu is located in which West African country?,Mali,"['Senegal', 'Niger', 'Burkina Faso']"
multiple,medium,General Knowledge,Coleslaw originated from which European country?,The Netherlands,"['United Kingdom', 'Denmark', 'Germany']"
multiple,easy,Entertainment: Music,What was the best selling album of 2015?,"Adele, 25","['Fetty Wap, Fetty Wap', 'Taylor Swift, 1989', 'Justin Bieber, Purpose']"
boolean,medium,Entertainment: Film,The original ending of &quot;Little Shop Of Horrors&quot; has the plants taking over the world.,True,['False']
multiple,easy,Entertainment: Music,Which of these is the name of a song by Tears for Fears?,Shout,"['Scream', 'Yell', 'Shriek']"
multiple,medium,Entertainment: Music,In what year was Tchaikovsky&#039;s 1812 Overture composed?,1880,"['1812', '1790', '1840']"
multiple,hard,Politics,Which letter do you need to have on a European driver license in order to ride any motorbikes?,A,"['X', 'D', 'B']"
multiple,medium,History,Who was the leader of the Communist Party of Yugoslavia ?,Josip Broz Tito,"['Karadjordje Petrovic', 'Milos Obilic', 'Aleskandar Petrovic']"
boolean,medium,Animals,An octopus can fit through any hole larger than its beak.,True,['False']
multiple,easy,General Knowledge,"What type of animal was Harambe, who was shot after a child fell into it&#039;s enclosure at the Cincinnati Zoo?",Gorilla,"['Tiger', 'Panda', 'Crocodile']"
multiple,medium,History,"When did the United States formally declare war on Japan, entering World War II?","December 8, 1941","['June 6, 1944', 'June 22, 1941', 'September 1, 1939']"
multiple,hard,General Knowledge,What was Bank of America originally established as?,Bank of Italy,"['Bank of Long Island', 'Bank of Pennsylvania', 'Bank of Charlotte']"
multiple,hard,Entertainment: Music,Who sings the rap song &quot;Secret Wars Part 1&quot;?,The Last Emperor,"['MC Frontalot', 'Busdriver', 'Masta Killa']"
multiple,medium,Entertainment: Video Games,"In the ARPG &quot;Path of Exile,&quot; what is the highest amount of sockets that an item can have?",6,"['5', '4', '8']"
multiple,medium,Entertainment: Video Games,In what year was the first eSports competition?,1972,"['1989', '1990', '2000']"
multiple,easy,Entertainment: Music,Of which 90s boy band was Justin Timberlake a member?,*NSYNC,"['Backstreet Boys', 'Westlife', 'Boyzone']"
multiple,easy,Entertainment: Film,Who directed the 2015 movie &quot;The Revenant&quot;?,Alejandro G. I&ntilde;&aacute;rritu,"['Christopher Nolan', 'David Fincher', 'Wes Anderson']"
multiple,medium,Entertainment: Film,In the 1979 British film &quot;Quadrophenia&quot; what is the name of the main protagonist?,Jimmy Cooper,"['Pete Townshend', 'Franc Roddam', 'Archie Bunker']"
multiple,easy,Geography,"Vatican City, the smallest country in the world, is fully enclosed by which country?",Italy,"['France', 'Spain', 'Germany']"
multiple,hard,General Knowledge,The Quadrangularis Reversum is best described as which of the following?,A percussion instrument,"['A building in Oxford University', 'A chess move', 'A geometric theorem']"
multiple,medium,Entertainment: Video Games,"In the Half-Life franchise, what is the real name of the &quot;gravity gun&quot;?",Zero-Point Energy Field Manipulator,"['Universal Gravity Manipulation Device', 'Isaac Newton&#039;s Theory Disprover', 'Quantum Energy Displacement Modifier']"
multiple,easy,Entertainment: Video Games,Who is the leader of Team Valor in Pok&eacute;mon Go?,Candela,"['Willow', 'Blanche', 'Spark']"
multiple,medium,Entertainment: Video Games,Which country is featured in Ace Combat 5: The Unsung War?,Osea,"['Aurelia', 'Australia', 'Japan']"
multiple,medium,Entertainment: Video Games,"In the Super Smash Bros. series, which game first featured Luigi as a playable character?",Super Smash Bros.,"['Super Smash Bros. Melee', 'Super Smash Bros. Brawl', 'Super Smash Bros. for Wii U']"
multiple,easy,Entertainment: Television,"In Game of Thrones, what continent lies across the Narrow Sea from Westeros?",Essos,"['Easteros', 'Westereast', 'Esuntos']"
multiple,easy,General Knowledge,What fruit is a traditional ingredient of a Black Forest Gateau?,Cherries,"['Apricots', 'Raisins', 'Apples']"
multiple,medium,Entertainment: Japanese Anime &amp; Manga,"In the series JoJo&#039;s Bizarre Adventure, which main character makes the greatest number of recurring appearances?",Jotaro Kujo,"['Giorno Giovanna', 'Joseph Joestar', 'Josuke Higashikata']"
multiple,easy,General Knowledge,The Flag of the European Union has how many stars on it?,12,"['10', '14', '16']"
multiple,hard,Entertainment: Cartoon &amp; Animations,"In &quot;Gravity Falls&quot;, the character Bill Cipher remarks that &quot;the universe is what?&quot;",A hologram ,"['An illusion ', 'A simulation', 'Corrupting']"
multiple,medium,Entertainment: Video Games,Which of these blocks in &quot;Minecraft&quot; has the lowest blast resistance?,Sand,"['End Stone', 'Water', 'Wood Planks']"
multiple,hard,Entertainment: Cartoon &amp; Animations,"In the TV show &quot;Rick and Morty&quot;, Rick uses the catchphrase &quot;Wubba Lubba Dub Dub&quot;, which means what in Birdperson?","I am in great pain, please help me.","['I pray that my life ends soon.', 'Lets get this party started!', 'I am suffering, please help me.']"
multiple,medium,Entertainment: Cartoon &amp; Animations,Who is the &quot;dumb blonde&quot; character in Nickelodeon&#039;s &quot;The Loud House&quot;?,Leni,"['Luan', 'Luna', 'Lincoln']"
multiple,medium,General Knowledge,Computer manufacturer Compaq was acquired for $25 billion dollars in 2002 by which company?,Hewlett-Packard,"['Toshiba', 'Asus', 'Dell']"
multiple,hard,Geography,What was the original name of Ho Chi Minh City?,Saigon,"['Hanoi', 'Dar Es Salaam', 'Angkor Wat']"
multiple,medium,Entertainment: Music,"Which of these is not a single by Pink Floyd guitarist, David Gilmour?",Sunset Strip,"['Rattle That Lock', 'Blue Light', 'Arnold Layne']"
multiple,hard,Entertainment: Film,"Which actors made up the trio in &quot;The Good, the Bad, and the Ugly&quot;? ","Clint Eastwood, Eli Wallach, and Lee Van Cleef","['Sergio Leone, Ennio Morricone, and Tonino Delli Colli', 'Yul Brynner, Steve McQueen, and Charles Bronson', 'Aldo Giuffr&egrave;, Mario Brega, and Luigi Pistilli']"
multiple,hard,Science &amp; Nature,What nucleotide pairs with guanine?,Cytosine,"['Thymine', 'Adenine', 'Uracil']"
multiple,medium,Geography,Kuala Lumpur is the capital of which country?,Malaysia,"['Indonesia', 'Singapore', 'Thailand']"
multiple,medium,Entertainment: Video Games,In what Half-Life expansion can you find Gordon&#039;s picture in an &quot;Employee of the Month&quot; picture frame?,Half-Life: Opposing Force,"['Half-Life: Blue Shift', 'Half-Life: Decay', 'They Hunger']"
multiple,easy,Entertainment: Japanese Anime &amp; Manga,What was Ash Ketchum&#039;s second Pokemon?,Caterpie,"['Charmander', 'Pikachu', 'Pidgey']"
multiple,easy,Entertainment: Music,What is the best selling album of all time from 1976 to 2018?,Thriller,"['Back in Black', 'Abbey Road', 'The Dark Side of the Moon']"
multiple,easy,Entertainment: Video Games,What video game sparked controversy because of its hidden &quot;Hot Coffee&quot; minigame?,Grand Theft Auto: San Andreas,"['Grand Theft Auto: Vice City', 'Hitman: Blood Money', 'Cooking Mama']"
multiple,medium,Entertainment: Musicals &amp; Theatres,What play is the quote &quot;Hell is other people&quot; from?,No Exit,"['The Devil and the Good Lord', 'The Condemned of Altona', 'The Flies']"
boolean,medium,Entertainment: Music,Pink Floyd&#039;s 1973 album &quot;Animals&quot; features a photograph of Battersea Power Station.,True,['False']
multiple,medium,Entertainment: Music,Where did the British Boy Band &quot;Bros&quot; come from?,Camberley,"['Guildford', 'Aldershot', 'Bagshot']"
multiple,medium,Entertainment: Video Games,What is the name of the virus in &quot;Metal Gear Solid 1&quot;?,FOXDIE,"['FOXENGINE', 'FOXALIVE', 'FOXKILL']"
multiple,hard,Science &amp; Nature,What does the term &quot;isolation&quot; refer to in microbiology?,"The separation of a strain from a natural, mixed population of living microbes","['A lack of nutrition in microenviroments', 'The nitrogen level in soil', 'Testing effects of certain microorganisms in an isolated enviroments, such as caves']"
multiple,hard,Science &amp; Nature,A comet&#039;s gaseous envelope (which creates the tail) is called what?,The coma,"['The wake', 'The backwash', 'The ablative']"
boolean,easy,Entertainment: Music,"The alternative rock band, They Might Be Giants, released their album &#039;Flood&#039; in 1990. ",True,['False']
multiple,hard,Entertainment: Video Games,Which game in the Dance Dance Revolution series introduced the Extra Stage?,DDR,"['DDR Solo 2000', 'DDRMAX', 'DDR EXTREME']"
multiple,easy,General Knowledge,"In Half-Life, what is the name of the alien that attaches to heads?",Headcrab,"['Bullsquid', 'Vortigaunt', 'Facehugger']"
multiple,medium,Entertainment: Cartoon &amp; Animations,"In &quot;My Little Pony: Friendship is Magic&quot;, which of these ponies represents the quality of honesty?",Applejack,"['Twilight Sparkle', 'Pinkie Pie', 'Rarity']"
boolean,medium,Entertainment: Video Games,The scrapped Sonic the Hedgehog 2 level &quot;Hidden Palace Zone&quot; was later reused in the iOS port of the game. ,True,['False']
multiple,medium,Entertainment: Comics,What&#039;s the name of Batman&#039;s parents?,Thomas &amp; Martha,"['Joey &amp; Jackie', 'Jason &amp; Sarah', 'Todd &amp; Mira']"
multiple,medium,Entertainment: Television,Which of these television shows makes everyone look under their chair?,Oprah,"['Jimmy Fallon', 'Saturday Night Live', 'Larry Rubert']"
multiple,hard,Entertainment: Books,"In the &quot;Harry Potter&quot; series, what is Headmaster Dumbledore&#039;s full name?",Albus Percival Wulfric Brian Dumbledore,"['Albus Valum Jetta Mobius Dumbledore', 'Albus James Lunae Otto Dumbledore', 'Albus Valencium Horatio Kul Dumbledore']"
boolean,medium,Science: Computers,The open source program Redis is a relational database server.,False,['True']
boolean,easy,Entertainment: Film,"In the original Star Wars trilogy, Alec Guinness provided the voice for Darth Vader.",False,['True']
multiple,hard,Politics,Which Native American tribe/nation requires at least one half blood quantum (equivalent to one parent) to be eligible for membership?,Yomba Shoshone Tribe,"['Standing Rock Sioux Tribe', 'Kiowa Tribe of Oklahoma', 'Pawnee Nation of Oklahoma']"
boolean,medium,Entertainment: Music,Green Day&#039;s album &#039;American Idiot&#039; is considered a &quot;punk rock opera.&quot;,True,['False']
multiple,easy,Entertainment: Music,Ringo Starr of The Beatles mainly played what instrument?,Drums,"['Bass', 'Guitar', 'Piano']"
multiple,easy,Entertainment: Video Games,What ingredient is NOT used to craft a cake in Minecraft?,Bread,"['Wheat', 'Milk', 'Egg']"
multiple,hard,Politics,Which of the following United States Presidents served the shortest term in office?,William Henry Harrison,"['Zachary Taylor', 'James A. Garfield', 'Warren G. Harding']"
multiple,easy,Entertainment: Video Games,What is the name of the main healing item in Dark Souls?,Estus Flask,"['Health Potion', 'Orange Juice', 'Ashen Flask']"
multiple,medium,Entertainment: Board Games,How many points is the Z tile worth in Scrabble?,10,"['8', '5', '6']"
boolean,hard,History,Japan was part of the Allied Powers during World War I.,True,['False']
multiple,medium,History,In what year did Kentucky become the 15th state to join the union?,1792,"['1782', '1798', '1788']"
multiple,easy,Politics,Who was South Africa&#039;s first Black President?,Nelson Mandela,"['Mangosuthu Buthelezi', 'Steve Biko ', 'Bishop Tutu']"
multiple,easy,History,Which one of these was not a beach landing site in the Invasion of Normandy?,Silver,"['Gold', 'Juno', 'Sword']"
multiple,medium,History,"What is the bloodiest event in United States history, in terms of casualties?",Battle of Antietam,"['Pearl Harbor', 'September 11th', 'D-Day']"
multiple,medium,Entertainment: Video Games,Who is credited with having created the world&#039;s first video game Easter Egg?,Warren Robinett,"['Julius Smith', 'Will Crowther', 'Don Woods']"
multiple,medium,Geography,The formerly East-Prussian city of K&ouml;nigsberg is known as which Russian City today?,Kaliningrad,"['Kazan', 'Kursk', 'Krasnodar']"
multiple,medium,Vehicles,Which of the following passenger jets is the longest?,Boeing 747-8,"['Airbus A350-1000', 'Airbus A330-200', 'Boeing 787-10']"
multiple,hard,Entertainment: Film,Which boxer was famous for striking the gong in the introduction to J. Arthur Rank films?,Bombardier Billy Wells,"['Freddie Mills', 'Terry Spinks', 'Don Cockell']"
multiple,medium,History,Which of the following countries was the first to send an object into space?,Germany,"['USA', 'Russia', 'China']"
multiple,medium,General Knowledge,What does a milliner make and sell?,Hats,"['Shoes', 'Belts', 'Shirts']"
multiple,medium,Entertainment: Music,The 2010 song &quot;Eenie Meenie&quot; was a collaboration between which two popular artists?,Sean Kingston &amp; Justin Bieber,"['Eminem &amp; Rihanna', 'Usher &amp; Pitbull', 'Lady Gaga &amp; Beyonc&eacute;']"
multiple,hard,Celebrities,Who was Donald Trump&#039;s first wife?,Ivana Zeln&iacute;čkov&aacute;,"['Melania Knauss', 'Marla Maples', 'Nancy Davis']"
multiple,easy,History,In which year did the Invasion of Kuwait by Iraq occur?,1990,"['1992', '1988', '1986']"
multiple,hard,General Knowledge,"Located in Chile, El Teniente is the world&#039;s largest underground mine for what metal?",Copper,"['Iron', 'Nickel', 'Silver']"
multiple,medium,Sports,"Which country did Kabaddi, a contact sport involving tackling, originate from?",India,"['Australia', 'Turkey', 'Cambodia']"
multiple,easy,Entertainment: Japanese Anime &amp; Manga,What is the age of Ash Ketchum in Pokemon when he starts his journey?,10,"['11', '12', '9']"
multiple,medium,Entertainment: Video Games,In Yakuza 4 who is the first character you play as?,Shun Akiyama,"['Taiga Saejima', 'Kazuma Kiryu', 'Goro Majima']"
multiple,hard,Science &amp; Nature,Which of the following is the term for &quot;surgical complications resulting from surgical sponges left inside the patient&#039;s body?,Gossypiboma,"['Gongoozler', 'Jentacular', 'Meupareunia']"
boolean,easy,Entertainment: Board Games,The top human players can easily beat the top computers at chess,False,['True']
multiple,easy,Entertainment: Television,Which of these characters in &quot;Stranger Things&quot; has the power of Telekinesis?,Eleven,"['Mike', 'Lucas', 'Karen']"
multiple,medium,Entertainment: Music,Which European capital city gives its name to a 1981 song by Ultravox?,Vienna,"['Berlin', 'Paris', 'Brussels']"
multiple,hard,Entertainment: Cartoon &amp; Animations,"In &quot;Gravity Falls&quot;, how much does Waddles weigh when Mable wins him in &quot;The Time Traveler&#039;s Pig&quot;?",15 pounds,"['20 pounds', '10 pounds', '30 pounds']"
multiple,hard,Entertainment: Television,What was the name of the inflatable duck sacrified to the crowd at the end of Episode 34 of the 18th season of Big Brother?,Pablo,"['Esteban', 'Carlos', 'Duckster']"
multiple,medium,Entertainment: Board Games,"At the start of a standard game of the Monopoly, if you throw a double six, which square would you land on?",Electric Company,"['Water Works', 'Chance', 'Community Chest']"
multiple,medium,General Knowledge,Which mountain has the highest peak in Africa?,"Mount Kilimanjaro, Tanzania","['Mount Kenya, Kenya', 'Mount Stanley, DR Congo/Uganda', 'Mount Speke, Uganda']"
multiple,medium,Entertainment: Video Games,Which of these is not one of Dracula&#039;s relics found in the video game &quot;Castlevania II: Simon&#039;s Quest&quot;?,The Tooth,"['The Nail', 'The Eyeball', 'The Rib Bone']"
multiple,medium,General Knowledge,Which Italian automobile manufacturer gained majority control of U.S. automobile manufacturer Chrysler in 2011?,Fiat,"['Maserati', 'Alfa Romeo', 'Ferrari']"
multiple,medium,Entertainment: Video Games,"In the game series &quot;The Legend of Zelda&quot;, what was the first 3D game?",Ocarina of Time,"['Majora&#039;s Mask', 'A Link to the Past', 'The Wind Waker']"
multiple,medium,Entertainment: Film,What is the name of the villian in the 2015 Russian-American Sci-Fi Movie &quot;Hardcore Henry&quot;?,Akan,"['Estelle', 'Jimmy', 'Henry']"
multiple,easy,General Knowledge,What do sailors call the right side of a boat?,Starboard,"['Port', 'Stern', 'Bow']"
multiple,medium,Geography,Which country has three capital cities?,South Africa,"['Somalia', 'China', 'United Kingdom']"
multiple,medium,General Knowledge,Which iconic Disneyland attraction was closed in 2017 to be remodeled as a &quot;Guardians of the Galaxy&quot; themed ride?,Twilight Zone Tower of Terror,"['The Haunted Mansion', 'Pirates of the Caribbean', 'Peter Pan&#039;s Flight']"
multiple,hard,Politics,Which of the following United States senators is known for performing a 24-hour long filibuster?,Strom Thurmond,"['Roy Blunt', 'John Barrasso', 'Chuck Schumer']"
multiple,medium,History,What was the code name for the German invasion of the Soviet Union in WW2?,Operation Barbarossa,"['Operation Kaiserschlact', 'Operation Unthinkable', 'Operation Molotov']"
boolean,hard,Entertainment: Video Games,"In &quot;Portal 2&quot;, Cave Johnson started out Aperture Science as a shower curtain company.",True,['False']
multiple,medium,Science &amp; Nature,How many teeth does the average adult mouth have (except for wisdom teeth)?,32,"['36', '20', '28']"
multiple,medium,Entertainment: Video Games,Which was the first video game to be produced by development company Rare?,Slalom,"['R.C. Pro-Am', 'Donkey Kong Country', 'Battletoads']"
multiple,hard,General Knowledge,&quot;Nephelococcygia&quot; is the practice of doing what? ,Finding shapes in clouds,"['Sleeping with your eyes open', 'Breaking glass with your voice', 'Swimming in freezing water']"
multiple,easy,Entertainment: Music,&quot;Grande Valse&quot; is a phrase from the song &quot;Gran Vals&quot;. What is that song segment known as?,Nokia Tune,"['Hello Moto [Motorola Ringtone]', 'Droid Ringtone', 'Microsoft Ringtone']"
multiple,medium,Geography,Which is the smallest country in the world?,Vatican City,"['Lesotho', 'Monaco City', 'Titania']"
multiple,hard,General Knowledge,What is the weight of a Gold Bar in Fallout: New Vegas?,35 Pounds,"['30 Pounds', '40 Pounds', '32.50 Pounds']"
multiple,medium,Politics,Which president erased the national debt of the United States?,Andrew Jackson,"['Ronald Reagan', 'John F. Kennedy', 'Franklin Roosevelt']"
multiple,medium,Entertainment: Film,Johnny Depp made his big-screen acting debut in which film?,A Nightmare on Elm Street,"['My Bloody Valentine', 'Halloween', 'Friday the 13th']"
multiple,medium,Entertainment: Books,"In The Lies of Locke Lamora, what title is Locke known by in the criminal world?",The Thorn of Camorr,"['The Rose of the Marrows', 'The Thorn of Emberlain', 'The Thorn of the Marrows']"
multiple,easy,Entertainment: Video Games,"In Five Nights at Freddy&#039;s 1, how can you make Golden Freddy disappear?",Enable cameras,"['Turn on the light', 'Shut the door', 'Do nothing']"
multiple,medium,General Knowledge, In which country was the Michelin tire company founded in 1889?,France,"['United Kingdom', 'Italy', 'Germany']"
multiple,hard,Entertainment: Books,"According to Bram Stoker&#039;s novel, in which British coastal town did Dracula come ashore?",Whitby,"['Scarborough', 'Brighton', 'Portsmouth']"
multiple,medium,Geography,What is the capital of Brazil?,Brasilia,"['Rio de Janeiro', 'Sao Paolo', 'Curitiba']"
multiple,hard,Entertainment: Music,Which album was released by Kanye West in 2013?,Yeezus,"['My Beautiful Dark Twisted Fantasy', 'The Life of Pablo', 'Watch the Throne']"
multiple,medium,Entertainment: Television,Which character does voice actress Tara Strong NOT voice?,Bubbles (2016),"['Twilight Sparkle', 'Timmy Turner', 'Harley Quinn']"
multiple,medium,Geography,Bikini Atoll is in which country?,Marshall Islands,"['Fiji', 'Christmas Islands', 'Bahamas']"
multiple,easy,History,Which of these countries remained neutral during World War II?,Switzerland,"['United Kingdom', 'France', 'Italy']"
multiple,medium,History,Who was the first mammal successfully launched into Earth&#039;s orbit?,"Laika, the dog","['Ham, the chimpanzee', 'Baker, the monkey', 'Belka, the dog']"
multiple,hard,Science: Computers,What type of sound chip does the Super Nintendo Entertainment System (SNES) have?,ADPCM Sampler,"['FM Synthesizer', 'Programmable Sound Generator (PSG)', 'PCM Sampler']"
multiple,medium,Science &amp; Nature,Down Syndrome is usually caused by an extra copy of which chromosome?,21,"['23', '15', '24']"
boolean,easy,Mythology,A wyvern is the same as a dragon.,False,['True']
multiple,medium,Entertainment: Video Games,"In Undertale, how much do Spider Donuts cost in Hotland?",9999G,"['7G', '40G', '12G']"
boolean,easy,Entertainment: Japanese Anime &amp; Manga,Clefairy was intended to be Ash&#039;s starting Pok&eacute;mon in the pilot episode of the cartoon.,True,['False']
multiple,medium,Entertainment: Television,"In &quot;Spongebob Squarepants,&quot; what is Mr. Krabs&#039; full name?",Eugene H. Krabs,"['Eugene G. Krabs', 'Eugene J. Krabs', 'Eugene D. Krabs']"
multiple,medium,Entertainment: Japanese Anime &amp; Manga,"In the anime series &quot;Full Metal Alchemist&quot;, what do Alchemists consider the greatest taboo?",Human Transmutation ,"['Transmuting Lead Into Gold', 'Using Alchemy For Crime ', 'Preforming Without A Permit']"
multiple,hard,Entertainment: Television,"In season one of the US Kitchen Nightmares, Gordan Ramsay tried to save 10 different restaurants. How many ended up closing afterwards?",9,"['6', '3', '0']"
multiple,medium,Entertainment: Video Games,"Why were only only 300,000 copies of Uniracers were produced?","DMA Designs was sued by Pixar, preventing more copies from being produced","['There was a disagreement between DMA Designs and Nintendo', 'It didn&#039;t sell well due to poor review scores', 'No public information is available']"
multiple,easy,Entertainment: Music,&quot;Some people call me the space cowboy&quot; is the first line from what song?,The Joker,"['Fandango', 'Take The Money and Run', 'Fly Like an Eagle']"
multiple,medium,Entertainment: Video Games,"In the video game &quot;Closers Online: Dimension Conflict&quot;, who is the administrator of team Wildh&uuml;ter?",Alice Wiseman,"['Kim Yujung', 'Wolfgang Schneider', 'Hong Siyoung']"
multiple,medium,Entertainment: Video Games,"In Overwatch, what is L&uacute;cio&#039;s full name?",L&uacute;cio Correia Dos Santos,"['L&uacute;cio Luiz L&oacute;s Guilherme', 'L&uacute;cio Jo&atilde;o Lucas', 'L&uacute;cio Chupar Prima']"
multiple,easy,Entertainment: Video Games,"In the game &quot;DELTARUNE&quot;, what is Ralsei&#039;s special ability?",Pacify,"['Persuade', 'Eliminate', 'Hug']"
multiple,hard,Geography,What is the second-largest city in Lithuania?,Kaunas,"['Panevėžys', 'Vilnius', 'Klaipėda']"
multiple,easy,Entertainment: Film,Who is frozen at the end of the movie &quot;Goldeneye&quot;?,Boris Grishenko,"['James Bond', 'Natalya Simonova', 'Alec Travelyan']"
boolean,easy,Science: Computers,Linus Torvalds created Linux and Git.,True,['False']
multiple,easy,Science: Computers,What amount of bits commonly equals one byte?,8,"['1', '2', '64']"
multiple,easy,Entertainment: Video Games,What is the name of the 4-armed Chaos Witch from the 2016 video game &quot;Battleborn&quot;?,Orendi,"['Orendoo', 'Oranda', 'Randy']"
boolean,easy,Entertainment: Video Games,The Mann Co. Store from Team Fortress 2 has the slogan &quot;We hire mercenaries and get in fights&quot;.,False,['True']
multiple,medium,History,Which Las Vegas casino was originally constructed and operated by mobster Bugsy Siegel?,The Flamingo,"['The MGM Grand', 'The Sands', 'The Sahara']"
multiple,hard,Entertainment: Music,What is the name of the song by Beyonc&eacute; and Alejandro Fern&aacute;ndez released in 2007?,Amor Gitano,"['La ultima vez', 'Rocket', 'Hasta Dondes Estes']"
multiple,medium,Entertainment: Musicals &amp; Theatres,Which musical has won the most Tony awards?,The Producers,"['Hamilton', 'Chicago', 'Phantom of the Opera']"
multiple,medium,Entertainment: Video Games,What CoD &quot;Deathstreak&quot; is only featured in Call of Duty : Modern Warfare 2?,Copycat,"[' Martrydom', 'Final Stand', 'Revenge']"
boolean,medium,Science &amp; Nature,"Centripetal force is an apparent force that acts outward on a body moving around a center, arising from the body&#039;s inertia.",False,['True']
multiple,medium,Entertainment: Japanese Anime &amp; Manga,What studio animated Ouran High School Host Club?,Bones,"['Production I.G', 'Kyoto Animation', 'xebec']"
multiple,easy,General Knowledge,"According to the Book of Genesis in the Old Testament, how many days did it take God to create the world?",Six,"['Seven', 'One', 'Twelve']"
multiple,medium,History,Which historical conflict killed the most people?,World War II,"['Taiping Rebellion', 'Three Kingdoms War', 'Mongol conquests']"
boolean,medium,Entertainment: Video Games,DragonForce&#039;s &#039;Through the Fire and Flames&#039; is widely considered to be the hardest song in the Guitar Hero series.,True,['False']
boolean,easy,Entertainment: Musicals &amp; Theatres,"In the play Oedipus Rex, Oedipus kills his father due to jealousy in loving his mother.",False,['True']
multiple,medium,Entertainment: Video Games,Which of the following games was not a launch title for the Nintendo Gamecube?,Super Mario Sunshine,"['Luigi&rsquo;s Mansion', 'Star Wars Rogue Squadron II', 'Disney&rsquo;s Tarzan Untamed']"
multiple,easy,Entertainment: Music,Who is the lead singer of the British pop rock band Coldplay?,Chris Martin,"['Jonny Buckland', 'Guy Berryman', 'Will Champion']"
multiple,hard,Entertainment: Video Games,"In &quot;Starbound&quot;, what is the max HP of the monster &quot;Punchy&quot;?","50,000 HP","['9,000,000 HP', '100 HP', '150,000 HP']"
multiple,easy,Entertainment: Video Games,What war is Call Of Duty: Black Ops based on?,Cold War,"['WW3', 'Vietnam', 'WW1']"
boolean,easy,Geography,Miami is Florida&#039;s largest city.,False,['True']
multiple,medium,Entertainment: Video Games,"Without enchantments, which pickaxe in minecraft mines blocks the quickest.",Golden ,"['Diamond', 'Iron', 'Obsidian']"
multiple,easy,Celebrities,Neil Hamburger is played by which comedian?,Gregg Turkington,"['Nathan Fielder', 'Tim Heidecker', 'Todd Glass']"
boolean,easy,Entertainment: Video Games,"The Indie Game Development Studio Cing, developers of Hotel Dusk and Last Window, went bankrupt on March 1st, 2010.",True,['False']
boolean,medium,Entertainment: Video Games,"In &quot;Starbound&quot;, the track played by the Decorated Music Box is named &quot;Atlas&quot;.",True,['False']
multiple,medium,Geography,How many countries share a land border with Luxembourg?,3,"['4', '2', '5']"
boolean,medium,Entertainment: Film,"Joan Cusack starred in the 2009 disaster movie, &quot;2012&quot;.",False,['True']
multiple,easy,Entertainment: Books,In what Harry Potter book was a Horcrux first encountered?,The Chamber of Secrets,"['The Half-Blood Prince', 'The Goblet of Fire', 'The Deathly Hallows']"
multiple,medium,Entertainment: Video Games,"In Dota 2, what is Earthshaker&#039;s real name?",Raigor Stonehoof,"['Banehallow Ambry', 'Carl', 'Barathrum']"
multiple,medium,General Knowledge,In 2013 how much money was lost by Nigerian scams?,$12.7 Billion,"['$95 Million', '$956 Million', '$2.7 Billion']"
multiple,easy,Sports,Which country hosted the 2022 FIFA World Cup?,Qatar,"['USA', 'Japan', 'Switzerland']"
multiple,hard,History,What did the abbreviation &quot;RMS&quot; stand for in the RMS Titanic in 1912?,Royal Mail Ship,"['Royal Majesty Service', 'Regular Maritime Schedule ', 'Regulated Maelstrom Sensor']"
multiple,hard,Entertainment: Japanese Anime &amp; Manga,Which animation studio produced &quot;Log Horizon&quot;?,Satelite,"['Sunrise', 'Xebec', 'Production I.G']"
multiple,easy,Entertainment: Video Games,What was the original name of Crash Bandicoot?,Willie Wombat,"['Coco Bandicoot', 'Marvelous Mole', 'Wally Wombat']"
multiple,easy,Science: Computers,What does CPU stand for?,Central Processing Unit,"['Central Process Unit', 'Computer Personal Unit', 'Central Processor Unit']"
multiple,medium,Entertainment: Music,What was the first music video to be broadcast on MTV?,Video Killed the Radio Star,"['Take On Me', 'Walk This Way', 'Hungry Like the Wolf']"
multiple,easy,Entertainment: Video Games,What does Solid Snake use to hide himself with?,Cardboard Box,"['Cloaking Device', 'Metal Crate', 'Cardboard cut-out']"
multiple,medium,Entertainment: Video Games,What is the browser game Kantai Collection heavily inspired by?,Second World War,"['Manga', 'World of Warcraft', 'An Anime']"
multiple,easy,Geography,What is the capital of India?,New Delhi,"['Beijing', 'Montreal', 'Tithi']"
multiple,hard,History,Which Irish village in County Mayo built a tourism industry on the back of an alleged appearance by the Virgin Mary in 1879?,Knock,"['Ballycastle', 'Swinford', 'Turlough']"
multiple,hard,History,What was the Canada&#039;s first capital?,Kingston,"['Toronto', 'Ottawa', 'Montreal']"
boolean,hard,Entertainment: Japanese Anime &amp; Manga,"In the &quot;Kagerou Daze&quot; series, Shintaro Kisaragi is prominently shown with the color red.",True,['False']
multiple,medium,General Knowledge,What was Mountain Dew&#039;s original slogan?,Yahoo! Mountain Dew... It&#039;ll tickle your innards!,"['Give Me A Dew', 'Do The Dew', 'Get&#039; that barefoot feelin&#039; drinkin&#039; Mountain Dew']"
multiple,hard,Science: Mathematics,Which of these did mathematician Leonhard Euler NOT develop?,An improvement to the Fast Fourier Transform,"['A method of solving first-order differential equations', 'An identity linking the numbers e, pi and i', 'A formula linking vertices, edges and faces on a graph']"
boolean,easy,Entertainment: Film,"Han Solo&#039;s co-pilot and best friend, &quot;Chewbacca&quot;, is an Ewok.",False,['True']
multiple,medium,Entertainment: Music,What is Fergie&#039;s debut album called?,The Dutchess,"['Fergalicious ', 'The Sweet Escape', 'Loose']"
boolean,medium,Entertainment: Music,"Scottish producer Calvin Harris is from the town of Dumfries, Scotland.",True,['False']
multiple,easy,General Knowledge,What company developed the vocaloid Hatsune Miku?,Crypton Future Media,"['Sega', 'Sony', 'Yamaha Corporation']"
multiple,easy,Entertainment: Film,What movie starring Bruce Willis contains the line &quot;I see dead people&quot;? ,The Sixth Sense,"['The Fifth Element', 'Die Hard', 'Armageddon']"
multiple,hard,Entertainment: Music,Who was the original drummer for The Beatles?,Tommy Moore,"['Ringo Starr', 'Stuart Sutcliffe', 'Pete Best']"
multiple,medium,Science &amp; Nature,"In aeronautics, flaps and slats are used to control what on an aircraft?",Lift,"['Thrust', 'Drag', 'Weight ']"
multiple,easy,Entertainment: Video Games,What year was Super Mario Bros. released?,1985,"['1983', '1987', '1986']"
multiple,medium,Entertainment: Film,Which of the following James Bond villains is not affiliated with the SPECTRE organization?,Auric Goldfinger,"['Dr. Julius No', 'Rosa Klebb', 'Emilio Largo']"
multiple,easy,Animals,What is the collective noun for a group of crows?,Murder,"['Pack', 'Gaggle', 'Herd']"
boolean,hard,History,"The Battle of Trafalgar took place on October 23rd, 1805",False,['True']
multiple,hard,Entertainment: Video Games,"In the game Nuclear Throne, what organization chases the player character throughout the game?",The I.D.P.D,"['The Fishmen', 'The Bandits', 'The Y.V.G.G']"
multiple,medium,Entertainment: Japanese Anime &amp; Manga,Which character in Touhou is able to control dolls?,Alice Margatroid,"['Marisa Kirisame', 'Clownpiece', 'Flandre Scarlet']"
multiple,medium,Entertainment: Japanese Anime &amp; Manga,"In &quot;A Certain Magical Index,&quot; what is Accelerator able to control?",Vectors,"['Velocity', 'Quantums', 'Wormholes']"
multiple,medium,Geography,What is the busiest port in Europe?,Port of Rotterdam,"['Port of Antwerp', 'Port of Hamburg', 'Port of Amsterdam']"
multiple,hard,History,What year was the first Pizza Hut restaurant opened?,1958,"['1976', '1965', '1942']"
multiple,easy,Entertainment: Video Games,Which Greek letter represents the &quot;Half-Life&quot; logo?,Lambda,"['Omega', 'Alpha', 'Sigma']"
multiple,medium,Geography,What is the right way to spell the capital of Hungary?,Budapest,"['Boodapest', 'Bhudapest', 'Budapast']"
multiple,easy,Entertainment: Television,Which character was played by Dustin Diamond in the sitcom &#039;Saved by the Bell&#039;?,Screech,"['Zack', 'Mr. Belding', 'A.C. Slater']"
multiple,easy,Entertainment: Video Games,What is the name of a popular franchise that includes placing blocks down and surviving in an open world? ,Minecraft,"['Unturned', 'Roblox', 'Grand Theft Auto V']"
multiple,medium,History,"When was &quot;The Gadget&quot;, the first nuclear device to be detonated, tested?","July 16, 1945","['June 22, 1945', 'August 6, 1945', 'April 5, 1945']"
multiple,easy,History,Abolitionist John Brown raided the arsenal in which Virginia Town?,Harper&#039;s Ferry,"['Richmond', 'Harrisonburg', 'Martinsburg']"
multiple,medium,Entertainment: Video Games,"In Cook, Serve, Delicious!, which food is NOT included in the game?",Pie,"['Shish Kabob', 'Hamburger', 'Lasagna']"
multiple,medium,Entertainment: Video Games,"From the Meme Culture, which Mario game immerged &quot;Weegee&quot;?",Mario is Missing! MS-DOS Version ,"['Mario is Missing! SNES Version', 'Mario is Missing! NES Version', 'Mario is Missing! MSX Version']"
boolean,easy,Entertainment: Japanese Anime &amp; Manga,"In Pok&eacute;mon, Ash&#039;s Pikachu refuses to go into a pokeball.",True,['False']
multiple,hard,Entertainment: Japanese Anime &amp; Manga,In the Overlord Anime who was Cocytus made by?,Warrior Takemikazuchi,"['Peroroncino', 'Ulbert Alain Odle', 'Bukubukuchagama']"
boolean,medium,Celebrities,Michael Jackson had a pet python named &lsquo;Crusher&rsquo;.,True,['False']
multiple,easy,Entertainment: Music,Which 80s band is fronted by singer/guitarist Robert Smith?,The Cure,"['The Smiths', 'Echo &amp; the Bunnymen', 'New Order']"
multiple,medium,Entertainment: Video Games,"In &quot;The Elder Scrolls 3: Morrowind&quot;, which of the following factions is not joinable?",The Dark Brotherhood,"['Fighters Guild', 'Mages Guild', 'Thieves Guild']"
boolean,easy,Entertainment: Video Games,"In the &quot;S.T.A.L.K.E.R.&quot; series, the Freedom faction wishes to destroy the supernatural area known as  &quot;the Zone&quot;.",False,['True']
multiple,medium,History,Which country had an &quot;Orange Revolution&quot; between 2004 and 2005?,Ukraine,"['Belarus', 'Latvia', 'Lithuania']"
multiple,hard,Entertainment: Board Games,The board game &quot;Monopoly&quot; is a variation of what board game?,The Landlord&#039;s Game,"['Territorial Dispute', 'Property Feud', 'The Monopolist&#039;s Game']"
multiple,medium,Entertainment: Video Games,"In Need for Speed: Underground, what car does Eddie drive?",Nissan Skyline GT-R (R34),"['Mazda RX-7 FD3S', 'Acura Integra Type R', 'Subaru Impreza 2.5 RS']"
multiple,hard,Entertainment: Video Games,"In &quot;Super Mario Sunshine&quot;, how do you unlock the &quot;Corona Mountain&quot; level?",By clearing every 7th episode,"['By obtaining 70 Shines', 'By clearing every episode involving a &quot;Secret&quot;', 'By unlocking every nozzle F.L.U.D.D can use']"
multiple,easy,Entertainment: Music,The Rush song &quot;YYZ&quot; derives its name from the IATA aiport identification code for which city?,Toronto,"['Vancouver', 'Ottawa', 'Calgary']"
boolean,medium,Science &amp; Nature,Pneumonoultramicroscopicsilicovolcanoconiosis is a synonym for the disease known as silicosis.,True,['False']
boolean,easy,Entertainment: Music,Daft Punk originated in France.,True,['False']
multiple,medium,Science: Computers,"Originally used in PCM adapters, what frequency is the standard for sampling audio in the Compact Disc Digital Audio format?",44.1 kHz,"['32.0 kHz', '1.5 MHz', '20.5 kHz']"
multiple,medium,Entertainment: Musicals &amp; Theatres,What was George Bizet&#039;s last opera?,Carmen,"['Don Rodrigue', 'Gris&eacute;lidis', 'Les p&ecirc;cheurs de perles']"
multiple,easy,General Knowledge,Which restaurant&#039;s mascot is a clown?,McDonald&#039;s,"['Whataburger', 'Burger King', 'Sonic']"
multiple,hard,Entertainment: Music,What is the name of the 2016 mixtape released by Venezuelan electronic producer Arca?,Entra&ntilde;as,"['&amp;&amp;&amp;&amp;&amp;&amp;', 'Sheep', 'Xen']"
multiple,medium,Geography,"Eritrea, which became the 182nd member of the UN in 1993, is in the continent of?",Africa,"['Europe', 'Asia', 'South America']"
multiple,medium,History,In what year did the First World War end?,1918,"['1914', '1916', '1912']"
multiple,hard,Science &amp; Nature,Burning which of these metals will produce a bright white flame?,Magnesium,"['Copper', 'Lithium', 'Lead']"
multiple,easy,Science: Gadgets,Which gaming console is developed by Sony?,PlayStation,"['Xbox', 'Atari', 'Nintendo Switch']"
multiple,medium,Entertainment: Japanese Anime &amp; Manga,"In the 2011 TV anime series, &quot;THE iDOLM@STER&quot;, what was the name of Iori&#039;s stuffed toy bunny?",Charles,"['Bubsy', 'Kero', 'Usagi']"
boolean,easy,Entertainment: Video Games,Tetris is the #1 best-selling video game of all-time.,False,['True']
multiple,medium,Entertainment: Video Games,What type of genre is the controversial 2015 game &quot;Hatred&quot;?,Shoot &#039;Em Up,"['Point &amp; Click', 'MMORPG', 'Simulation']"
multiple,hard,Entertainment: Video Games,"In the game &quot;VA-11 Hall-A&quot; during Virgilio&#039;s ending, Virgilio opens his own:",Curry Stand,"['Bar', 'Museum', 'Law Firm']"
multiple,easy,General Knowledge,How many colors are there in a rainbow?,7,"['8', '9', '10']"
multiple,hard,Mythology,Who did Hippomenes defeat in a footrace?,Atalanta,"['Peleus', 'Theseus', 'Jason']"
multiple,medium,Entertainment: Video Games,Which one of these characters was first introduced in Sonic Boom: Rise of Lyric?,Sticks the Badger,"['Mighty the Armadillo', 'Espio the Chameleon', 'Rouge the Bat']"
multiple,easy,General Knowledge,A criminal who has &ldquo;cooked the books&rdquo; has engaged in what kind of illegal behavior?,Accounting Fraud,"['Money Laundering', 'Extortion', 'Blackmail']"
multiple,hard,Entertainment: Film,In the movie &quot;Scream&quot; who is Ghost Face?,Billy Loomis and Stu Macher,"['Dewey Riley', 'Sidney Prescott', 'Archie Prescott and Philip Marv']"
boolean,medium,History,Assyrian king Sennacherib&#039;s destruction of Babylon in 689 BCE was viewed as a triumph by other Assyrian citizens.,False,['True']
multiple,medium,Geography,Which of these countries is &quot;doubly landlocked&quot; (surrounded entirely by one or more landlocked countries)?,Uzbekistan,"['Switzerland', 'Bolivia', 'Ethiopia']"
multiple,medium,Entertainment: Books,The novel &quot;Of Mice And Men&quot; was written by what author? ,John Steinbeck ,"['George Orwell', 'Mark Twain ', 'Harper Lee']"
multiple,easy,Vehicles,The Italian automaker Lamborghini uses what animal as its logo?,Bull,"['Bat', 'Horse', 'Snake']"
multiple,hard,History,In which year did the Tokyo Subway Sarin Attack occur?,1995,"['2001', '2011', '1991']"
multiple,medium,Entertainment: Film,"In the 2014 film &quot;Birdman&quot;, what is the primary instrument in the score?",Drums,"['Saxophone', 'Violin', 'Actual Live Birds Singing']"
multiple,medium,Geography,What is the name of the capital of Turkey?,Ankara,"['Istanbul', 'Izmir', 'Bursa']"
multiple,hard,Geography,What North American tourist attraction is served by the &quot;Maid of the Mist&quot; tour company?,Niagara Falls,"['Whistler, British Columbia', 'Disney World', 'Yosemite National Park']"
multiple,easy,General Knowledge,"What is Cuba&#039;s official, most widely spoken language?",Spanish,"['Portuguese', 'French', 'Italian']"
multiple,medium,Entertainment: Cartoon &amp; Animations,The stop motion comedy show &quot;Robot Chicken&quot; was created by which of the following?,Seth Green,"['Seth MacFarlane', 'Seth Rogen', 'Seth Rollins']"
multiple,easy,Entertainment: Music,Who was &quot;Kung Fu Fighting&quot; in 1974?,Carl Douglas,"['The Bee Gees', 'Heatwave', 'Kool &amp; the Gang']"
multiple,hard,Entertainment: Video Games,Which game in the &quot;Monster Hunter&quot; series introduced the &quot;Insect Glaive&quot; weapon?,Monster Hunter 4,"['Monster Hunter Freedom', 'Monster Hunter Stories', 'Monster Hunter 2']"
multiple,easy,Entertainment: Books,Who wrote the novel &#039;Fear And Loathing In Las Vegas&#039;?,Hunter S. Thompson,"['F. Scott Fitzgerald', 'Henry Miller', 'William S. Burroughs']"
multiple,medium,History,In what year did Texas secede from Mexico?,1836,"['1838', '1845', '1844']"
multiple,medium,Entertainment: Video Games,Which of these Counter-Strike maps is a bomb defuse scenario?,Prodigy,"['747', 'Havana', 'Oilrig']"
multiple,hard,Entertainment: Video Games,"In the game Warframe, what is the type of fish that is known to eat unwary natives of Cetus?",Sharrac,"['Glappid', 'Karkina', 'Mawfish']"
multiple,easy,Geography,The derisive acronym &quot;PIIGS&quot; refers to which of the following European countries and their economic statuses?,"Portugal, Ireland, Italy, Greece, Spain","['Poland, Iceland, Italy, Greece, Serbia', 'Poland, Iceland, Italy, Greenland, Spain', 'Portugal, Iceland, Ireland, Greece, Serbia']"
multiple,easy,General Knowledge,The American company &quot;Campbell&#039;s&quot; is most well known for making what food product?,Canned soups,"['Chocolate', 'Soft drinks', 'Sausages']"
multiple,medium,General Knowledge,After how many years would you celebrate your crystal anniversary?,15,"['20', '10', '25']"
boolean,medium,Mythology,The Roman god &quot;Jupiter&quot; was first known as &quot;Zeus&quot; to the Greeks.,True,['False']
multiple,easy,General Knowledge,Antibiotics are generally taken to combat what?,Bacterial infections,"['Viruses', 'Migraines', 'Muscular pains']"
multiple,easy,History,How old was Adolf Hitler when he died?,56,"['43', '65', '47']"
multiple,medium,Entertainment: Japanese Anime &amp; Manga,"In &quot;Toriko&quot;, which of the following foods is knowingly compatible with Toriko?",Poison Potato,"['Mors Oil', 'Alpacookie', 'Parmesansho Fruit']"
multiple,medium,Celebrities,When was Elvis Presley born?,"January 8, 1935","['December 13, 1931', 'July 18, 1940', 'April 17, 1938']"
multiple,medium,Sports,What is the name of the AHL affiliate of the Toronto Maple Leafs?,Toronto Marlies,"['Toronto Rock', 'Toronto Argonauts', 'Toronto Wolfpack']"
multiple,hard,History,What was the first recorded object to ever reach space?,Bumper-WAC,"['American Manhole Cover', 'Sputnik I ', 'Sputnik II']"
multiple,medium,Entertainment: Video Games,Which operation in &quot;Tom Clancy&#039;s Rainbow Six Siege&quot; introduced the &quot;Skyscraper&quot; map?,Red Crow,"['Velvet Shell', 'Skull Rain', 'Dust Line']"
multiple,medium,Geography,Bridgetown is the capital of which island country in the Carribean?,Barbados,"['Cuba', 'Jamaica&lrm;', 'Dominica']"
boolean,easy,General Knowledge,Nutella is produced by the German company Ferrero.,False,['True']
multiple,medium,Entertainment: Video Games,"In the 1980s, a service called Gameline allowed users to download games to what console?",Atari 2600,"['Sega Genesis', 'Nintendo Entertainment System', 'ColecoVision']"
multiple,hard,Science: Computers,Who is the founder of Palantir?,Peter Thiel,"['Mark Zuckerberg', 'Marc Benioff', 'Jack Dorsey']"
boolean,medium,History,Augustus was the cousin of Julius Caesar. ,False,['True']
multiple,easy,Sports,Which team won 2014 FIFA World Cup in Brazil?,Germany,"['Argentina', 'Brazil', 'Netherlands']"
boolean,medium,General Knowledge,Francis Bacon died from a fatal case of pneumonia while he was attempting to preserve meat by stuffing a chicken with snow.,True,['False']
multiple,medium,General Knowledge,When was the Declaration of Independence approved by the Second Continental Congress?,"July 4, 1776","['May 4, 1776', 'June 4, 1776', 'July 2, 1776']"
multiple,hard,History,Which Australian Prime Minister disappeared in 1967 and was never found?,Harold Holt,"['Paul Keating', 'Edmund Barton', 'Scott Morrison']"
multiple,medium,Entertainment: Music,Which popular rock band has a one-armed drummer?,Def Leppard,"['The Beatles', 'Lynyrd Skynyrd', 'Foreigner']"
multiple,medium,Entertainment: Video Games,Which German city does the map &quot;Clubhouse&quot; in &quot;Tom Clancy&#039;s Rainbow Six Siege&quot; take place in?,Hannover,"['Berlin', 'Hamburg', 'Munich']"
multiple,easy,Entertainment: Video Games,"In World of Warcraft, What was the original level cap?",60,"['70', '50', '100']"
boolean,easy,Geography,New Haven is the capital city of the state of Connecticut in the United States.,False,['True']
multiple,medium,Entertainment: Video Games,What is the main character&#039;s name in &quot;Braid&quot;?,Tim,"['Boregard', 'James', 'Jackson']"
multiple,easy,Entertainment: Film,What is the name of the fictional retro-mod band starring Austin Powers as the lead vocalist?,Ming Tea,"['Cough Fi', 'Spear Mint', 'Mister E']"
multiple,easy,Entertainment: Japanese Anime &amp; Manga,"In &quot;A Certain Scientific Railgun&quot;, how many &quot;sisters&quot; did Accelerator have to kill to achieve the rumored level 6?","20,000","['128', '10,000', '5,000']"
multiple,easy,Entertainment: Comics,"In Black Hammer, what city did the heroes save from the Anti-God?",Spiral City,"['Mega-City One', 'Rockwood', 'Star City']"
multiple,hard,History,The Hagia Sophia was commissioned by which emperor of the Byzantine Empire?,Justinian I,"['Constantine IV', 'Arcadius', 'Theodosius the Great']"
multiple,hard,Entertainment: Video Games,What is the name of the main character in the video game VA-11 HALL-A: Cyberpunk Bartender Action?,Jill,"['Dana', 'Alma', 'Anna']"
multiple,hard,General Knowledge,What is the romanized Arabic word for &quot;moon&quot;?,Qamar,"['Najma', 'Kawkab', 'Shams']"
multiple,medium,Sports,Edson Arantes do Nascimento is the full name of which legendary football player?,Pel&eacute;,"['Rom&aacute;rio', 'Zico', 'Ronaldinho']"
multiple,medium,Entertainment: Television,Which actor was not a major character in TV Show Freaks and Geeks?,Jonah Hill,"['Jason Segel', 'Seth Rogen', 'James Franco']"
multiple,hard,Politics,"Starting from 2000, China banned manufacturing and sales of all video game consoles. On which year was this ban lifted?",2015,"['2012', '2008', '2017']"
multiple,hard,Science: Computers,How many Hz does the video standard PAL support?,50,"['59', '60', '25']"
multiple,hard,Entertainment: Cartoon &amp; Animations,What was the release date of the first episode of &quot;The Powerpuff Girls&quot;?,"November 18, 1998","['June 25, 1999', 'July 28, 2000', 'April 14, 2001']"
multiple,medium,Science &amp; Nature,What causes Lyme disease?,A bacteria,"['A virus', 'A parasitic worm', 'An amoeba']"
multiple,medium,Science &amp; Nature,"To the nearest minute, how long does it take for light to travel from the Sun to the Earth?",8 Minutes,"['6 Minutes', '2 Minutes', '12 Minutes']"
multiple,medium,Entertainment: Cartoon &amp; Animations,Which Sanrio character was introduced in 1996?,Pompompurin,"['My Melody', 'Badtz-Maru', 'Kerropi']"
multiple,medium,Entertainment: Video Games,"In the game Pok&eacute;mon Conquest, how many kingdoms make up the region of Ransei?",17,"['18', '15', '16']"
multiple,easy,Geography,What country is the second largest in the world by area?,Canada,"['Russia', 'China', 'United States of America']"
multiple,hard,Entertainment: Video Games,"In &quot;Magicka&quot;, which two elements are combined to cast the spell, &quot;Nullify&quot;?",Arcane + Shield,"['Lightning + Shield', 'Lightning + Life', 'Arcane + Life']"
multiple,hard,History,"When was the city of Rome, Italy founded?",753 BCE,"['902 BCE', '524 BCE', '697 BCE']"
multiple,medium,History,What disease crippled President Franklin D. Roosevelt and led him to help the nation find a cure? ,Polio,"['Cancer', 'Meningitis', 'HIV']"
multiple,medium,General Knowledge,Which of the following buildings is example of a structure primarily built in the Art Deco architectural style?,Niagara Mohawk Building,"['Taipei 101', 'One Detroit Center', 'Westendstrasse 1']"
multiple,medium,Entertainment: Japanese Anime &amp; Manga,What is the name of the protagonist of the 2017 anime &quot;Land of the Lustrous&quot;?,Phosphophyllite,"['Watermelon Tourmaline', 'Cinnabar', 'Padparadscha']"
multiple,medium,Science &amp; Nature,"At what depth should you make a decompression stop, or safety stop, on a typical scuba dive?",15 Feet / 5 Meters,"['25 Feet / 7.5 Meters', '50 Feet / 15 Meters', '75 Feet / 23 Meters']"
multiple,medium,History,During which American Civil War campaign did Union troops dig a tunnel beneath Confederate troops to detonate explosives underneath them?,Siege of Petersburg,"['Siege of Vicksburg', 'Antietam Campaign', 'Gettysburg Campagin']"
boolean,hard,Geography,The two largest ethnic groups of Belgium are Flemish and Walloon. ,True,['False']
multiple,medium,Entertainment: Film,What is the name of the character Nicolas Cage plays in the movie &quot;National Treasure?&quot;,Benjamin Franklin Gates,"['Thomas Jefferson Walker', 'George Washington Swanson', 'John Quincy Beckett']"
multiple,medium,General Knowledge,What is the Portuguese word for &quot;Brazil&quot;?,Brasil,"['Brazil', 'Brasilia', 'Bras&iacute;l']"
multiple,easy,Entertainment: Board Games,"Which of these games includes the phrase &quot;Do not pass Go, do not collect $200&quot;?",Monopoly,"['Pay Day', 'Cluedo', 'Coppit']"
multiple,medium,Politics,What is former United States President Bill Clinton&#039;s full name?,William Jefferson Clinton,"['William Roosevelt Clinton', 'William Truman Clinton', 'William Lincoln Clinton']"
multiple,medium,Politics,Which of these is NOT one of Donald Trump&#039;s children?,Julius,"['Donald Jr.', 'Ivanka', 'Eric']"
multiple,medium,Entertainment: Video Games,What was the original release date of Grand Theft Auto V?,"September 17, 2013","['August 17, 2013', 'April 14, 2015', 'November 18, 2014']"
multiple,hard,Geography,What is the largest freshwater lake by volume?,Lake Baikal,"['Lake Superior', 'Lake Huron', 'Lake Michigan']"
multiple,easy,Entertainment: Video Games,What is the name of Team Fortress 2&#039;s Heavy Weapons Guy&#039;s minigun?,Sasha,"['Betty', 'Anna', 'Diana']"
multiple,medium,Animals,About how much of their body weight in food do sea otters eat every day?,25%,"['10%', '80%', '45%']"
multiple,medium,Sports,With which team did Michael Schumacher make his Formula One debut at the 1991 Belgian Grand Prix?,Jordan,"['Benetton', 'Ferrari', 'Mercedes']"
multiple,hard,Mythology,Who is the Egyptian god of reproduction and lettuce?,Min,"['Menu', 'Mut', 'Meret']"
multiple,easy,Science &amp; Nature,Naturally occuring uranium primarily consists of which isotope?,238,"['235', '239', '233']"
multiple,easy,Vehicles,The LS2 engine is how many cubic inches?,364,"['346', '376', '402']"
multiple,medium,Sports,Which car manufacturer won the 2017 24 Hours of Le Mans?,Porsche,"['Toyota', 'Audi', 'Chevrolet']"
multiple,hard,Mythology,"Who is a minor god that is protector and creator of various arts, such as cheese making and bee keeping.",Aristaeus,"['Autonoe', 'Carme', 'Cephisso']"
multiple,medium,History,"Who famously coined the phrase &quot;I think, therefore I am&quot;?",Descartes,"['Plato', 'Aristotle', 'Shakespeare']"
boolean,easy,Geography,San Marino is the only country completely surrounded by another country.,False,['True']
multiple,medium,Entertainment: Video Games,"In Need For Speed Most Wanted (2005), what do you drive at the beginning of the career mode?",BMW M3 GTR,"['Porsche 911 Turbo', 'Nissan 240SX', 'Ford Mustang']"
multiple,easy,Entertainment: Musicals &amp; Theatres,Which Shakespeare play inspired the musical &#039;West Side Story&#039;?,Romeo &amp; Juliet,"['Hamlet', 'Macbeth', 'Othello']"
multiple,medium,Geography,What city  has the busiest airport in the world?,"Atlanta, Georgia USA","['London, England', 'Chicago,Illinois ISA', 'Tokyo,Japan']"
multiple,easy,Entertainment: Television,What is the name of Chris&#039;s brother in &quot;Everybody Hates Chris&quot;?,Drew,"['Jerome', 'Greg', 'Joe']"
multiple,medium,Sports,Which Formula One driver was nicknamed &#039;The Professor&#039;?,Alain Prost,"['Ayrton Senna', 'Niki Lauda', 'Emerson Fittipaldi']"
multiple,easy,Science &amp; Nature,Dry ice is the solid form of what substance?,Carbon dioxide,"['Nitrogen', 'Ammonia', 'Oxygen']"
multiple,easy,Entertainment: Video Games,In World of Warcraft the default UI color that signifies Druid is what?,Orange,"['Brown', 'Green', 'Blue']"
boolean,medium,Science: Mathematics,Zero factorial is equal to zero. ,False,['True']
multiple,hard,General Knowledge,Sciophobia is the fear of what?,Shadows,"['Eating', 'Bright lights', 'Transportation']"
multiple,medium,Science &amp; Nature,About how old is Earth?,4.5 Billion Years,"['3.5 Billion Years', '2.5 Billion Years', '5.5 Billion Years']"
multiple,medium,Entertainment: Video Games,Which is not a playable character in the 2005 video game Killer7?,Frank Smith,"['Mask de Smith', 'Dan Smith', 'Coyote Smith']"
multiple,medium,Entertainment: Video Games,What was the first game ever released that ran on the Source engine?,Counter-Strike: Source,"['Half-Life 2', 'Garry&#039;s Mod', 'Team Fortress 2']"
multiple,easy,History,Which German field marshal was known as the `Desert Fox`?,Erwin Rommel,"['Ernst Busch', 'Wolfram Freiherr von Richthofen', 'Wilhelm List']"
multiple,medium,General Knowledge,What is the defining characteristic of someone who is described as hirsute?,Hairy,"['Rude', 'Funny', 'Tall']"
multiple,medium,Entertainment: Television,Which of the following figures did NOT have a cameo on &quot;The Drew Carey Show&quot; (1995-2004)?,Bill Cosby,"['Donald Trump', '&quot;Weird Al&quot; Yankovic', 'Daffy Duck']"
multiple,hard,Entertainment: Television,Which country does the YouTuber &quot;SinowBeats&quot; originate from?,Scotland,"['England', 'Sweden', 'Germany']"
multiple,easy,Entertainment: Comics,In &quot;Homestuck&quot; the &quot;Kingdom of Darkness&quot; is also known as?,Derse,"['Skaia', 'Prospit', 'The Medium']"
multiple,easy,History,Who succeded Josef Stalin as the leader of the Soviet Union?,Nikita Krushchev,"['Lavrentiy Beria', 'Vyacheslav Molotov', 'Georgy Malenkov']"
multiple,hard,Entertainment: Video Games,What was the first game to utilize Valve&#039;s &quot;Source 2&quot; engine?,Dota 2,"['Counter-Strike: Global Offensive', 'Pirates, Vikings &amp; Knights II', 'Artifact']"
multiple,medium,Entertainment: Video Games,Which of these is the only fighter in the game &quot;Super Smash Bros. Melee&quot; capable of dealing damage with their taunt animation?,Luigi,"['Mr. Game &amp; Watch', 'Jigglypuff', 'Pichu']"
boolean,easy,Geography,St. Louis is the capital of the US State Missouri.,False,['True']
multiple,medium,Entertainment: Japanese Anime &amp; Manga,"In &quot;Toriko&quot;, which of the following Heavenly Kings has an enhanced sense of Hearing?",Zebra,"['Coco', 'Sunny', 'Toriko']"
multiple,medium,Entertainment: Video Games,In the Kingdom Heart series who provides the english voice for Master Eraqus?,Mark Hamill,"['Jason Dohring', 'Jesse McCartney', 'Haley Joel Osment']"
multiple,easy,Celebrities,By which name is Ramon Estevez better known as?,Martin Sheen,"['Charlie Sheen', 'Ramon Sheen', 'Emilio Estevez']"
multiple,easy,Entertainment: Musicals &amp; Theatres,&quot;Doctor Who&quot; star David Tennant performed in a rendition of which Shakespearean play?,Hamlet,"['The Tempest', 'Othello', 'The Taming of the Shrew']"
multiple,medium,Entertainment: Video Games,Who is the main character of the game series &quot;Ace Attorney&quot; ?,Phoenix Wright,"['Winston Payne', 'Dahlia Hawthorne ', 'Ash Ketchum']"
multiple,easy,Entertainment: Cartoon &amp; Animations,"In South Park, what is Stan&#039;s surname?",Marsh,"['Stotch', 'Broflovski', 'Tweak']"
multiple,easy,Entertainment: Video Games,Aperture Science CEO Cave Johnson is voiced by which American actor?,J.K. Simmons,"['Nolan North', 'John Patrick Lowrie', 'Christopher Lloyd']"
multiple,easy,History,Who was the first American in space?,Alan Shephard,"['Neil Armstrong', 'John Glenn', 'Jim Lovell']"
multiple,medium,Entertainment: Video Games,What is the real name of the Scout in &quot;Team Fortress 2&quot;?,Jeremy,"['Lance', 'Walter', 'John']"
boolean,hard,Geography,"In the Canadian province of Alberta, the city of Calgary is located further north than the city of Edmonton.",False,['True']
boolean,medium,Vehicles,The majority of Subaru vehicles are made in China.,False,['True']
boolean,medium,Entertainment: Cartoon &amp; Animations,Blue Danube was one of the musical pieces featured in Disney&#039;s 1940&#039;s film Fantasia.,False,['True']
multiple,medium,Geography,Which of these countries is the smallest by population?,Norway,"['Slovakia', 'Finland', 'Hong Kong']"
multiple,medium,Sports,Who won the 2018 Monaco Grand Prix?,Daniel Ricciardo,"['Sebastian Vettel', 'Kimi Raikkonen', 'Lewis Hamilton']"
boolean,easy,Entertainment: Video Games,Valve&#039;s &quot;Portal&quot; and &quot;Half-Life&quot; franchises exist within the same in-game universe.,True,['False']
multiple,medium,Entertainment: Video Games,What was the name of the first MMORPG to popularize the genre?,Ultima Online,"['World of Warcraft', 'Meridian 59', 'Guild Wars']"
multiple,easy,Geography,Which country features a maple leaf on its flag?,Canada,"['Mexico', 'Brazil', 'India']"
multiple,medium,General Knowledge,What is a dead mall?,A mall with high vacancy rates or low consumer foot traffic,"['A mall with no stores', 'A mall that has been condemed', 'A mall after business hours']"
multiple,medium,Entertainment: Video Games,Which Crypt of the NecroDancer (2015) character has a soundtrack by Jake &quot;Virt&quot; Kaufman?,Uncle Eli,"['Cadence', 'Nocturna', 'Octavian (Bard)']"
boolean,medium,Politics,"The State of Queensland, Australia voted NO to a referendum for daylight savings in 1992.",True,['False']
boolean,medium,Entertainment: Television,"Like his character in &quot;Parks and Recreation&quot;, Aziz Ansari was born in South Carolina.",True,['False']
multiple,medium,Entertainment: Video Games,The cake depicted in Valve&#039;s &quot;Portal&quot; franchise most closely resembles which real-world type of cake?,Black Forest,"['Devil&#039;s Food', 'Molten Chocolate', 'German Chocolate']"
multiple,medium,Entertainment: Books,"In Michael Crichton&#039;s novel &quot;Jurassic Park&quot;, John Hammond meets his demise at the claws of which dinosaur?",Procompsognathus,"['Dilophosaurus', 'Tyrannosaurus Rex', 'Velociraptor']"
multiple,medium,Entertainment: Video Games,In &quot;PUBATTLEGROUNDS&quot; what is the name of the Military Base island?,Sosnovka,"['Novorepnoye', 'Mylta', 'Yasnaya']"
multiple,medium,Entertainment: Film,Who provided a majority of the songs and lyrics for &quot;Spirit: Stallion of the Cimarron&quot;?,Bryan Adams,"['Smash Mouth', 'Oasis', 'Air Supply']"
multiple,easy,Entertainment: Video Games,"In the video game &quot;Team Fortress 2&quot;, which class is able to double jump?",Scout,"['Spy', 'Engineer', 'Pyro']"
boolean,medium,Science: Computers,AMD created the first consumer 64-bit processor.,True,['False']
multiple,hard,History,The ontological argument for the proof of God&#039;s existence is first attributed to whom?,Anselm of Canterbury,"['Ren&eacute; Descartes', 'Immanuel Kant', 'Aristotle']"
multiple,medium,Entertainment: Video Games,Which of these characters was NOT planned to be playable for Super Smash Bros. 64?,Peach,"['Bowser', 'Mewtwo', 'King Dedede']"
multiple,medium,History,Who was the first Chancellor of a united Germany in 1871? ,Otto Von Bismark,"['Kaiser Wilhelm ', 'Fredrick the 2nd', 'Robert Koch']"
multiple,easy,Entertainment: Video Games,"In &quot;Mario &amp; Sonic at the Olympic Games&quot;, characters are split into how many types?",4,"['6', '5', '3']"
multiple,easy,Entertainment: Video Games,Which of these is a type of monster found in Minecraft?,Skeleton,"['Werewolf', 'Vampire', 'Minotaur']"
multiple,easy,Entertainment: Video Games,"In World of Warcraft&#039;s Mists of Pandaria expansion, What was the level cap?",90,"['85', '80', '75']"
multiple,medium,Celebrities,How much weight did Chris Pratt lose for his role as Star-Lord in &quot;Guardians of the Galaxy&quot;?,60 lbs,"['30 lbs', '50 lbs', '70 lbs']"
multiple,medium,History,Against which country did the Dutch Republic fight the Eighty Years&#039; War?,Spain,"['France', 'England', 'Portugal']"
multiple,easy,Science &amp; Nature,What does LASER stand for?,Light amplification by stimulated emission of radiation,"['Lite analysing by stereo ecorazer', 'Light amplifier by standby energy of radio', 'Life antimatter by standing entry of range']"
multiple,medium,Geography,"Which country inside the United Kingdom does NOT appear on its flag, the Union Jack?",Wales,"['Scotland', 'Ireland', 'Isle of Wight']"
multiple,easy,Science: Mathematics,What is the name of a nine sided polygon?,Nonagon,"['Hexagon', 'Octagon', 'Heptagon']"
multiple,easy,Entertainment: Video Games,&quot;Tomb Raider&quot; icon Lara Croft was originally called...,Laura Cruz,"['Laura Craft', 'Laura Croft', 'Lara Craft']"
multiple,medium,Entertainment: Video Games,Which of these games was the earliest known first-person shooter with a known time of publication?,Spasim,"['Doom', 'Wolfenstein', 'Quake']"
multiple,easy,Entertainment: Video Games,Which character in Undertale tells you that you&#039;re &quot;gonna have a bad time&quot;?,Sans,"['Undyne', 'Asgore', 'Asriel Dreemurr']"
multiple,medium,Entertainment: Music,"What was the release date of the They Might Be Giants album, &#039;Mink Car?&#039;","September 11th, 2001","['April 17th, 2003', 'November 4th, 1999', 'December 20th, 2002']"
multiple,medium,Entertainment: Music,Which famous 90&#039;s rap album is commonly referred to as &quot;The Bible of Hip Hop&quot;?,Illmatic,"['The Low End Theory', 'The Chronic', 'Enter The Wu-Tang (36 Chambers)']"
multiple,medium,Entertainment: Video Games,Who voiced the character Joel in &quot;The Last of Us&quot;?,Troy Baker,"['Nolan North', 'John DiMaggio', 'Steve Blum']"
multiple,easy,Entertainment: Video Games,Which Grand Theft Auto (GTA) games have the same setting?,GTA V and GTA San Andreas,"['GTA V and GTA Vice City', 'GTA IV and GTA San Andreas', 'GTA IV and GTA Vice City']"
boolean,easy,Entertainment: Video Games,"In Dead Space 2, the &#039;Hand Cannon&#039; is a large foam finger.",True,['False']
boolean,easy,Geography,Greenland is almost as big as Africa.,False,['True']
multiple,medium,Entertainment: Japanese Anime &amp; Manga,Which anime did Seiji Kishi NOT direct?,Another,"['Humanity Has Declined', 'Assassination Classroom', 'Danganronpa: The Animation']"
multiple,easy,Animals,Which is the national animal of India?,Tiger,"['Lion', 'Horse', 'Camel']"
multiple,hard,General Knowledge,How many calories are in a 355 ml can of Pepsi Cola?,150,"['200', '100', '155']"
multiple,easy,Entertainment: Comics,In &quot;Homestuck&quot; what is Dave Strider&#039;s guardian?,Bro,"['Becquerel', 'Doc Scratch', 'Halley']"
multiple,medium,Geography,What is the largest lake in the African continent?,Lake Victoria,"['Lake Tanganyika', 'Lake Malawi', 'Lake Turkana']"
multiple,easy,Entertainment: Music,Which song is NOT by singer Tom Jones?,Never Gonna Give You Up,"['It&#039;s Not Unusual', 'What&#039;s New Pussycat', 'Delilah']"
multiple,medium,Entertainment: Music,Which artist collaborated with American DJ Dillon Francis to release the song 2016 &quot;Need You&quot;?,NGHTMRE,"['LOUDPVCK', 'KRNE', 'DVBBS']"
boolean,medium,Science &amp; Nature,Sugar contains fat.,False,['True']
multiple,hard,Entertainment: Video Games,"In the game &quot;Overwatch,&quot; which quote does the hero &quot;McCree&quot; NOT say upon using his flashbang ability?",&quot;You done?&quot;,"['&quot;Whoa there.&quot;', '&quot;Hold up now.&quot;', '&quot;Don&#039;t move.&quot;']"
multiple,easy,Science &amp; Nature,Which of the following bones is not in the leg?,Radius,"['Patella', 'Tibia', 'Fibula ']"
multiple,medium,Science &amp; Nature,Which planet in the Solar System is the closest to the Sun?,Mercury,"['Earth', 'Mars', 'Venus']"
boolean,medium,Entertainment: Film,Sean Connery wasn&#039;t in &quot;Indiana Jones and the Kingdom of the Crystal Skull&quot; because he found retirement too enjoyable.,True,['False']
multiple,medium,Geography,Which of the following countries is an island?,Cyprus,"['Azerbaijan', 'El Salvador', 'Djibouti']"
multiple,hard,History,Which country were potatoes originally grown?,Peru,"['United States ', 'Ireland', 'New Zealand']"
multiple,medium,Entertainment: Music,"Typically, how many keys are on a piano?",88,"['24', '12', '96']"
multiple,medium,Entertainment: Video Games,"How many different notes is the tune, &quot;Song of Healing&quot;, comprised of in &quot;The Legend of Zelda: Majora&#039;s Mask&quot;?",3,"['4', '1', '6']"
multiple,hard,Geography,What is the Finnish word for &quot;Finland&quot;?,Suomi,"['Eesti', 'Magyarorsz&aacute;g', 'Sverige']"
multiple,easy,Entertainment: Musicals &amp; Theatres,"In Shakespeare&#039;s play Julius Caesar, Caesar&#039;s last words were...","Et tu, Brute? ","['Iacta alea est!', 'Vidi, vini, vici.', 'Aegri somnia vana.']"
boolean,medium,Entertainment: Japanese Anime &amp; Manga,"The anime Attack on Titan was directed by Tetsurō Araki, the same person who directed the anime Highschool of the Dead.",True,['False']
multiple,hard,General Knowledge,"What type of dog is &#039;Handsome Dan&#039;, the mascot of Yale University?",Bulldog,"['Yorkshire Terrier', 'Boxer', 'Pug']"
boolean,medium,Mythology,The Japanese god Izanagi successfully returned his wife Izanami from the Underworld.,False,['True']
multiple,medium,Entertainment: Film,Which Marvel superhero did Chris Evans play prior to his role as Captain America?,Human Torch,"['Cyclops', 'Iceman', 'Daredevil']"
multiple,medium,Entertainment: Music,What&#039;s the most common time signature for rock songs?,4/4,"['1/2', '8/12', '2/4']"
multiple,medium,General Knowledge,When did the website &quot;Facebook&quot; launch?,2004,"['2005', '2003', '2006']"
multiple,easy,Entertainment: Video Games,Which of these levels does NOT appear in the console/PC versions of the game &quot;Sonic Generations&quot;?,Mushroom Hill,"['City Escape', 'Planet Wisp', 'Sky Sanctuary']"
multiple,medium,Geography,What is the largest non-continental island in the world?,Greenland,"['New Guinea', 'Borneo', 'Madagascar']"
multiple,medium,Animals,"A carnivorous animal eats flesh, what does a nucivorous animal eat?",Nuts,"['Nothing', 'Fruit', 'Seaweed']"
multiple,easy,Geography,What is the capital of Jamaica?,Kingston,"['San Juan', 'Port-au-Prince', 'Bridgetown']"
boolean,easy,Entertainment: Video Games,There are 2 player roles in Trouble in Terrorist Town.,False,['True']
multiple,medium,Entertainment: Video Games,Which &quot;Perk-A-Cola&quot; in &quot;Call Of Duty: Zombies&quot; was &quot;reworked&quot; in &quot;Call of Duty: Black Ops II&quot;?,Double Tap Root Beer,"['Who&#039;s Who', 'Juggernog', 'Mule Kick']"
boolean,medium,Science: Computers,The last Windows operating system to be based on the Windows 9x kernel was Windows 98.,False,['True']
multiple,easy,General Knowledge,"When someone is cowardly, they are said to have what color belly?",Yellow,"['Green', 'Red', 'Blue']"
multiple,hard,General Knowledge,Which of the following is an existing family in &quot;The Sims&quot;?,The Goth Family,"['The Family', 'The Simoleon Family', 'The Proud Family']"
multiple,medium,Science: Computers,.rs is the top-level domain for what country?,Serbia,"['Romania', 'Russia', 'Rwanda']"
multiple,medium,Entertainment: Video Games,Which Game Development company made No Man&#039;s Sky?,Hello Games,"['Dovetail Games', 'Valve', 'Blizzard Entertainment']"
multiple,medium,History,When did the Crisis of the Third Century begin?,235 AD,"['235 BC', '242 AD', '210 AD']"
multiple,hard,Geography,Which river was dammed to create Gatun Lake and the Panama Canal?,Chagres River,"['Tuira River', 'Chucunaque River', 'Chepo River ']"
multiple,medium,Entertainment: Music,"Which of these songs by artist Eminem contain the lyric &quot;Nice to meet you. Hi, my name is... I forgot my name!&quot;?",Rain Man,"['Without Me', 'Kim', 'Square Dance']"
boolean,easy,Politics,One of Barack Obama&#039;s United States presidential campaign slogan&#039;s was &quot;Yes We Can&quot;.,True,['False']
multiple,medium,History,Who was the main developer of the Suez Canal?,Ferdinand de Lesseps,"['Louis-Eug&egrave;ne Cavaignac', 'John Milton', 'Johann Lukas von Hildebrandt']"
multiple,easy,Entertainment: Cartoon &amp; Animations,What was the name of the sea witch in the 1989 Disney film &quot;The Little Mermaid&quot;?,Ursula,"['Madam Mim', 'Maleficent', 'Lady Tremaine']"
boolean,medium,Science &amp; Nature,A defibrillator is used to start up a heartbeat once a heart has stopped beating.,False,['True']
boolean,medium,Geography,Tasmania is an island state of Australia.,True,['False']
boolean,easy,Science: Computers,The NVidia GTX 1080 gets its name because it can only render at a 1920x1080 screen resolution.,False,['True']
multiple,easy,Entertainment: Television,Who was the first ever actor to play &quot;The Doctor&quot; on &quot;Doctor Who&quot;?,William Hartnell,"['David Tennant', 'Peter Capaldi', 'Tom Baker']"
multiple,easy,Entertainment: Film,Who starred in the film 1973 movie &quot;Enter The Dragon&quot;?,Bruce Lee,"['Jackie Chan', 'Jet Li', ' Yun-Fat Chow']"
multiple,hard,Entertainment: Video Games,What is the name of the virus that infected New York in Tom Clancy&#039;s The Division?,Dollar Flu,"['Ebola', 'Red Poison', 'Smallpox']"
multiple,easy,Science: Computers,How long is an IPv6 address?,128 bits,"['32 bits', '64 bits', '128 bytes']"
multiple,medium,Entertainment: Music,"How many studio albums have the heavy metal band, &#039;Metallica&#039; released in the period between 1983 and 2016?",10,"['7', '9', '12']"
multiple,medium,General Knowledge,What is real haggis made of?,"Sheep&#039;s Heart, Liver and Lungs","['Sheep&#039;s Heart, Kidneys and Lungs', 'Sheep&#039;s Liver, Kidneys and Eyes', 'Whole Sheep']"
multiple,easy,Entertainment: Japanese Anime &amp; Manga,Who is the main character with yellow hair in the anime Naruto?,Naruto,"['Ten Ten', 'Sasuke', 'Kakashi']"
multiple,medium,Entertainment: Music,Who is the primary lyricist for Canadian progressive rock band Rush?,Neil Peart,"['Geddy Lee', 'Alex Lifeson', 'John Rutsey']"
multiple,hard,History,When did Spanish Peninsular War start?,1808,"['1806', '1810', '1809']"
multiple,medium,Art,Who painted &quot;The Scream&quot;?,Edvard Munch,"['Vincent Van Gogh', 'Picasso', 'Henri Matisse']"
multiple,medium,Entertainment: Music,Who released the 1991 album &quot;Out of Time&quot;?,R.E.M.,"['U2', 'Coldplay', 'The Rolling Stones']"
multiple,medium,Entertainment: Film,Who played Baron Victor Frankestein in the 1957 Hammer horror film &quot;The Curse of Frankenstein&quot;?,Peter Cushing,"['Boris Karloff', 'Vincent Price', 'Lon Chaney Jr.']"
multiple,medium,Science: Gadgets,This former Air Force and NASA engineer is the inventor of the Super Soaker water gun.,Lonnie Johnson,"['Bruce D&#039;Andrade', 'Frances Northcutt', 'Ashitey Trebi-Ollennu']"
multiple,medium,Entertainment: Music,"According to their 1974 hit, what were Brownsville Station doing &quot;In The Boys&#039; Room&quot;?",Smokin&#039;,"['Hangin&#039;', 'Lovin&#039;', 'Peein&#039;']"
multiple,medium,Entertainment: Music,Which artist or group did John Lennon consider &quot;son(s) of the Beatles&quot;?,Jeff Lynne&#039;s Electric Light Orchestra,"['The Rolling Stones', 'Pink Floyd', 'The Who']"
multiple,hard,Sports,Which male player won the gold medal of table tennis singles in 2016 Olympics Games?,Ma Long (China),"['Zhang Jike (China)', 'Jun Mizutani (Japan)', 'Vladimir Samsonov (Belarus)']"
multiple,medium,Geography,Where is the Volga River?,Russia,"['Bulgaria', 'India', 'Sweden']"
multiple,easy,Entertainment: Film,"Who directed the movies &quot;Pulp Fiction&quot;, &quot;Reservoir Dogs&quot; and &quot;Django Unchained&quot;?",Quentin Tarantino,"['Martin Scorcese', 'Steven Spielberg', 'James Cameron']"
multiple,medium,Entertainment: Video Games,What were the first two Pok&eacute;mon games released?,Red and Green,"['Red and Blue', 'Green and Blue', 'Red and Yellow']"
boolean,easy,Entertainment: Japanese Anime &amp; Manga,No Game No Life first aired in 2014.,True,['False']
multiple,medium,Entertainment: Television,"In Naruto: Shippuden, which of the following elements is a &quot;Kekkei Tōta?&quot;",Particle Style,"['Any Doujutsu', 'Shadow Style', 'Ice Style']"
multiple,medium,Science: Gadgets,How does a centrifuge separate&nbsp;heavy and light particles?,Spinning,"['Vibrating', 'Sifting', 'Ionizing']"
multiple,easy,Mythology,What mythology did the god &quot;Apollo&quot; come from?,Greek and Roman,"['Roman and Spanish', 'Greek and Chinese', 'Greek, Roman and Norse']"
boolean,easy,General Knowledge,French is an official language in Canada.,True,['False']
boolean,easy,Entertainment: Video Games,"In &quot;Super Mario 3D World&quot;, the Double Cherry power-up originated from a developer accidentally making two characters controllable.",True,['False']
multiple,medium,Entertainment: Music,Which of these is NOT the name of an album released by Miami-based producer DJ Khaled?,Don&#039;t Ever Play Yourself,"['Major Key', 'Suffering From Success', 'I Changed A Lot']"
multiple,medium,Entertainment: Japanese Anime &amp; Manga,Who voices the character &quot;Reigen&quot;  in the English dub of &quot;Mob Psycho 100&quot;?,Chris Niosi,"['Max Mittelman', 'Kyle McCarley', 'Casey Mongillo']"
multiple,easy,Entertainment: Music,Which one of these songs did the group &quot;Men At Work&quot; NOT make?,Safety Dance,"['Down Under', 'Who Can It Be Now?', 'It&#039;s a Mistake']"
multiple,easy,General Knowledge,"Of the following months, which has the most amount of days?",December,"['April', 'September', 'November ']"
multiple,medium,Entertainment: Music,Which of these is not a member of the virtual band Gorillaz?,Phi Cypher,"['Murdoc Niccals', 'Noodle', 'Russel Hobbs']"
multiple,easy,Entertainment: Television,"On the show &quot;Rick and Morty&quot;, in episode &quot;Total Rickall&quot;, who was a parasite?",Pencilvester,"['Beth Smith', 'Summer Smith', 'Mr. Poopy Butthole']"
multiple,easy,General Knowledge,What is the name of the antagonist group in Danganronpa Another Episode: Ultra Despair Girls?,Warriors of Hope,"['The Monokubs', 'Warriors of Despair', 'The Ultimate Despair']"
multiple,hard,Science: Computers,Which of the following computer components can be built using only NAND gates?,ALU,"['CPU', 'RAM', 'Register']"
multiple,hard,Geography,Which city is the capital of Michigan?,Lansing,"['Kalamazoo', 'Ann Arbor', 'Detroit']"
multiple,easy,Sports,Which of these teams has Jaromir Jagr not played for?,New York Islanders,"['Calgary Flames', 'New Jersey Devils', 'Dallas Stars']"
multiple,medium,Science &amp; Nature,What part of the brain takes its name from the Greek for seahorse?,Hippocampus,"['Cerebellum', 'Thalamus', 'Amygdala']"
multiple,medium,History,Which of these 1900s tanks were designed and built BEFORE the others?,Renault FT,"['M4 Sherman', ' Panzer IV', 'Cromwell ']"
multiple,hard,Entertainment: Video Games,Which of these online games was originally named LindenWorld in it&#039;s early development?,SecondLife,"['ActiveWorlds', 'IMVU', 'HabboHotel']"
multiple,medium,Entertainment: Film,Which 1958 movie starred Kirk Douglas and Tony Curtis as half-brothers Einar and Eric?,The Vikings ,"['The Long Ships', 'Prince Valiant', 'Spartacus']"
multiple,hard,Animals,Chronic Wasting Disease (CWD) exclusively infects members of which family of animals?,Cervids,"['Hominids', 'Felids', 'Canids']"
multiple,medium,Entertainment: Video Games,The default playermodel of Garry&#039;s Mod is this Half Life 2 character.,Isaac Kleiner,"['G-Man', 'Alyx Vance', 'Gordon Freeman']"
multiple,medium,Entertainment: Music,Which musical instrument is nicknamed &#039;the clown of the orchestra&#039;?,Bassoon,"['Piccolo', 'Tuba', 'Flute']"
multiple,hard,Science &amp; Nature,Which one of these is scientific term for &quot;Brain Freeze&quot;?,Sphenopalatine Ganglioneuralgia,"['Hyacinthoides Italica', 'Amaranthus Retroflexus', 'Amblyomma Americanum']"
multiple,medium,Entertainment: Music,"Which musical group won the Brit Awards in 1985, with George Michael as a member?",Wham!,"['Frankie Goes to Hollywood', 'U2', 'Culture Club']"
multiple,medium,Entertainment: Japanese Anime &amp; Manga,In &quot;Love Live: School Idol Project&quot; what pseudonym does Kotori Minami use in her job as a maid?,Minalinsky,"['Stanoytchev', 'Kuznetsov', 'Aqours']"
multiple,easy,Entertainment: Film,Who directed Marvel&#039;s Avengers Endgame?,The Russo Brothers,"['Zack Synder', 'Josh Whedon', 'Kevin Feige']"
multiple,easy,Entertainment: Cartoon &amp; Animations,"In My Little Pony, what is the name of Applejack&#039;s younger sister?",Apple Bloom,"['Red Delicious', 'Apple Sweets', 'Apple Fritter']"
multiple,medium,Entertainment: Television,"What is the title of The Allman Brothers Band instrumental used as the theme to the BBC motoring show, &#039;Top Gear&#039;?",Jessica,"['Angela', 'Erica', 'Sandra']"
multiple,medium,Mythology,"The Hippogriff, not to be confused with the Griffon, is a magical creature with the front half of an eagle, and the back half of what?",A Horse,"['A Dragon', 'A Tiger', 'A Lion']"
boolean,easy,Animals,Rabbits can see what&#039;s behind themselves without turning their heads.,True,['False']
multiple,medium,Entertainment: Film,Who voiced the character Draco in the 1996 movie &#039;DragonHeart&#039;?,Sean Connery,"['Dennis Quaid', 'Pete Postlethwaite', 'Brian Thompson']"
boolean,easy,Entertainment: Board Games,"In the Dungeons and Dragons universe, Beshaba is the deity of bad luck. ",True,['False']
boolean,medium,Politics,Helen Clark was the 37th Prime Minister of Australia.,False,['True']
multiple,easy,General Knowledge,The likeness of which president is featured on the rare $2 bill of USA currency?,Thomas Jefferson,"['Martin Van Buren', 'Ulysses Grant', 'John Quincy Adams']"
multiple,easy,Entertainment: Video Games,What is the main ship used by Commander Shepard in the Mass Effect Franchise called?,Normandy,"['Osiris', 'Infinity', 'Endeavour']"
multiple,medium,Celebrities,Which famous New York Yankees outfielder did Marilyn Monroe marry?,Joe DiMaggio,"['Tino Martinez', 'Babe Ruth', 'Mason Williams']"
multiple,hard,Entertainment: Japanese Anime &amp; Manga,Who was the Director of the 1988 Anime film &quot;Grave of the Fireflies&quot;?,Isao Takahata,"['Hayao Miyazaki', 'Satoshi Kon', 'Sunao Katabuchi']"
multiple,medium,Entertainment: Video Games,Who&#039;s the creator of Geometry Dash?,Robert Topala,"['Scott Cawthon', 'Adam Engels', 'Andrew Spinks']"
multiple,hard,Entertainment: Video Games,How many playable characters are there in Super Smash Bros. for Nintendo 3DS and Wii U?,58,"['48', '51', '55']"
multiple,medium,Entertainment: Video Games,"In the game &quot;Persona 4&quot;, what is the canonical name of the protagonist?",Yu Narukami,"['Chino Mashido', 'Tunki Sunada', 'Masaki Narinaka']"
multiple,hard,Entertainment: Comics,"Better known by his nickname Logan, what is Wolverine&#039;s birth name?",James Howlett,"['Logan Wolf', 'Thomas Wilde', 'John Savage']"
multiple,medium,Entertainment: Music,"&#039;I&#039;m never gonna dance again, guilty feet have got no rhythm&#039; were lyrics from which Wham! hit single?",Careless Whisper,"['Wake Me Up Before You Go-Go', 'Last Christmas', 'Everything She Wants']"
multiple,hard,Science &amp; Nature,Which of the following is NOT a real element?,Vitrainium,"['Praseodymium', 'Hassium', 'Lutetium']"
multiple,hard,Entertainment: Video Games,Where are Terror Fiends more commonly found in the Nintendo game Miitopia?,New Lumos,"['Peculia', 'The Sky Scraper', 'Otherworld']"
multiple,medium,Entertainment: Video Games,What is not a playable race in &quot;Final Fantasy XIV: A Realm Reborn&quot;?,Hume,"['Miqo&#039;te', 'Lalafell', 'Roegadyn']"
boolean,medium,Vehicles,The General Motors EV1 was the first street-legal production electric vehicle.,False,['True']
multiple,easy,Entertainment: Music,What was Daft Punk&#039;s first studio album?,Homework,"['Discovery', 'Random Access Memories', 'Human After All']"
multiple,easy,Entertainment: Video Games,"What is the name of &quot;Team Fortress 2&quot; update, in which it became Free-to-play?",&Uuml;ber Update,"['Pyromania Update', 'Mann-Conomy Update', 'Engineer Update']"
multiple,medium,Entertainment: Music,What is the real name of American rapper Pitbull?,Armando Christian P&eacute;rez,"['Ram&oacute;n Luis Ayala Rodr&iacute;guez', 'Benito Antonio Martinez Ocasio', 'Belcalis Marlenis Alm&aacute;nzar']"
boolean,medium,Science: Gadgets,"iRobot&#039;s revolutionary floor-cleaning vacuum, the Roomba, was first invented in 2002",True,['False']
multiple,hard,Science: Mathematics,What is the only Millennium Prize Problem that has been solved so far?,Poincar&eacute; conjecture,"['P vs. NP problem', 'Riemann Hypothesis', 'Fermat&#039;s conjecture']"
multiple,easy,Sports,The Rio 2016 Summer Olympics held it&#039;s closing ceremony on what date?,August 21,"['August 23', 'August 19', 'August 17']"
multiple,hard,Entertainment: Video Games,"In Geometry Dash, what is level 13?",Electroman Adventures,"['Theory of Everything', 'Clubstep ', 'Clutterfunk']"
boolean,hard,Entertainment: Video Games,"The video game &quot;Fuel&quot; has an open world that is 5,560 square miles?",True,['False']
multiple,medium,Entertainment: Video Games,What is the name of the 8th installment in the Fire Emblem series?,The Sacred Stones,"['Blazing Sword', 'Awakening', 'Path of Radiance']"
multiple,medium,Geography,How many states are in Australia?,6,"['7', '8', '5']"
multiple,medium,Entertainment: Music,What is the name of French electronic music producer Madeon&#039;s 2015 debut studio album?,Adventure,"['The City', 'Icarus', 'Pop Culture']"
multiple,medium,Geography,"In the 2016 Global Peace Index poll, out of 163 countries, what was the United States of America ranked?",103,"['10', '59', '79']"
multiple,medium,Geography,How tall is One World Trade Center in New York City?,"1,776 ft","['1,888 ft', '1,225 ft', '1,960 ft']"
multiple,easy,Entertainment: Television,In the show &quot;Futurama&quot; what is Fry&#039;s full name?,Philip J. Fry,"['Fry J. Philip', 'Fry Rodr&iacute;guez', 'Fry Philip']"
multiple,medium,General Knowledge,Which river flows through the Scottish city of Glasgow?,Clyde,"['Tay', 'Dee', 'Tweed']"
multiple,medium,Entertainment: Television,How long was Ken Jennings&#039; win streak on Jeopardy?,74,"['88', '49', '62']"
multiple,hard,Entertainment: Music,Which of these is Daft Punk&#039;s debut single?,The New Wave,"['Da Funk', 'Discovery', 'Around the World']"
multiple,easy,Entertainment: Music,&#039;The Safety Dance&#039; was the biggest hit single for which Canadian act?,Men Without Hats,"['Crash Test Dummies', 'The Tragically Hip', 'Broken Social Scene']"
multiple,medium,Entertainment: Cartoon &amp; Animations,What was the number on Gerald&#039;s shirt in &quot;Hey Arnold!&quot;?,33,"['88', '38', '83']"
multiple,medium,History,In what year was the famous 45 foot tall Hollywood sign first erected?,1923,"['1903', '1913', '1933']"
multiple,easy,Entertainment: Video Games,"In the Nintendo DS game &#039;Ghost Trick: Phantom Detective&#039;, what is the name of the hitman seen at the start of the game?",Nearsighted Jeego,"['One Step Ahead Tengo', 'Missile', 'Cabanela']"
multiple,easy,Entertainment: Video Games,"In the original Mega Man series, who is Mega Man&#039;s arch nemesis?",Dr. Wily,"['Dr. Light', 'Dr. Bad', 'Mr. Z']"
multiple,medium,Entertainment: Video Games,Who developed the 2016 farming RPG &quot;Stardew Valley&quot;?,Eric Barone,"['Daisuke Amaya', 'Jasper Byrne', 'Lucas Pope']"
multiple,hard,Geography,In what part of Wales will you find the village Llanfairpwllgwyngyllgogerychwyrndrobwllllantysiliogogogoch?,Anglesey,"['Pembrokeshire', 'Wrexham', 'Bridgend']"
multiple,medium,Entertainment: Video Games,Who created Agent 47 in the game series &quot;Hitman&quot;?,Dr. Otto Wolfgang Ort-Meyer,"['Professor Hertz Amadeus Schneider', 'Dr. Josef Mengele', 'Professor Otto Rothwinkler']"
multiple,easy,Entertainment: Video Games,"In Final Fantasy XIV, what is the name of the Deep Dungeon that was introduced in the expansion pack, Heavensward?",Palace of the Dead,"['Heaven on High', 'Aetherochemical Research Facility', 'Sunken Temple of Qarn']"
multiple,medium,General Knowledge,"What was the height of Kingda Ka, the tallest roller coaster in the world from 2005 to 2024?",456 ft,"['500 ft', '429 ft', '396 ft']"
multiple,easy,Entertainment: Japanese Anime &amp; Manga,What name is the main character Chihiro given in the 2001 movie &quot;Spirited Away&quot;?,Sen (Thousand),"['Hyaku (Hundred)', 'Ichiman (Ten thousand)', 'Juu (Ten)']"
multiple,medium,Politics,"Before 2016, in which other year did Donald Trump run for President?",2000,"['2012', '1988', '2008']"
multiple,medium,Mythology,What is the name of the wildman that Gilgamesh befriends and goes on adventures with?,Enkidu,"['Ishtar', 'Inanna', 'Agga']"
boolean,medium,Entertainment: Music,"Rapper Snoop Dogg&#039;s real name is &#039;Cordozar Calvin Broadus, Jr.&#039;.",True,['False']
boolean,easy,Entertainment: Video Games,Deus Ex (2000) does not feature the World Trade Center because it was destroyed by terrorist attacks according to the game&#039;s plot.,True,['False']
multiple,medium,Geography,Which of these Japanese islands is the largest by area?,Shikoku,"['Iki', 'Odaiba', 'Okinawa']"
multiple,medium,Sports,Which German sportswear company&#039;s logo is the &#039;Formstripe&#039;?,Puma,"['Nike', 'Adidas', 'Reebok']"
multiple,medium,Entertainment: Japanese Anime &amp; Manga,What studio animated Fullmetal Alchemist?,Bones,"['Trigger', 'Pierrot', 'xebec']"
multiple,medium,Entertainment: Japanese Anime &amp; Manga,What is the name of the main character of the anime &quot;One-Punch Man&quot;?,Saitama,"['Genos', 'Sonic', 'King']"
boolean,easy,Entertainment: Video Games,"In RuneScape, one must complete the &quot;Dragon Slayer&quot; quest before equipping Rune Platelegs.",False,['True']
multiple,medium,Science &amp; Nature,What is the Linnean name of the domestic apple tree?,Malus pumila,"['Malus americana', 'Pomus domestica', 'Appelus delectica']"
multiple,easy,Animals,What is the fastest  land animal?,Cheetah,"['Lion', 'Thomson&rsquo;s Gazelle', 'Pronghorn Antelope']"
boolean,easy,Entertainment: Music,The K-Pop Boy Band BTS debuted in the year 2013.,True,['False']
multiple,easy,Science &amp; Nature,What is the standard SI unit for temperature?,Kelvin,"['Fahrenheit', 'Celsius', 'Rankine']"
multiple,hard,Science &amp; Nature,"What common name is given to the medial condition, tibial stress syndrome (MTSS)?",Shin Splints,"['Tennis Elbow', 'Carpal Tunnel', 'Housemaid&#039;s Knee']"
multiple,hard,History,Which countries participated in the Lobster War?,France and Brazil,"['Canada and Norway', 'Australia and New Zealand', 'United States and England']"
multiple,hard,Science: Mathematics,What is the approximate value of mathematical constant e?,2.72,"['3.14', '1.62', '1.41']"
multiple,medium,Entertainment: Musicals &amp; Theatres,The musical &quot;Dirty Rotten Scoundrels&quot; is set in what country?,France,"['USA', 'Germany', 'Sweden']"
multiple,hard,Entertainment: Cartoon &amp; Animations,"In &quot;Gravity Falls&quot;, what does Quentin Trembley do when he is driven out from the White House?",Eat a salamander and jump out the window.,"['Leave in peace.', 'Jump out the window.', 'Release 1,000 captive salamanders into the white house.']"
multiple,medium,Entertainment: Video Games,Which of the following Call of Duty games was a PS3 launch title?,Call of Duty 3,"['Call of Duty 4: Modern Warfare', 'Call of Duty: World at War', 'Call of Duty: Roads to Victory']"
multiple,easy,Entertainment: Video Games,"Which Sonic the Hedgehog game was originally supposed to be packaged with Sonic 3, but was cut in half due to time constraints?",Sonic &amp; Knuckles,"['Sonic 2', 'Sonic CD', 'Sonic 3D Blast']"
multiple,medium,Politics,Which of the following Argentinian presidents was elected in 2015?,Mauricio Macri,"['Cristina Fernandez de Kirchner', 'Nestor Kirchner', 'Juan Domingo Peron']"
multiple,easy,Entertainment: Film,Who plays Jack Burton in the movie &quot;Big Trouble in Little China?&quot;,Kurt Russell,"['Patrick Swayze', 'John Cusack', 'Harrison Ford']"
boolean,easy,Entertainment: Video Games,Niko Bellic is the protagonist of Grand Theft Auto IV.,True,['False']
multiple,easy,History,The original Roman alphabet lacked the following letters EXCEPT:,X,"['W', 'U', 'J']"
multiple,medium,Entertainment: Video Games,What was the character Kirby originally going to be named?,Popopo,"['Dedede', 'Waddle Dee', 'Prince Puff']"
multiple,medium,Sports,What is Tiger Woods&#039; all-time best career golf-score?,61,"['65', '63', '67']"
boolean,medium,Entertainment: Music,&quot;The Division Bell&quot; is the final album of the progressive rock band Pink Floyd.,False,['True']
multiple,hard,Entertainment: Video Games,"Which day in &quot;Papers, Please&quot; does the man in red appear?",Day 23,"['Day 20', 'Day 17', 'Day 15']"
multiple,medium,Entertainment: Video Games,"In Hitman: Blood Money, what is the name of the target in the mission &quot;Death of a Showman&quot;?",Joseph Clarence,"['The Swing King', 'Maynard John', 'Manuel Delgado']"
multiple,medium,Entertainment: Video Games,"Which of these symbols can be seen on the shirt of the 1993 video game character, Bubsy T. Bobcat?",An exclamation point,"['A question mark', 'The letter B', 'Nothing']"
multiple,medium,Animals,Cashmere is the wool from which kind of animal?,Goat,"['Sheep', 'Camel', 'Llama']"
multiple,medium,Entertainment: Film,What was the name of the protagonist in the movie Commando (1985)?,John Matrix,"['Ben Richards', 'Douglas Quaid', 'Harry Tasker']"
multiple,medium,General Knowledge,Frank Lloyd Wright was the architect behind what famous building?,The Guggenheim,"['Villa Savoye', 'Sydney Opera House', 'The Space Needle']"
multiple,easy,Entertainment: Music,What album did The Lumineers release in 2016?,Cleopatra,"['Winter', 'The Lumineers', 'Tracks From The Attic']"
multiple,medium,Entertainment: Video Games,Which of these video game series have NOT had a promotional item appear in Team Fortress 2?,Half-Life,"['Quake', 'The Binding of Isaac', 'Fallout']"
multiple,medium,Entertainment: Japanese Anime &amp; Manga,Who wrote and directed the animated movie &quot;Spirited Away&quot; (2001)?,Hayao Miyazaki,"['Isao Takahata', 'Mamoru Hosoda', 'Hidetaka Miyazaki']"
boolean,easy,Entertainment: Video Games,English new wave musician Gary Numan founded the video game development company Facepunch Studios in March 2009.,False,['True']
multiple,medium,Entertainment: Video Games,How many Star Spirits do you rescue in the Nintendo 64 video game &quot;Paper Mario&quot;?,7,"['5', '10', '12']"
multiple,medium,Entertainment: Video Games,When was Final Fantasy XV released?,"November 29th, 2016","['October 25th, 2016', 'December 31th, 2016', 'November 30th, 2016']"
boolean,medium,Vehicles,Ferrari has never made a V10 engine for any of its cars.,False,['True']
boolean,easy,General Knowledge,The Lego Group was founded in 1932.,True,['False']
multiple,hard,Entertainment: Music,Which member of the Wu-Tang Clan had only one verse in their debut album Enter the Wu-Tang (36 Chambers)?,Masta Killa,"['Method Man', 'Inspectah Deck', 'GZA']"
boolean,easy,Entertainment: Video Games,"In the game &quot;Subnautica&quot;, a &quot;Spadefish&quot; will attack you.",False,['True']
multiple,hard,Science &amp; Nature,What element on the periodic table has 92 electrons?,Uranium,"['Sulfur', 'Hydrogen', 'Iron']"
multiple,medium,Entertainment: Music,Which singer was featured in Swedish producer Avicii&#039;s song &quot;Wake Me Up&quot;?,Aloe Blacc,"['John Legend', 'CeeLo Green', 'Pharrell Williams']"
multiple,easy,Entertainment: Video Games,Which of these is NOT a playable character in the 2016 video game Overwatch?,Invoker,"['Mercy', 'Winston', 'Zenyatta']"
boolean,easy,Entertainment: Video Games,"In &quot;Tony Hawk&#039;s Underground&quot;, the main character&#039;s friend turned rival is named &quot;Jeff Sampson&quot;",False,['True']
multiple,easy,Entertainment: Music,"In the  Rossini opera, what was the name of &#039;The Barber of Seville&#039;?",Figaro,"['Angelo', 'Fernando', 'Dave']"
multiple,hard,Entertainment: Board Games,"When Magic: The Gathering was first solicited, which of the following was it originally titled?",Mana Clash,"['Magic', 'Magic Clash', 'Mana Duels']"
boolean,medium,General Knowledge,Pure water effectively conducts electricity ,False,['True']
multiple,medium,Entertainment: Comics,"In Marvel Comics, Taurus is the founder and leader of which criminal organization?",Zodiac,"['Scorpio', 'Tiger Mafia', 'The Union']"
multiple,hard,Entertainment: Video Games,What is the name of your team in Star Wars: Republic Commando?,Delta Squad,"['The Commandos', 'Bravo Six', 'Vader&#039;s Fist']"
multiple,hard,Geography,The emblem on the flag of the Republic of Tajikistan features a sunrise over mountains below what symbol?,Crown,"['Bird', 'Sickle', 'Tree']"
multiple,hard,Entertainment: Music,Who wrote the song &quot;You Know You Like It&quot;?,AlunaGeorge,"['DJ Snake', 'Steve Aoki', 'Major Lazer']"
multiple,easy,Entertainment: Television,What is the name of the planet that the Doctor from television series &quot;Doctor Who&quot; comes from?,Gallifrey,"['Sontar', 'Skaro', 'Mondas']"
multiple,easy,Science: Computers,What programming language was GitHub written in?,Ruby,"['JavaScript', 'Python', 'Lua']"
multiple,medium,Geography,In which English county is Stonehenge?,Wiltshire,"['Somerset', 'Cumbria', 'Herefordshire']"
boolean,easy,General Knowledge,"&quot;27 Club&quot; is a term used to refer to a list of famous actors, musicians, and artists who died at the age of 27.",True,['False']
multiple,medium,History,What was the name of the national hero of the Philippines who inspired and lead the Philippine Revolution against colonial Spain?,Jos&eacute; Rizal,"['Sim&oacute;n Bol&iacute;var', 'Benito Ju&aacute;rez', 'Jos&eacute; de San Mart&iacute;n']"
multiple,medium,Geography,Which of the following is NOT a capital city?,Sydney,"['Cairo', 'Moscow', 'Beijing']"
multiple,easy,Entertainment: Books,"What was the name of Captain Nemo&#039;s submarine in &quot;20,000 Leagues Under the Sea&quot;?",The Nautilus,"['The Neptune', 'The Poseidon  ', 'The Atlantis']"
multiple,medium,Entertainment: Film,"What was another suggested name for, the 1985 film, Back to the Future?",Spaceman From Pluto,"['Hill Valley Time Travelers', 'The Time Travelers', 'The Lucky Man']"
multiple,medium,Entertainment: Television,Cesar Romero played which iconic Batman villain from the 1960&#039;s TV show?,The Joker,"['The Penguin', 'The Riddler', 'Mr. Freeze']"
multiple,hard,Celebrities,How tall is Tom Cruise?,5&prime; 7&Prime;,"['5&prime; 9&Prime;', '5&prime; 4&Prime;', '5&prime; 5&Prime;']"
multiple,medium,Entertainment: Video Games,What is the item required to summon the boss Duke Fishron in the game Terraria?,Truffle Worm,"['Suspicious Looking Fish', 'King Grasshopper', 'Slug']"
multiple,easy,Vehicles,What is the name of Nissan&#039;s most popular electric car?,Leaf,"['Tree', 'Deer', 'Roots']"
multiple,easy,Science: Computers,What is the domain name for the country Tuvalu?,.tv,"['.tu', '.tt', '.tl']"
multiple,easy,Sports,Which English football club has the nickname &#039;The Foxes&#039;?,Leicester City,"['Northampton Town', 'Bradford City', 'West Bromwich Albion']"
multiple,medium,History,The Herero genocide was perpetrated in Africa by which of the following colonial nations?,Germany,"['Britain', 'Belgium', 'France']"
multiple,hard,Entertainment: Musicals &amp; Theatres,Who serves as the speaker of the prologue in Shakespeare&#039;s Romeo and Juliet?,Chorus,"['Montague', 'Refrain', 'Capulet']"
multiple,medium,Entertainment: Film,Which stand-up comedian voiced the talking parrot &quot;Iago&quot; in Disney&#039;s 1992 adaptation of Aladdin?,Gilbert Gottfried,"['Robin Williams', 'Pauly Shore', 'Jonathan Freeman']"
multiple,easy,Entertainment: Video Games,In PROTOTYPE 2. who is referred to as &quot;Tango Primary&quot;?,James Heller,"['Alex Mercer', 'Dana Mercer', 'Any Goliaths roaming around']"
boolean,medium,Animals,Hyenas are more closely related to cats than to dogs.,True,['False']
multiple,hard,Entertainment: Film,In what Disney movie can you spot the character &quot;Pac-Man&quot; in if you look closely enough in some scenes?,Tron,"['Big Hero 6', 'Fantasia', 'Monsters, Inc.']"
multiple,hard,Entertainment: Video Games,"In the &quot;Pikmin&quot; games, which of the following pikmin colors lacks it&#039;s own &quot;Onion&quot; nest?",Purple,"['Winged', 'Blue', 'Rock']"
multiple,hard,Entertainment: Video Games,"What&#039;s the name of the halloween-related Sims 4 Stuff Pack released September 29th, 2015?",Spooky Stuff,"['Ghosts n&#039; Ghouls', 'Nerving Nights', 'Fearful Frights']"
multiple,medium,General Knowledge,What is the average life span of a garden ant?,15 years,"['24 hours', '1 week', '3 years']"
boolean,easy,Entertainment: Japanese Anime &amp; Manga,"In the anime &quot;Naruto&quot;, the main character is a female.",False,['True']
multiple,medium,Entertainment: Television,In what year did &quot;The Big Bang Theory&quot; debut on CBS?,2007,"['2008', '2006', '2009']"
multiple,medium,Entertainment: Board Games,What type is &quot;Magic Drain&quot; in Yugioh! Trading Card Game?,Counter Trap,"['Normal Trap', 'Quick-Play Spell', 'Field Spell']"
multiple,medium,Entertainment: Television,When did Spongebob Squarepants first air?,"May 1, 1999","['July 20, 2000', 'February 6, 2003', 'June 27, 1997']"
boolean,easy,Entertainment: Film,Ewan McGregor did not know the name of the second prequel film of Star Wars during and after filming.,True,['False']
multiple,easy,Entertainment: Film,Which film has been critically regarded as the best film of all time?,Citizen Kane,"['Avatar', 'The Godfather Part II', 'The Room']"
multiple,hard,Entertainment: Japanese Anime &amp; Manga,"In &quot;One Piece&quot;, what does &quot;the Pirate King&quot; mean to the captain of the Straw Hat Pirates?",Freedom,"['Promise', 'Adventure', 'Friendship']"
multiple,hard,Entertainment: Video Games,When was Steam first released?,2003,"['2004', '2011', '2007']"
multiple,medium,Geography,Which of the following countries is within the Eurozone but outside of the Schengen Area?,Cyprus,"['Malta', 'Greece', 'Portugal']"
multiple,easy,Entertainment: Video Games,Who voices GLaDOS in the Portal games?,Ellen McLain,"['Michelle Forbes ', 'Mary Kae Irvin ', 'Natasha Radski']"
multiple,medium,Entertainment: Video Games,Who is the main character in the video game &quot;Just Cause 3&quot;?,Rico Rodriguez,"['Tom Sheldon', 'Marcus Holloway', 'Mario Frigo']"
multiple,medium,Entertainment: Film,Which musical artist had a prominent role in the 2017 film &quot;Kingsman: The Golden Circle&quot;?,Elton John,"['Lady Gaga', 'Rihanna', 'Justin Bieber']"
boolean,easy,Science: Computers,Linux was first created as an alternative to Windows XP.,False,['True']
multiple,medium,Entertainment: Comics,"Which Doom Patrol member was a later addition, first appearing in 1989?",Crazy Jane,"['Elast-Girl', 'Robotman', 'Negative Man']"
multiple,easy,Entertainment: Books,"Who is the author of the &quot;A Song of Ice and Fire&quot; book series, starting with &quot;A Game of Thrones&quot;?",George R. R. Martin,"['Brandon Sanderson', 'J. R. R. Tolkien', 'Steven Erikson']"
multiple,medium,Entertainment: Comics,"In Marvel comics, which of the following is not one of the infinity stones?",Energy,"['Time', 'Power', 'Soul']"
multiple,easy,General Knowledge,What is Tasmania?,An Australian State,"['A flavor of Ben and Jerry&#039;s ice-cream', 'A Psychological Disorder', 'The Name of a Warner Brothers Cartoon Character']"
multiple,medium,Entertainment: Video Games,Killing Floor started as a mod for which Unreal Engine 2 game?,Unreal Tournament 2004,"['Deus Ex: Invisible War', 'Unreal Tournament 3', 'Postal']"
multiple,easy,Entertainment: Music,Which year was the album &quot;Year of the Snitch&quot; by Death Grips released?,2018,"['2013', '2017', '2011']"
multiple,easy,Science &amp; Nature,Rhinoplasty is a surgical procedure on what part of the human body?,Nose,"['Ears', 'Chin', 'Neck']"
multiple,medium,Science &amp; Nature,Which of the following spacecraft never touched the moon?,Mariner 4,"['Apollo 11', 'Luna 2', 'SMART-1']"
multiple,easy,Animals,What is the scientific name for modern day humans?,Homo Sapiens,"['Homo Ergaster', 'Homo Erectus', 'Homo Neanderthalensis']"
multiple,medium,Entertainment: Video Games,How many controllers could a Nintendo GameCube have plugged in at one time?,4,"['8', '6', '2']"
multiple,easy,Entertainment: Japanese Anime &amp; Manga,Satella in &quot;Re:Zero&quot; is the witch of what?,Envy,"['Pride', 'Sloth', 'Wrath']"
multiple,hard,Entertainment: Television,What&#039;s Dr. Doofenshmirtz first name?,Heinz,"['Hans', 'Hank', 'Heidi']"
multiple,easy,Entertainment: Video Games,Which of these following weapon or equipment exists in Counter Strike but not in Counter Strike: Source?,Tactical Shield,"['Molotov Cocktail', 'MP5 Navy', 'TMP']"
multiple,hard,Science &amp; Nature,Which of these is a stop codon in DNA?,TAA,"['ACT', 'ACA', 'GTA']"
boolean,easy,Entertainment: Music,The music video to The Buggle&#039;s &quot;Video Killed the Radio Star&quot; was the first music video to broadcast on MTV.,True,['False']
multiple,hard,Entertainment: Cartoon &amp; Animations,In the 1968 Cartoon Show &quot;Wacky Races&quot; what was the name of cavemen duo who rode in The Boulder Mobile?,The Slag Brothers,"['The Slate Brothers', 'The Rock Brothers', 'The Stone Brothers']"
multiple,easy,Entertainment: Japanese Anime &amp; Manga,What is the name of JoJo&#039;s Bizarre Adventure Part 5?,Vento Aureo,"['Vento Oreo', 'Vanto Aureo', 'Vento Eureo']"
boolean,easy,General Knowledge,A pasodoble is a type of Italian pasta sauce.,False,['True']
boolean,easy,Entertainment: Japanese Anime &amp; Manga,Gosho Aoyama Made This Series: (Detective Conan / Case Closed!),True,['False']
multiple,medium,Entertainment: Video Games,"In Left 4 Dead, which campaign has the protagonists going through a subway in order to reach a hospital for evacuation?",No Mercy,"['Subway Sprint', 'Hospital Havoc', 'Blood Harvest']"
multiple,medium,General Knowledge,Where did the pineapple plant originate?,South America,"['Hawaii', 'Europe', 'Asia']"
multiple,easy,Entertainment: Video Games,"In The Elder Scrolls: Oblivion, the horse that goes by the name Shadowmere is given by what guild?",Dark Brotherhood,"['Thieves', 'Fighters', 'Mages']"
multiple,medium,Entertainment: Television,What does Bart sell his soul for in The Simpsons episode &#039;Bart Sells His Soul&#039;?,$5,"['A Copy of Bonestorm 2', '$100', 'A Giant Gobstopper']"
multiple,medium,Entertainment: Video Games,Which video game earned music composer Mike Morasky the most awards for his work?,Portal 2,"['Left 4 Dead 2', 'Team Fortress 2', 'Counter-Strike: Global Offensive']"
boolean,easy,Art,Leonardo da Vinci was not the creator of the Mona Lisa.,False,['True']
boolean,hard,History,The USS Missouri (BB-63) last served in the Korean War.,False,['True']
boolean,easy,History,The Tiananmen Square protests of 1989 were held in Hong Kong.,False,['True']
multiple,easy,Entertainment: Video Games,Rocket League is a game which features..,Cars,"['Helicopters', 'Planes', 'Submarines']"
boolean,medium,History,The two atomic bombs dropped on Japan by the United States in August 1945 were named &#039;Little Man&#039; and &#039;Fat Boy&#039;.,False,['True']
multiple,medium,Entertainment: Film,In which African country was the 2006 film &#039;Blood Diamond&#039; mostly set in?,Sierra Leone,"['Liberia', 'Burkina Faso', 'Central African Republic']"
multiple,easy,Entertainment: Cartoon &amp; Animations,What was the first Disney movie to use CGI?,The Black Cauldron,"['Tron', 'Toy Story', 'Fantasia']"
multiple,medium,Entertainment: Japanese Anime &amp; Manga,Which Japanese music group was formed to produce theme music for the anime &quot;Guilty Crown&quot;?,Egoist,"['Goose house', 'Babymetal', 'Garnidelia']"
multiple,medium,Entertainment: Video Games,Just Cause 2 was mainly set in what fictional Southeast Asian island country?,Panau,"['Davao', 'Macau', 'Palau']"
multiple,hard,Entertainment: Film,"Which 1994 film did Roger Ebert famously despise, saying &quot;I hated hated hated hated hated this movie&quot;.",North,"['3 Ninjas Kick Back', 'The Santa Clause', 'Richie Rich']"
multiple,easy,Entertainment: Video Games,"In the video game franchise &quot;Halo&quot;, what is the UNSC&#039;s main opposing faction called?",The Covenant,"['The Reckoning', 'The Peoples', 'The Slaughterers']"
multiple,medium,Entertainment: Video Games,What Sims console game featured the Black Eyed Peas in the game?,The Urbz: Sims In The City,"['The Sims 2', 'The Sims', 'The Sims: Bustin Out']"
multiple,medium,Celebrities,Which of these people is NOT a part of the Internet comedy group Mega64?,Jon Jafari,"['Rocco Botte', 'Derrick Acosta', 'Shawn Chatfield']"
multiple,medium,General Knowledge,All Souls and Merton are constituent colleges of what university?,Oxford,"['Cambridge', 'Manchester', 'Leeds']"
multiple,easy,Entertainment: Video Games,What is the first weapon you acquire in Half-Life?,A crowbar,"['A pistol', 'The H.E.V suit', 'Your fists']"
multiple,medium,Science &amp; Nature,What is the name of the cognitive bias wherein a person with low ability in a particular skill mistake themselves as being superior?,Dunning-Kruger effect,"['Meyers-Briggs effect', 'M&uuml;ller-Lyer effect', 'Freud-Hall effect']"
multiple,hard,Entertainment: Board Games,"How many rooms are there, not including the hallways and the set of stairs, in the board game &quot;Clue&quot;?",9,"['1', '6', '10']"
multiple,easy,Science &amp; Nature,"What was the name of the first artificial Earth satellite, launched by the Soviet Union in 1957?",Sputnik 1,"['Soyuz 7K-OK', 'Zenit-2', 'Voskhod 3KV']"
multiple,medium,Science: Mathematics,"To the nearest whole number, how many radians are in a whole circle?",6,"['3', '4', '5']"
multiple,medium,Entertainment: Video Games,Mirror&#039;s Edge Catalyst takes place in the City of...?,Glass,"['Mirrors', 'Purity', 'Diamonds']"
boolean,easy,Geography,Colombia is named after Christopher Columbus.,True,['False']
boolean,easy,Entertainment: Board Games,&quot;PAYDAY: The Heist&quot; is a sequel to the board game &quot;Payday&quot;.,False,['True']
multiple,medium,Entertainment: Video Games,Who is the English voice actor for Sora from the Kingdom Hearts series?,Haley Joel Osment,"['Kōki Uchiyama', 'Jesse McCartney', 'Miyu Irino']"
multiple,easy,Entertainment: Video Games,Who created the indie adventure game &quot;Night in the Woods&quot;?,Alec Holowka,"['Ron Gilbert', 'Tim Schafer', ' Tommy Refenes']"
boolean,medium,Entertainment: Music,Pink Guy&#039;s debut album was &quot;Pink Season&quot;.,False,['True']
boolean,easy,Entertainment: Video Games,Donkey Kong was originally set to be a Popeye arcade game.,True,['False']
multiple,hard,Entertainment: Video Games,"In Stardew Valley, what is the reward for completing all of the Bulletin Board bundles?",Additional Friendship points,"['Glittering Boulder removed', 'Bus is repaired', 'Greenhouse']"
multiple,medium,Entertainment: Television,"In the episode of SpongeBob SquarePants, &quot;Survival of the Idiots&quot;, Spongebob called Patrick which nickname?",Pinhead,"['Starfish', 'Larry', 'Dirty Dan']"
multiple,medium,General Knowledge,"The new One World Trade Center in Manhattan, New York City was designed by which architect? ",David Childs,"['Bjarke Ingels', 'Michael Arad', 'Fumihiko Maki']"
multiple,medium,Entertainment: Books,"According to The Hitchhiker&#039;s Guide to the Galaxy book, the answer to life, the universe and everything else is...",42,"['Loving everyone around you', 'Chocolate', 'Death']"
multiple,medium,Entertainment: Video Games,Which of these is NOT the name of a team leader in Pok&eacute;mon GO?,Leif,"['Blanche', 'Spark', 'Candela']"
multiple,medium,Entertainment: Video Games,Which pop singer was brought in by SEGA to produce the music for &quot;Sonic the Hedgehog 3&quot;?,Michael Jackson ,"['Prince', 'George Michael', 'Vanilla Ice ']"
multiple,medium,Geography,How many countries are larger than Australia?,5,"['4', '3', '6']"
multiple,medium,Entertainment: Video Games,Which Overwatch character says the line &quot;Heroes never die!&quot;?,Mercy,"['Reaper', 'Sonic', 'Ana']"
multiple,hard,Sports,Which city features all of their professional sports teams&#039; jersey&#039;s with the same color scheme?,Pittsburgh,"['New York', 'Seattle', 'Tampa Bay']"
boolean,easy,Entertainment: Video Games,"In &quot;Space Station 13&quot;,  the station has a clown aboard it.",True,['False']
multiple,easy,Entertainment: Film,&quot;The first rule is: you don&#039;t talk about it&quot; is a reference to which movie?,Fight Club,"['The Island', 'Unthinkable', 'American Pie']"
multiple,easy,Entertainment: Film,Who played Thanos in Avengers: Infinity War and Avengers: End Game?,Josh Brolin,"['Tom Hiddleston', 'Adam Sandler', 'Sean Gunn']"
multiple,hard,Entertainment: Video Games,Which of these games was NOT developed by Markus Persson?,Dwarf Fortress,"['Minecraft', 'Wurm Online', '0x10c']"
multiple,medium,Sports,In what sport does Fanny Chmelar compete for Germany?,Skiing,"['Swimming', 'Showjumping', 'Gymnastics']"
multiple,hard,History,"The coat of arms of the King of Spain contains the arms from the monarchs of Castille, Leon, Aragon and which other former Iberian kingdom?",Navarre,"['Galicia', 'Granada', 'Catalonia']"
multiple,medium,Entertainment: Video Games,What was the name of the device used by Scarecrow in Batman: Arkham Knight to cover Gotham in fear gas?,The Cloudburst,"['The Fear Bomb', 'The Fearburst', 'Cloud Dispersal System']"
multiple,hard,Entertainment: Video Games,Which of these Pokemon is NOT exclusively female?,Clefairy,"['Salazzle', 'Mandibuzz', 'Illumise']"
multiple,hard,Science: Computers,Which data structure does FILO apply to?,Stack,"['Queue', 'Heap', 'Tree']"
multiple,medium,Sports,"In 2016, who won the Formula 1 World Constructor&#039;s Championship for the third time in a row?",Mercedes-AMG Petronas,"['Scuderia Ferrari', 'McLaren Honda', 'Red Bull Racing Renault']"
multiple,hard,Animals,Which species is a &quot;mountain chicken&quot;?,Frog,"['Chicken', 'Horse', 'Fly']"
multiple,hard,General Knowledge,What is the name of the currency used in Ethiopia?,Birr,"['Dirham', 'U.S. Dollar', 'Rand']"
multiple,hard,Science: Mathematics,Which of the following famous mathematicians died in a duel at the age of 20?,Galois,"['Abel', 'Euler', 'Gauss']"
multiple,hard,Entertainment: Books,Which fictional English county was the setting for Thomas Hardy&#039;s novels?,Wessex,"['Barsetshire', 'Fulchester', 'Ambridge']"
multiple,easy,Science: Computers,What is the commonly used keyboard shortcut for the &#039;Copy&#039; function on Windows OS?,Ctrl + C,"['Ctrl + X', 'Alt + C', 'Alt + X']"
multiple,easy,Entertainment: Video Games,Who is the founder of Team Fortress 2&#039;s fictional company &quot;Mann Co&quot;?,Zepheniah Mann,"['Cave Johnson', 'Wallace Breem', 'Saxton Hale']"
multiple,easy,History,Who discovered Penicillin?,Alexander Flemming,"['Marie Curie', 'Alfred Nobel', 'Louis Pasteur']"
multiple,medium,Politics,Who was elected leader of the UK Labour Party in September 2015?,Jeremy Corbyn,"['Ed Miliband', 'David Cameron', 'Theresa May']"
multiple,easy,Entertainment: Cartoon &amp; Animations,Who created the Cartoon Network series &quot;Adventure Time&quot;?,Pendleton Ward,"['J. G. Quintel', 'Ben Bocquelet', 'Rebecca Sugar']"
multiple,medium,General Knowledge,"According to the BBPA, what is the most common pub name in the UK?",Red Lion,"['Royal Oak', 'White Hart', 'King&#039;s Head']"
multiple,easy,Entertainment: Video Games,"In &quot;Call Of Duty: Zombies&quot;, what is the name of the Pack-A-Punched Crossbow?",Awful Lawton,"['Longinus', 'V-R11', 'Predator']"
multiple,medium,Entertainment: Video Games,What CS:GO case contains the Butterfly Knife?,Breakout Case,"['Shadow Case', 'Vanguard Case', 'Esports 2014 Case']"
multiple,medium,History,"The Fallingwater House, located in Pennsylvania, was designed by which architect?",Frank Lloyd Wright,"['Antoni Gaudi', 'Frank Gehry', 'Le Corbusier']"
multiple,medium,Entertainment: Books,George Orwell&#039;s novel &quot;Animal Farm&quot; was inspired by which historical event?,The rise of communism and Stalin&#039;s policies.,"['The rise of Imperial Japan and Pacific control.', 'The rise of fascism and Hitler&#039;s influences.', 'Franklin D. Roosevelt&#039;s New Deal and its effects on The Great Depression.']"
multiple,easy,Entertainment: Television,What was the name of the the first episode of Doctor Who to air in 1963?,An Unearthly Child,"['The Daleks', 'The Aztecs', 'The Edge of Destruction']"
multiple,hard,General Knowledge,This Ghanaian entrepreneur is a pioneer of microlending.,Esther Afua Ocloo,"['Farida Bedwei', 'Ama Ata Aido', 'Sionne Neely']"
multiple,medium,Science: Computers,When did the online streaming service &quot;Mixer&quot; launch?,2016,"['2013', '2009', '2011']"
multiple,easy,Science: Computers,The Windows OS was delevoped by which company?,Microsoft,"['Apple', 'Nokia', 'IBM']"
multiple,medium,Entertainment: Film,"In the 1971 film &quot;Willy Wonka &amp; the Chocolate Factory&quot;, who played Willy Wonka?",Gene Wilder,"['Shia LeBouf', 'Peter Ostrum', 'Johnny Depp']"
multiple,hard,Politics,Which nation joined NATO as its 29th member in 2017?,Montenegro,"['Estonia', 'Andorra', 'Iceland']"
multiple,easy,History,How many Sister Ships were related to the TItanic?,2,"['4', '3', '1']"
multiple,medium,Entertainment: Television,In which year did the British television series &quot;The Bill&quot; end?,2010,"['2001', '2007', '2012']"
boolean,hard,Entertainment: Japanese Anime &amp; Manga,The protagonist in &quot;Humanity Has Declined&quot; has no discernable name and is simply referred to as &#039;I&#039; for most of the series.,True,['False']
multiple,medium,General Knowledge,Rolex is a company that specializes in what type of product?,Watches,"['Cars', 'Computers', 'Sports equipment']"
boolean,easy,Politics,Former president Theodore Roosevelt (1900-1908)  ran for another term under the Progressive Party in 1912.,True,['False']
multiple,easy,Entertainment: Board Games,"In Dungeons and Dragons (5th edition), what stat do you normally add onto your initiative die roll?",Dexterity,"['Speed', 'Strength', 'Wisdom']"
multiple,medium,Entertainment: Video Games,"In the PAYDAY series, who is the iconic leader of the PAYDAY gang?",Dallas,"['Wolf', 'Chains', 'Hoxton']"
multiple,easy,Science &amp; Nature,What is the primary addictive substance found in tobacco?,Nicotine,"['Cathinone', 'Ephedrine', 'Glaucine']"
multiple,hard,Entertainment: Video Games,"In &quot;Final Fantasy VI&quot;, what is the name of (summoned) Gilgamesh&#039;s weakest attack?",Excalipoor,"['Excalibore', 'Excalisnore', 'Excalisore']"
multiple,medium,Entertainment: Film,Who voices the main character Blu in the 2011 animated film &quot;Rio&quot;?,Jesse Eisenberg,"['Michael Cera', 'Jonah Hill', 'Zach Galifianakis']"
multiple,easy,Entertainment: Music,"Which Daft Punk album is the song &quot;Harder, Better, Faster, Stronger&quot; from?",Discovery,"['Homework', 'Random Access Memories', 'Human After All']"
multiple,medium,Entertainment: Books,"What was the name of the Mysterious Island, in Jules Verne&#039;s &quot;The Mysterious Island&quot;?",Lincoln Island,"['Vulcania Island', 'Prometheus Island', 'Neptune Island']"
multiple,hard,Entertainment: Video Games,Which team won the &quot;Tom Clancy&#039;s Rainbow Six Siege&quot; Invitational Event February 2017 in the PC Category?,Continuum,"['GIFU', 'Santos Dexterity', 'eRa Eternity']"
multiple,easy,Entertainment: Cartoon &amp; Animations,"In the 1993 Disney animated series &quot;Bonkers&quot;, what is the name of Bonker&#039;s second partner?",Miranda Wright,"['Dick Tracy', 'Eddie Valiant', 'Dr. Ludwig von Drake']"
multiple,medium,History,When did Vesuvius destroy the city of Pompeii? ,79 AD,"['62 AD', '31 BC', '54 BC']"
boolean,medium,Entertainment: Video Games,Shang Tsung is a playable character in Mortal Kombat XL.,False,['True']
multiple,medium,History,What historical event was Tchaikovsky&#039;s 1812 Overture referencing?,The Napoleonic Wars,"['The American War of 1812', 'The Russian Revolution', 'The Charge of the Light Brigade (Crimean War)']"
boolean,easy,Entertainment: Video Games,"Gordon Freeman, the protagonist of &quot;Half-Life&quot;, is said to have once had a ponytail.",True,['False']
boolean,hard,General Knowledge,"In Scandinavian languages, the letter &Aring; means river.",True,['False']
multiple,easy,Entertainment: Japanese Anime &amp; Manga,Which of the following originated as a manga?,Akira,"['Cowboy Bebop', 'High School DxD', 'Gurren Lagann']"
multiple,easy,General Knowledge,Who is the origin of the quote &quot;What doesn&#039;t kill you makes you stronger&quot;?,Friedrich Nietzsche,"[' G. Gordon Liddy', 'Kelly Clarkson', 'Christopher Hitchens']"
multiple,medium,Entertainment: Film,About how much money did it cost for Tommy Wiseau to make his masterpiece &quot;The Room&quot; (2003)?,$6 Million,"['$20,000', '$1 Million', '$10 Million']"
multiple,easy,Sports,Which NFL team plays for New England?,Patriots,"['Chiefs', 'Dolphins', '49ers']"
multiple,hard,Entertainment: Video Games,How long was the World Record Speed Run of Valve Software&#039;s &quot;Half-Life&quot; that was done in 2014.,"20 Minutes, 41 Seconds","['45 Minutes, 32 Seconds', '5 Minutes, 50 Seconds', '12 Minutes, 59 Seconds']"
multiple,medium,Politics,What year did Gerald Ford Become President?,1974,"['1977', '1973', '1969']"
boolean,easy,Entertainment: Video Games,Peter Molyneux was the founder of Bullfrog Productions.,True,['False']
multiple,easy,Entertainment: Video Games,What company developed the Xbox line of video game consoles?,Microsoft,"['Sony', 'Toshiba', 'IBM']"
multiple,medium,General Knowledge,The website &quot;Shut Up &amp; Sit Down&quot; reviews which form of media?,Board Games,"['Television Shows', 'Video Games', 'Films']"
multiple,hard,Entertainment: Film,"What was the name of the actor who played Leatherface in the 1974 horror film, The Texas Chainsaw Massacre?",Gunnar Hansen,"['Edwin Neal', 'John Dugan', 'Joe Bill Hogan']"
multiple,medium,Geography,What is the capital of Belarus?,Minsk,"['Warsaw', 'Kiev', 'Vilnius']"
multiple,easy,Science: Computers,What does the Prt Sc button do?,Captures what&#039;s on the screen and copies it to your clipboard,"['Nothing', 'Saves a .png file of what&#039;s on the screen in your screenshots folder in photos', 'Closes all windows']"
multiple,medium,Geography,What is the northernmost human settlement with year round inhabitants?,"Alert, Canada","['Nagurskoye, Russia', 'McMurdo Station, Antarctica ', 'Honningsv&aring;g, Norway']"
boolean,medium,Geography,"Route 66 in the United States spans the entire mainland of America, from California to New York.",False,['True']
multiple,hard,Entertainment: Music,Bj&ouml;rk&#039;s &quot;Unison&quot; contains a sample of which Oval song?,Aero Deck,"['Textuell', 'Panorama', 'Do While']"
multiple,medium,Entertainment: Video Games,&quot;Rollercoaster Tycoon&quot; was programmed mostly entirely in...,x86 Assembly,"['C++', 'C', 'ALGOL']"
boolean,medium,Politics,Theresa May was the first female Prime Minister of the United Kingdom.,False,['True']
multiple,hard,Vehicles,Which Variable Valve Timing technology is used by BMW?,VANOS,"['VVT-iw', 'VVEL', 'MultiAir']"
multiple,hard,Entertainment: Music,Who had a 1981 hit with the song &quot;Japanese Boy&quot;?,Aneka,"['Toyah', 'Sandra', 'Madonna']"
boolean,easy,History,The Cold War ended with Joseph Stalin&#039;s death.,False,['True']
multiple,medium,Entertainment: Video Games,In which game did the Konami Code make its first appearance?,Gradius,"['Contra', 'Castlevania', 'Dance Dance Revolution']"
multiple,medium,Geography,"Frankenmuth, a US city nicknamed &quot;Little Bavaria&quot;, is located in what state?",Michigan,"['Pennsylvania', 'Kentucky', 'Virginia']"
multiple,medium,Entertainment: Television,What is the surname of the character Daryl in AMC&#039;s show The Walking Dead?,Dixon,"['Grimes', 'Dickinson', 'Dicketson']"
multiple,medium,Entertainment: Video Games,Which of these characters is NOT a boss in Crash Bash?,Ripper Roo,"['Papu Papu', 'Komodo brothers', 'Nitros Oxide']"
multiple,medium,General Knowledge,A doctor with a PhD is a doctor of what?,Philosophy,"['Psychology', 'Phrenology', 'Physical Therapy']"
multiple,medium,Science &amp; Nature,What is the largest living organism currently known to man?,Honey Fungus,"['Blue Whale', 'Redwood Tree', 'The Coral Reef']"
multiple,medium,Mythology,Who was the Roman god of fire?,Vulcan,"['Apollo', 'Jupiter', 'Mercury']"
multiple,medium,Entertainment: Music,Who is the lead singer of the Smashing Pumpkins?,Billy Corgan,"['Brett Scallions', 'Eddie Vedder', 'Chino Moreno']"
multiple,hard,Entertainment: Japanese Anime &amp; Manga,Which song was the callsign for Stefan Verdemann&#039;s KWFM radio station in Urasawa Naoki&#039;s &quot;Monster&quot;?,Over the Rainbow,"['What a Wonderful World', 'When You Wish Upon A Star', 'Singing In The Rain']"
multiple,medium,Entertainment: Video Games,"In World of Warcraft Lore, four Old Gods created a giant and powerful creature. What was it called? ",The Ancient One,"['Anomalous', 'Eater of Souls', 'The Lich King']"
multiple,easy,Celebrities,"Named after a character he played in a 1969 film, what is the name of the ski resort in Utah that Robert Redford bought in 1968?",Sundance,"['Woodward', 'Turner', 'Booker']"
multiple,hard,General Knowledge,Chartreuse is a color between yellow and what?,Green,"['Red', 'Black', 'Purple']"
multiple,medium,Geography,What continent is the country Lesotho in?,Africa,"['Asia', 'South America', 'Europe']"
multiple,medium,Science &amp; Nature,How many officially recognized dwarf planets in the solar system are named after Polynesian deities?,2,"['0', '1', '5']"
multiple,medium,Sports,How many games did Arsenal FC go unbeaten during the 2003-2004 season of the English Premier League,38,"['51', '49', '22']"
multiple,hard,Entertainment: Comics,What are the names of the two &quot;Canon fan trolls&quot; in &quot;Homestuck&quot;?,Mierfa Durgas and Nektan Whelan,"['The Wrycrown and Voksea Olkido', 'Aikter Frekik and Xagrai Ollomu', 'Grekei Ceknux and Riya Camacho']"
boolean,medium,Science: Mathematics,The Pythagorean theorem states that the square of the hypotenuse is equal to the product of the squares of the other two sides.,False,['True']
multiple,easy,Entertainment: Video Games,When was the game &#039;Portal 2&#039; released?,2011,"['2014', '2009', '2007']"
multiple,easy,Entertainment: Video Games,"In the &quot;Hitman&quot; series, what is the name of the main character?",Agent 47,"['Agent 27', 'Agent Smith', 'Agent 67']"
multiple,easy,General Knowledge,Which of the three astronauts of the Apollo 11 spaceflight did NOT walk on the moon?,Michael Collins,"['Buzz Aldrin', 'Neil Armstrong', 'None of them']"
multiple,easy,Vehicles,"Which car tire manufacturer is famous for its &quot;Eagle&quot; brand of tires, and is the official tire supplier of NASCAR?",Goodyear,"['Pirelli', 'Bridgestone', 'Michelin']"
multiple,medium,Entertainment: Music,Band Aid&#039;s &#039;Do They Know It&#039;s Christmas&#039; was recorded to raise awareness of which issue in Ethiopia?,Famine,"['Human rights violations', 'Pollution', 'Terrorism']"
multiple,easy,Entertainment: Music,The &quot;British Invasion&quot; was a cultural phenomenon in music where British boy bands became popular in the USA in what decade?,60&#039;s,"['50&#039;s', '40&#039;s', '30&#039;s']"
multiple,medium,Science &amp; Nature,What is the molecular formula of the active component of chili peppers(Capsaicin)?,C18H27NO3,"['C21H23NO3', 'C6H4Cl2', 'C13H25NO4']"
multiple,medium,Entertainment: Board Games,What letter is used to refer to blue mana in the card game Magic The Gathering?,U,"['B', 'L', 'E']"
multiple,hard,Entertainment: Film,"In order to cut costs, what were most of the extras of Mad Max (1979) paid with?",Beer,"['Fast food', 'Food stamps', 'They weren&#039;t paid']"
multiple,easy,General Knowledge,How many fingers does a single human hand have?,Four,"['Five', 'Ten', 'Eight']"
multiple,medium,Science &amp; Nature,Which of these two plates are best know for forming earthquakes and tsunami&#039;s? ,Convergent Plate Boundaries/Oceanic Crust,"['Divergent Plate Boundaries/Convergent/Oceanic Crust', 'Transform Plate Boundaries/Divergent Plate Boundaries', 'Oceanic &amp; Continental Crust/Transform Plate Boundaries']"
multiple,hard,Art,What was the major distinction between the English and French Gothic styles of architecture?,Fan vaulting,"['Pinnacles', 'Gargoyles', 'Hemispherical Domes']"
multiple,hard,History,What was the last colony the UK ceded marking the end of the British Empire?,Hong Kong,"['India', 'Australia', 'Ireland']"
multiple,medium,Entertainment: Video Games,Which of these is NOT a faction included in the game Counter-Strike: Global Offensive?,BOPE,"['GSG-9', 'Elite Crew', 'Phoenix Connexion']"
multiple,medium,Entertainment: Film,Who performed the opening theme song for the James Bond 007 movie &quot;Goldfinger&quot;?,Shirley Basey,"['Tom Jones', 'John Barry', 'Sheena Easton']"
multiple,hard,Science &amp; Nature,What genetic disease is caused by having an extra Y chromosome (XYY)?,Jacob&#039;s Syndrome,"['Klinefelter&#039;s Syndrome', 'Turner&#039;s Syndrome', 'Down Syndrome']"
multiple,medium,Entertainment: Board Games,"In &quot;Magic: The Gathering&quot;, what instant card has the highest converted mana cost?",Blinkmoth Infusion,"['Vitalizing Wind', ' Chant of Vitu-Ghazi', 'Assert Authority']"
multiple,medium,History,"What is the name of the ship which was only a few miles away from the RMS Titanic when it struck an iceberg on April 14, 1912?",Californian,"['Carpathia', 'Cristol', 'Commerce']"
multiple,easy,Geography,What is the capital of South Korea?,Seoul,"['Pyongyang', 'Taegu', 'Kitakyushu']"
multiple,hard,Entertainment: Video Games,"In the game &quot;The Sims&quot;, how many Simoleons does each family start with?","20,000","['10,000', '15,000', '25,000']"
multiple,hard,Entertainment: Music,Which of these songs was released in 1996?,The Smashing Pumpkins - &quot;1979&quot;,"['Prince - &quot;1999&quot;', 'James Blunt - &quot;1973&quot;', 'David Bowie - &quot;1984&quot;']"
multiple,medium,History,What was the name of the planned invasion of Japan towards the end of World War II?,Operation Downfall,"['Operation Boarding Party', 'Operation Ironclad', 'Operation Aflame']"
multiple,medium,Entertainment: Cartoon &amp; Animations,"What is the cartoon character, Andy Capp, known as in Germany?",Willi Wakker,"['Dick Tingeler', 'Helmut Schmacker', 'Rod Tapper']"
multiple,medium,Science: Computers,"In CSS, which of these values CANNOT be used with the &quot;position&quot; property?",center,"['static', 'absolute', 'relative']"
multiple,medium,Entertainment: Video Games,Who voices the character &quot;Vernon Cherry&quot; in &quot;Red Dead Redemption&quot;?,Casey Mongillo,"['Tara Strong', 'Troy Baker', 'Rob Wiethoff']"
multiple,easy,Science: Computers,What does the &quot;MP&quot; stand for in MP3?,Moving Picture,"['Music Player', 'Multi Pass', 'Micro Point']"
multiple,easy,Entertainment: Video Games,In what year was Garry&#039;s Mod released as a standalone title on Valve&#039;s Steam distribution service?,2006,"['2007', '2004', '2003']"
boolean,easy,Animals,The internet browser Firefox is named after the Red Panda.,True,['False']
multiple,easy,Entertainment: Video Games,"In the videogame Bully, what is the protagonist&#039;s last name?",Hopkins,"['Smith', 'Kowalski', 'Crabblesnitch']"
boolean,medium,Entertainment: Music,"For his performance at ComplexCon 2016 in Long Beach, California, Skrillex revived his &quot;Mothership&quot; set piece for one night only.",True,['False']
multiple,medium,Entertainment: Music,Which country does the power metal band &quot;Sabaton&quot; originate from?,Sweden,"['Germany', 'United States', 'Finland']"
multiple,hard,Entertainment: Music,"This album, now considered to be one of the greatest of all time, was a commercial failure when it was released.",The Velvet Underground and Nico,"['Abbey Road', 'Led Zeppelin IV', 'Pet Sounds']"
multiple,medium,General Knowledge,The term &quot;scientist&quot; was coined in which year?,1833,"['1933', '1942', '1796']"
multiple,hard,History,Spain was formed in 1469 with the marriage of Isabella I of Castile and Ferdinand II of what other Iberian kingdom?,Aragon,"['Galicia', 'Le&oacute;n', 'Navarre']"
boolean,easy,General Knowledge,Gumbo is a stew that originated in Louisiana.,True,['False']
multiple,easy,Mythology,Which of these mythological creatures is said to be half-man and half-horse?,Centaur,"['Minotaur', 'Pegasus', 'Gorgon']"
boolean,easy,Entertainment: Video Games,The main playable character of the 2015 RPG &quot;Undertale&quot; is a monster.,False,['True']
multiple,easy,General Knowledge,What is the name of the alcoholic beverage made from potatoes or grains that originates from Poland and Russia?,Vodka,"['Absinthe', 'Rum', 'Sake']"
multiple,medium,Entertainment: Film,Leonardo Di Caprio won his first Best Actor Oscar for his performance in which film?,The Revenant,"['The Wolf Of Wall Street', 'Shutter Island', 'Inception']"
multiple,medium,Entertainment: Film,Who played Sgt. Gordon Elias in &#039;Platoon&#039; (1986)?,Willem Dafoe,"['Charlie Sheen', 'Matt Damon', 'Johnny Depp']"
multiple,medium,Vehicles,Complete the following analogy: Audi is to Volkswagen as Infiniti is to ?,Nissan,"['Honda', 'Hyundai', 'Subaru']"
multiple,medium,Entertainment: Video Games,"In the &quot;Portal&quot; series, who was Cave Johnson&#039;s personal assistant?",Caroline,"['Heather', 'Melissa', 'Jane']"
multiple,hard,Entertainment: Board Games,Which of these cards from &quot;Magic: The Gathering&quot; has a flavor text that begins with &quot;Oi oi oi&quot;?,Uthden Troll,"['Lotleth Troll', 'Albino Troll', 'Harvester Troll']"
multiple,medium,Entertainment: Video Games,Which franchise had a special event hosted in the popular MMORPG Final Fantasy XIV: A Realm Reborn?,Yo-kai Watch,"['Pok&eacute;mon', 'Yu-gi-oh', 'Buddyfight']"
multiple,easy,Vehicles,The LS3 engine is how many cubic inches?,376,"['346', '364', '427']"
multiple,medium,Art,"Which artist painted &ldquo;The Treachery of Images,&rdquo; a painting of a pipe with the description &quot;this is not a pipe&quot;?",Magritte,"['Matisse', 'Modigliani', 'Munch ']"
multiple,medium,Entertainment: Video Games,Which of these roles in Town of Salem is mafia?,Disguiser,"['Escort', 'Lookout', 'Transporter']"
multiple,medium,Entertainment: Books,Which novel by John Grisham was conceived on a road trip to Florida while thinking about stolen books with his wife?,Camino Island,"['Rogue Lawyer', 'Gray Mountain', 'The Litigators']"
multiple,easy,Science &amp; Nature,What is the &quot;powerhouse&quot; of the Eukaryotic animal cell?,Mitochondria,"['Nucleus', 'Chloroplast', 'Endoplasmic Reticulum']"
multiple,easy,Entertainment: Film,Which movie includes a giant bunny-like spirit who has magic powers including growing trees?,My Neighbor Totoro,"['Hop', 'Rise of the Guardians', 'Alice in Wonderland']"
multiple,medium,Entertainment: Music,"From which album is the Gorillaz song, &quot;On Melancholy Hill&quot; featured in?",Plastic Beach,"['Demon Days', 'Humanz', 'The Fall']"
multiple,medium,General Knowledge,Which of these American singers and songwriters won a Nobel Prize in Literature?,Bob Dylan,"['Buddy Holly', 'Johnny Cash', 'Alice Cooper']"
boolean,medium,Entertainment: Video Games,The game Garry&#039;s Mod originally took assets and codes from the popular Half Life 2 mod JBmod.,True,['False']
boolean,easy,Sports,Roger Federer is a famous soccer player.,False,['True']
multiple,hard,Entertainment: Music,What is Justin Bieber&#039;s debut Album?,My World 2.0,"['U Smile', 'Baby', 'Purpose']"
multiple,easy,Entertainment: Music,Which country does the band Rammstein hail from?,Germany,"['Austria', 'Armenia', 'Belgium']"
multiple,easy,General Knowledge,What do sailors call the back of a boat?,Stern,"['Bow', 'Starboard', 'Port']"
multiple,medium,Entertainment: Board Games,About how many Slinkys were sold in their first 60 years (from 1945 to 2005)?,300 Million,"['100 Million', '450 Million', '1 Billion']"
multiple,hard,Entertainment: Television,Who played the sun baby in the original run of Teletubbies?,Jessica Smith,"['Pui Fan Lee', 'Sue Monroe', 'Lisa Brockwell']"
multiple,easy,Science: Computers,How many bits are commonly in a single byte?,Eight bits,"['Six bits', 'Twelve bits', ' Fifteen bits']"
multiple,easy,Mythology,"In Greek mythology, who is the god of wine?",Dionysus,"['Hephaestus', 'Demeter', 'Apollo']"
multiple,medium,Entertainment: Video Games,"In the &quot;Call Of Duty: Zombies&quot; map &quot;Origins&quot;, how many steps are there to upgrade a Staff?",4,"['7', '5', '3']"
multiple,hard,Entertainment: Television,"Which of these voices wasn&#039;t a choice for the House AI in &quot;The Simpsons Treehouse of Horror&quot; short, House of Whacks?",George Clooney,"['Matthew Perry', 'Dennis Miller', 'Pierce Brosnan']"
multiple,medium,Entertainment: Video Games,What country is Sean Matsuda from in Street Fighter?,Brazil,"['Japan', 'USA', 'UK']"
multiple,easy,Geography,What name was historically used for the Turkish city currently known as Istanbul?,Constantinople,"['H&uuml;davendigar', 'S&ouml;ğ&uuml;t', 'Adrianople']"
multiple,hard,Entertainment: Video Games,"In &quot;The Binding of Isaac&quot;, which item instantly kills Mom and Mom&#039;s Heart?",The Bible,"['The Halo', 'Brimstone', 'Book of Shadows']"
multiple,easy,Entertainment: Video Games,How many flagship monsters appear in Monster Hunter Gernerations?,4,"['1', '2', '3']"
multiple,easy,Entertainment: Video Games,What was the name of the canceled projected by Blizzard Entertainment that would be later become Overwatch?,Titan,"['Omnic', 'Omega', 'Ghost']"
multiple,hard,Geography,What city is known as the Rose Capital of the World?,"Tyler, Texas","['San Diego, California', 'Miami, Florida', 'Anaheim, California']"
boolean,medium,General Knowledge,Popcorn was invented in 1871 by Frederick W. Rueckheim in the USA where he sold the snack on the streets of Chicago.,False,['True']
multiple,hard,Entertainment: Video Games,The creation of the  Entertainment Software Ratings Board (ESRB) is often associated with Mortal Kombat and what FMV video game?,Night Trap,"['Sewer Shark', 'The Daedalus Encounter', 'Corpse Killer']"
multiple,medium,Animals,What is the national bird of Bahrain?,Bulbul,"['Hummingbird', 'Falcon', 'Sparrow']"
boolean,easy,Entertainment: Video Games,&quot;Metal Gear Solid 3: Snake Eater&quot; was released in 2004.,True,['False']
multiple,medium,Animals,What color/colour is a polar bear&#039;s skin?,Black,"['White', 'Pink', 'Green']"
multiple,medium,Entertainment: Japanese Anime &amp; Manga,Which one of these Manga titles was not created by Urasawa Naoki?,My Father&#039;s Journal,"['Billy Bat', '20th Century Boys', 'Monster']"
boolean,hard,History,The Emus won the Great Emu War of 1932.,True,['False']
multiple,easy,Geography,What is the name of New Zealand&#039;s indigenous people?,Maori,"['Vikings', 'Polynesians', 'Samoans']"
multiple,medium,Geography,Which stretch of water connects the Atlantic Ocean to the Mediterranean Sea?,Strait of Gibraltar,"['Gibraltar Way', 'Spanish Straits', 'Channelle de Tangiers']"
multiple,medium,Geography,What is the capital of Estonia?,Tallinn,"['Helsinki', 'Tartu', 'Riga']"
boolean,easy,Entertainment: Video Games,Pac-Man was invented by the designer Toru Iwatani while he was eating pizza.,True,['False']
multiple,medium,Entertainment: Comics,What is the real name of the &quot;Master Of Magnetism&quot; Magneto?,Max Eisenhardt,"['Charles Xavier', 'Pietro Maximoff', 'Johann Schmidt']"
boolean,easy,Geography,Alaska is the largest state in the United States.,True,['False']
multiple,hard,Science: Mathematics,What is the plane curve proposed by Descartes to challenge Fermat&#039;s extremum-finding techniques called?,Folium of Descartes,"['Elliptic Paraboloid of Descartes', 'Cartesian Coordinates', 'Descarte&#039;s Helicoid']"
multiple,hard,Science &amp; Nature,What is the molecular formula of Glucose?,C6H12O6,"['C2H4O2', 'K+', 'CH4']"
multiple,medium,Entertainment: Cartoon &amp; Animations,Who created &quot;RWBY&quot;?,Monty Oum,"['Miles Luna', 'Kerry Shawcross', 'Shane Newville']"
multiple,medium,Entertainment: Video Games,"Which of these games takes place in the Irish town of Doolin, with the option to play as one of the characters, Ellen and Keats?",Folklore,"['Shadow of the Colossus', 'ICO', 'Beyond Good &amp; Evil']"
multiple,medium,Entertainment: Video Games,"In Pokemon Diamond, Pearl and Platinum, where can a Munchlax be found?",Honey Trees,"['Trading with an NPC', 'Grass on Route 209', 'Wayward Cave']"
multiple,easy,Science &amp; Nature,Which type of rock is created by intense heat AND pressure?,Metamorphic,"['Sedimentary', 'Igneous', 'Diamond']"
multiple,hard,Entertainment: Music,What year was Huun Huur Tu&#039;s album Altai Sayan Tandy-Uula released? ,2004,"['1993', '2006', '2010']"
multiple,medium,History,"When did O, Canada officially become the national anthem?",1980,"['1950', '1920', '1880']"
multiple,easy,Geography,Which of the following languages does NOT use the Latin alphabet?,Georgian,"['Turkish', 'Swahili', 'Vietnamese']"
multiple,easy,Entertainment: Television,"In &quot;Breaking Bad&quot;, Walter White is a high school teacher diagnosed with which form of cancer?",Lung Cancer,"['Prostate Cancer', 'Brain Cancer', 'Testicular Cancer']"
multiple,medium,Entertainment: Television,"In the original Doctor Who series (1963), fourth doctor Tom Baker&#039;s scarf was how long?",7 Meters,"['10 Meters', '2 Meters', '5 Meters']"
multiple,easy,Entertainment: Music,What genre of music did the band Type O Negative play?,Gothic Metal,"['Thrash Metal', 'Hard Rock ', 'Pop Rock']"
multiple,hard,History,Who assassinated President James A. Garfield?,Charles Guiteau,"['Sirhan Sirhan', 'Leon Czolgosz', 'John Wilkes Booth']"
multiple,easy,Mythology,The greek god Poseidon was the god of what?,The Sea,"['War', 'Sun', 'Fire']"
multiple,medium,Entertainment: Video Games,"In &quot;Fallout 4&quot;, what is the name of the dog you find at Red Rocket truck stop?",Dogmeat,"['Sparky', 'Quazar', 'Chop']"
multiple,medium,Entertainment: Film,In which movie does Robin Williams&#039; character have to disguise themselves into a woman?,Mrs. Doubtfire,"['Old Dogs', 'Jumanji', 'Awakenings']"
boolean,medium,General Knowledge,Don Cheto is the host of the radio station &quot;East Los FM&quot; in GTA V.,True,['False']
multiple,medium,Entertainment: Film,In what year was the first Transformers movie released?,1986,"['2007', '1984', '2009']"
multiple,medium,Entertainment: Music,Which song is not by TheFatRat?,Ascent,"['Monody', 'Windfall', 'Infinite Power!']"
multiple,medium,Entertainment: Cartoon &amp; Animations,Which of these is not a real character in the cartoon series My Little Pony: Friendship is Magic?,Rose Marene,"['Pinkie Pie', 'Maud Pie', 'Rainbow Dash']"
multiple,medium,Entertainment: Comics,"In Calvin and Hobbes, what is the name of Susie&#039;s stuffed rabbit?",Mr. Bun,"['Mr. Bunbun', 'Mr. Rabbit', 'Mr. Hoppy']"
multiple,easy,History,Which of the following ancient peoples was NOT classified as Hellenic (Greek)?,Illyrians,"['Dorians', 'Achaeans', 'Ionians']"
multiple,medium,Celebrities,"Before voicing Pearl in Steven Universe, Deedee Magno Hall was part of which American band?",The Party,"['The Weather Girls', 'The Pussycat Dolls', 'The Cheetah Girls']"
multiple,easy,Entertainment: Japanese Anime &amp; Manga,On what medium was &quot;Clannad&quot; first created?,Visual novel,"['Anime', 'Manga', 'Light novel']"
multiple,easy,Entertainment: Television,In which British seaside town was the BBC sitcom &quot;Fawlty Towers&quot; set?,Torquay,"['Blackpool', 'Bournemouth', 'Great Yarmouth']"
multiple,easy,General Knowledge,What is the name of Poland in Polish?,Polska,"['Pupcia', 'Polszka', 'P&oacute;land']"
multiple,hard,Geography,What is the land connecting North America and South America?,Isthmus of Panama,"['Isthmus of Suez', 'Urals', 'Australasia']"
multiple,medium,Geography,Which two modern-day countries used to be known as the region of Rhodesia between the 1890s and 1980?,Zambia &amp; Zimbabwe,"['Togo &amp; Benin', 'Lesotho &amp; Swaziland', 'Rwanda &amp; Burundi']"
boolean,easy,Geography,California is larger than Japan.,True,['False']
multiple,easy,Entertainment: Film,Who portrayed Han Solo in the Star Wars main film series?,Harrison Ford,"['Peter Cushing', 'Mark Hamill', 'Alec Guinness']"
multiple,medium,Entertainment: Japanese Anime &amp; Manga,The main protagonist of the fifth part of JoJo&#039;s Bizarre Adventure is which of the following?,Giorno Giovanna,"['Guido Mista', 'Jonathan Joestar', 'Joey JoJo']"
multiple,easy,Entertainment: Video Games,"In the game &quot;Fire Emblem: Shadow Dragon&quot;, what is the central protagonist&#039;s name?",Marth,"['Roy', 'Eliwood', 'Robin']"
multiple,hard,Entertainment: Video Games,Which monster in &quot;Monster Hunter Tri&quot; was causing earthquakes in Moga Village?,Ceadeus,"['Alatreon', 'Rathalos', 'Lagiacrus']"
multiple,hard,Geography,The Suez Canal is located in which African country?,Egypt,"['Libya', 'Ghana', 'Nigeria']"
multiple,medium,Entertainment: Film,"In Mulan (1998), who is the leader of the Huns?",Shan Yu,"['Chien-Po', 'Li Shang', 'Fa Zhou']"
multiple,easy,Entertainment: Video Games,"In the Half-Life series, Gordon Freeman&#039;s signature weapon is a:",Crowbar,"['Sledgehammer', 'Fiber Wire', 'Katana']"
multiple,easy,Science: Mathematics,How many sides does a heptagon have?,7,"['5', '4', '9']"
multiple,medium,Geography,What is the capital of Slovakia?,Bratislava,"['Sofia', 'Ljubljana', 'Sarajevo']"
multiple,hard,Entertainment: Video Games,Why was the character Trevor Philips discharged from the Air Force?,Mental Health Issues,"['Injuries', 'Disease', 'Danger to Others']"
multiple,medium,Entertainment: Music,"Who had a US and UK number 1 hit in 1962 with the instrumental, &#039;Telstar&#039;?",The Tornados,"['The Ventures', 'The Spotnicks', 'The Tremeloes']"
multiple,easy,General Knowledge,In which fast food chain can you order a Jamocha Shake?,Arby&#039;s,"['McDonald&#039;s', 'Burger King', 'Wendy&#039;s']"
multiple,hard,Animals,Which of these animals is NOT a lizard?,Tuatara,"['Komodo Dragon', 'Gila Monster', 'Green Iguana']"
multiple,easy,Geography,"If soccer is called football in England, what is American football called in England?",American football,"['Combball', 'Handball', 'Touchdown']"
multiple,hard,General Knowledge,"In &quot;Resident Evil 3&quot;, how many inventory slots does Jill have at the start of the game?",8,"['6', '10', '12']"
multiple,medium,Science &amp; Nature,When was the first mammal successfully cloned?,1996,"['2009', '1999', '1985']"
multiple,easy,History,What year did World War I begin?,1914,"['1905', '1919', '1925']"
multiple,medium,Entertainment: Video Games,How many permanent companions are there in the base game version of Fallout: New Vegas?,8,"['7', '9', '6']"
multiple,medium,Science &amp; Nature,Which of the following is NOT a passive electrical component?,Transistor,"['Resistor', 'Capacitor', 'Inductor']"
multiple,hard,Science &amp; Nature,Which of the following elements is typically used in the doping of the semiconductor silicon?,Boron,"['Oxygen', 'Carbon', 'Iron']"
boolean,medium,Science &amp; Nature,The Neanderthals were a direct ancestor of modern humans.,False,['True']
boolean,medium,Geography,Japan has left-hand side traffic.,True,['False']
multiple,hard,General Knowledge,"In the MMO RPG &quot;Realm of the Mad God&quot;, what dungeon is widely considered to be the most difficult?",The Shatter&#039;s,"['Snake Pit', 'The Tomb of the Acient&#039;s', 'The Puppet Master&#039;s Theater']"
boolean,medium,Science &amp; Nature,Polaris is the brightest star in the northern hemisphere night sky.,False,['True']
multiple,easy,Entertainment: Television,What NBC sitcom once saw two of its characters try to pitch NBC on a sitcom about nothing?,Seinfeld,"['Frasier', 'Becker', 'Friends']"
multiple,hard,Entertainment: Books,What is the name of the town in which Lily and James Potter are buried?,Godric&#039;s Hollow,"['Hogsmeade', 'Ottery St. Catchpole', 'Little Hangleton']"
boolean,medium,Entertainment: Comics,The X-Men&#039;s Storm and Nightcrawler were originally planned to be characters in DC Comics&#039; Legion of Super-Heroes.,True,['False']
boolean,medium,Entertainment: Television,Bob Ross was a US Air Force pilot.,False,['True']
boolean,medium,General Knowledge,The Original Jack-o-Lanterns were actually hollowed out turnips.,True,['False']
multiple,medium,Entertainment: Video Games,"In the &quot;Call Of Duty: Zombies&quot; map &quot;Der Riese&quot;, what is the name of the &quot;Pack-A-Punched PPSH-41&quot;?",The Reaper,"['Lamentation', 'The Grim Reaper', 'The Eviscerator  ']"
multiple,medium,Animals,What does &quot;hippopotamus&quot; mean and in what langauge?,River Horse (Greek),"['River Horse (Latin)', 'Fat Pig (Greek)', 'Fat Pig (Latin)']"
multiple,medium,Mythology,"The Maori hold that which island nation was founded by Kupe, who discovered it under a long white cloud?",New Zealand,"['Vanuatu', 'Fiji', 'Hawaii']"
multiple,medium,Entertainment: Video Games,The first version of Blockland came out in which year?,2004,"['2007', '2008', '2006']"
boolean,easy,Entertainment: Comics,The &quot;Pepe&quot; meme originated from a comic drawn by Matt Furie called &quot;Boy&#039;s Club&quot;?,True,['False']
multiple,easy,Entertainment: Board Games,In which year was the pen and paper RPG &quot;Deadlands&quot; released?,1996,"['2003', '1999', '1993']"
multiple,easy,Animals,Hippocampus is the Latin name for which marine creature?,Seahorse,"['Dolphin', 'Whale', 'Octopus']"
multiple,easy,Science: Computers,Color model CMYK stands for?,"Cyan, Magenta, Yellow, and Black","['Cream, Maroon, Yellow, and Black', 'Cyan, Magenta, Yellow, and Khaki', 'Cream, Maroon, Yellow, and Khaki']"
multiple,medium,Entertainment: Video Games,How many Chaos Emeralds can you collect in the first Sonic The Hedgehog?,Six,"['Seven', 'Five', 'Eight']"
multiple,easy,Entertainment: Books,What is the name of the three headed dog in Harry Potter and the Sorcerer&#039;s Stone?,Fluffy,"['Spike', 'Poofy', 'Spot']"
multiple,hard,Entertainment: Cartoon &amp; Animations,"In the web-comic Homestuck, what is the name of the game the 4 kids play?",Sburb,"['Homesick', 'Husslie', 'Hiveswap']"
multiple,medium,Celebrities,Donald J. Trump&#039;s Middle Name is...,John,"['Jeff', 'Jerald', 'Jason']"
multiple,easy,Sports,What is the name of the &quot;tool&quot; used to hit the white ball in snooker or billiards?,Cue,"['Racquet', 'Bat', 'Mallet']"
multiple,medium,Entertainment: Video Games,Which one of these was not a member of the Fiendish Five in the game Sly Cooper and the Thievius Raccoonus?,Dimitri Lousteau,"['Mz. Ruby', 'Muggshot', 'Clockwerk']"
boolean,medium,History,The first televised presidential debate was between Jimmy Carter and Gerald Ford.,False,['True']
multiple,hard,History,Bohdan Khmelnytsky was which of the following?,Leader of the Ukrainian Cossacks,"['General Secretary of the Communist Party of the USSR', 'Prince of Wallachia', 'Grand Prince of Novgorod']"
multiple,medium,Entertainment: Video Games,"In the game Tom Clancy&#039;s Rainbow 6 Siege, what organization is Valkyrie from?",Navy Seals,"['S.A.S', 'G.I.G.N', 'F.B.I']"
multiple,easy,General Knowledge,Which American-owned brewery led the country in sales by volume in 2015?,"D. G. Yuengling and Son, Inc","['Anheuser Busch', 'Boston Beer Company', 'Miller Coors']"
multiple,easy,General Knowledge,In DC comics where does the Green Arrow (Oliver Queen) live?,Star City,"['Central City', 'Gotham City', 'Metropolis']"
multiple,medium,Geography,"Colchester Overpass, otherwise known as &quot;Bunny Man Bridge&quot;, is located where?","Fairfax County, Virginia","['Medford, Oregon', 'Braxton County, Virgina', 'Lemon Grove, California']"
boolean,easy,Entertainment: Film,"In the original script of &quot;The Matrix&quot;, the machines used humans as additional computing power instead of batteries.",True,['False']
multiple,medium,Entertainment: Television,What is Meg&#039;s full name in &quot;Family Guy&quot;?,Megatron Griffin,"['Who-Cares Griffin', 'Neil Griffin', 'Megan Griffin']"
multiple,hard,General Knowledge,Which film star has his statue in Leicester Square?,Charlie Chaplin,"['Paul Newman', 'Rowan Atkinson ', 'Alfred Hitchcock']"
multiple,hard,Entertainment: Video Games,"Given that all party members are maxed, who is the fastest party member in Super Mario RPG: Legend of The Seven Stars?",Geno,"['Mario', 'Bowser', 'Peach']"
multiple,easy,Entertainment: Video Games,Which water-type Pok&eacute;mon starter was introduced in the 4th generation of the series?,Piplup,"['Totodile', 'Oshawott', 'Mudkip']"
multiple,medium,Entertainment: Books,"In the year 1818, novelist Mary Shelly is credited with writing a fiction novel and creating this infamous character.",Frankenstein&#039;s monster,"['Dracula', 'The Thing', 'The Invisible Man']"
boolean,hard,General Knowledge,Stagecoach owned &quot;South West Trains&quot; before losing the rights to FirstGroup and MTR in March of 2017.,True,['False']
multiple,easy,Entertainment: Cartoon &amp; Animations,Who is the only voice actor to have a speaking part in all of the Disney Pixar feature films? ,John Ratzenberger,"['Tom Hanks', 'Dave Foley', 'Geoffrey Rush']"
multiple,medium,General Knowledge,What is the full title of the Prime Minister of the UK?,First Lord of the Treasury,"['Duke of Cambridge', 'Her Majesty&#039;s Loyal Opposition', 'Manager of the Crown Estate']"
boolean,easy,Science: Computers,The first IBM PC was released in 1981.,True,['False']
multiple,medium,Entertainment: Television,"Out of the 3 Tots in Tots TV, who speaks French in the UK Version and Spanish in the US Version?",Tilly,"['Tom', 'Tiny', 'None of the Above']"
multiple,medium,Entertainment: Music,"The Who&#039;s eponymous line, &quot;Teenage Wasteland&quot;, appears in which of their songs?",Baba O&#039; Riley,"['The Seeker', 'Won&#039;t Get Fooled Again', 'Pinball Wizard']"
multiple,medium,History,The minigun was designed in 1960 by which manufacturer.,General Electric,"['Colt Firearms', 'Heckler &amp; Koch', 'Sig Sauer']"
multiple,medium,Entertainment: Video Games,Marvel vs Capcom 2: New age of Heroes was released in what year?,2000,"['2001', '2003', '1998']"
multiple,medium,Entertainment: Film,"In the film &quot;Requiem for a Dream&quot;, what drug does Jared Leto&#039;s character get addicted to?",Heroin,"['Cocaine', 'Marijuana', 'Oxycodone']"
multiple,hard,Politics,Which major bank&#039;s collapse was notable as one of the causes of the Financal Crisis of 2008?,Lehman Brothers,"['HSBC', 'Barclays', 'Lloyds']"
multiple,easy,Sports,Who won the UEFA Champions League in 2017?,Real Madrid C.F.,"['Atletico Madrid', 'AS Monaco FC', 'Juventus F.C.']"
multiple,medium,History," What Russian automatic gas-operated assault rifle was developed in the Soviet Union in 1947, and is still popularly used today?",AK-47,"['RPK', 'M16', 'MG 42']"
multiple,medium,Vehicles,Which of the following is NOT a Russian car manufacturer?,BYD,"['Silant', 'Dragon', 'GAZ']"
multiple,medium,Entertainment: Japanese Anime &amp; Manga,The character Momonga from the &quot;Overlord&quot; series orders his servants to call him by what name?,Ainz Ooal Gown,"['Master', 'Yggdrasil', 'Kugane Maruyama']"
multiple,easy,General Knowledge,What was the name of the WWF professional wrestling tag team made up of the wrestlers Ax and Smash?,Demolition,"['The Dream Team', 'The Bushwhackers', 'The British Bulldogs']"
multiple,medium,Entertainment: Music,The song &quot;Feel Good Inc.&quot; by British band Gorillaz features which hip hop group?,De La Soul,"['Public Enemy', 'OutKast', 'Cypress Hill']"
multiple,easy,Entertainment: Video Games,Who stars in Brutal Legend?,Jack Black,"['Kanye West', 'Lemmy', 'Ozzy Osbourne']"
multiple,hard,Geography,In which country is Tallinn located?,Estonia,"['Finland', 'Sweden', 'Poland']"
multiple,medium,History,What year did the Battle of Agincourt take place?,1415,"['1463', '1401', '1422']"
multiple,easy,Geography,Where was the ancient city of Pompeii?,Italy,"['East Africa', 'South America', 'Pompilanus']"
multiple,hard,Entertainment: Video Games,"According to an interview with &quot;Super Mario Land 2&quot; game director Hiroji Kiyotake, what is Wario&#039;s favorite food?",Crepes,"['Pizza', 'Garlic', 'Cheese']"
boolean,medium,Entertainment: Music,A Facebook campaign placed Rage Against The Machine&#039;s &quot;Killing in the Name Of&quot; as the UK Christmas Number 1 in 2009.,True,['False']
boolean,easy,Entertainment: Video Games,Solid Snake is actually a clone from the DNA of Big Boss in the Metal Gear Solid series&#039; history.,True,['False']
multiple,medium,Celebrities,Which TV chef wrote an autobiography titled &quot;Humble Pie&quot;?,Gordon Ramsay,"['Jamie Oliver', 'Ainsley Harriott', 'Antony Worrall Thompson']"
multiple,medium,Sports,Hockey player Wayne Gretzky was born in what Canadian province?,Ontario,"['British Columbia', 'Quebec', 'Alberta']"
multiple,easy,Mythology,How many heads does Cerberus have?,3,"['2', '1', '5']"
multiple,easy,General Knowledge,What is the full meaning of RAM?,Random Access Memory,"['Random Assist Memory', 'Rand Assist Mandate', 'Ram']"
multiple,easy,Entertainment: Film,Who is the protagonist of the 2002 film &quot;Kung Pow! Enter the Fist&quot;?,Chosen One,"['Dragon King', 'Iron Monkey', 'Master Tang']"
multiple,hard,Entertainment: Board Games,"In Magic: The Gathering, what card&#039;s flavor text is &quot;Catch!&quot;?",Lava Axe,"['Stone-Throwing Devils', 'Ember Shot', 'Throwing Knife']"
multiple,easy,Science &amp; Nature,What name is given to all baby marsupials?,Joey,"['Calf', 'Pup', 'Cub']"
multiple,medium,Science: Computers,What is the name of the default theme that is installed with Windows XP?,Luna,"['Neptune', 'Whistler', 'Bliss']"
multiple,easy,Entertainment: Video Games,"In the video game, Half-life, what event started the Half-life universe as we know today?",The Resonance Cascade,"['World War 3', 'The Xen Attack', 'The Black Mesa Nuke']"
multiple,easy,Entertainment: Video Games,Which franchise was NOT featured in the 2015 video game &quot;Lego Dimensions&quot;?,Breaking Bad,"['Portal', 'Doctor Who', 'Back to the Future']"
multiple,medium,Geography,In which English county is the city of Portsmouth?,Hampshire,"['Oxfordshire', 'Buckinghamshire', 'Surrey']"
multiple,easy,General Knowledge,Which canal connects the Mediterranean Sea with the Red Sea?,Suez Canal,"['Panama Canal', 'Sinai Canal', 'Qaraqum Canal']"
multiple,hard,Science &amp; Nature,Where is the Gluteus Maximus muscle located?,Butt,"['Arm', 'Head', 'Torso']"
multiple,medium,History,What year was the Italian firearms manufacturer Beretta founded?,1526,"['1776', '1923', '1998']"
multiple,medium,Entertainment: Television,"In the Sci-Fi television show Doctor Who, who plays the Tenth Doctor?",David Tennant,"['William Hartnell', 'Peter Capaldi', 'Peter Davison']"
multiple,hard,Entertainment: Video Games,Which of these characters wasn&#039;t a villian in Club Penguin?,The Director,"['Herbert P. Bear', 'Tusk', 'Ultimate Proto-Bot 10000']"
multiple,hard,Celebrities,What was the religion of famous singer &quot;Freddie Mercury&quot;?,Zoroastrianism,"['Paganism', 'Ashurism', 'Judaism']"
multiple,medium,Entertainment: Music,Who sung the opening theme song to the 1995 James Bond film &#039;Goldeneye&#039;?,Tina Turner,"['Shirley Bassey', 'Sheryl Crow', 'Madonna']"
multiple,medium,Entertainment: Music,"The co-creator of Gorillaz, Damon Albarn, is also the lead singer of what band?",Blur,"['Oasis', 'Radiohead', 'Queens of the Stone Age']"
multiple,easy,Geography,What state is the largest state of the United States of America?,Alaska,"['California', 'Texas', 'Washington']"
multiple,easy,General Knowledge,What does the F stand for in the FBI?,Federal,"['Foreign', 'Formal', 'First']"
multiple,medium,Entertainment: Japanese Anime &amp; Manga,What is the name of the device that allows for infinite energy in the anime &quot;Dimension W&quot;?,Coils,"['Wires', 'Collectors', 'Tesla']"
multiple,hard,Vehicles,What was the name of the first front-wheel-drive car produced by Datsun (now Nissan)?,Cherry,"['Sunny', 'Bluebird', 'Skyline']"
multiple,hard,Entertainment: Video Games,"In Monster Hunter Generations, which of these hunter arts are exclusive to the Longsword?",Unhinged Spirit,"['Shoryugeki', 'Provoke', 'Demon Riot']"
multiple,medium,Science &amp; Nature,What term is best associated with Sigmund Freud?,Psychoanalysis,"['Cognitive-Behavioral Therapy', 'Theory of Gravity', 'Dialectical Behavior Therapy']"
multiple,hard,Entertainment: Television,"In the show &#039;Doctor Who&#039;, what is the name of the time-capsule model stolen by &#039;the Doctor&#039;?","TT Type 40, Mark 3 (TARDIS)","['TT Type 1, Mark 3 (TARDIS)', 'TT Type 40, Mark 5 (TARDIS)', 'TT Type 1, Mark 5 (TARDIS)']"
multiple,hard,Geography,What is the name of rocky region that spans most of eastern Canada?,Canadian Shield,"['Rocky Mountains', 'Appalachian Mountains', 'Himalayas']"
multiple,hard,Geography,Which of these is NOT a real tectonic plate?,Atlantic Plate,"['North American Plate', 'Eurasian Plate', 'Nazca Plate']"
multiple,medium,Entertainment: Video Games,Which company developed the MMO Spiral Knights (2011)?,Three Rings Design,"['Sega', 'Electronic Arts', 'Double Fine']"
multiple,easy,Entertainment: Television,Who is the main character in the show &quot;Burn Notice&quot;?,Michael Westen,"['Sam Axe', 'Fiona Glenanne', 'Madeline Westen']"
boolean,easy,History,Kublai Khan is the grandchild of Genghis Khan?,True,['False']
multiple,medium,Entertainment: Video Games,"In Night In The Woods, what is Mae Borowski mother&#039;s name?",Candy,"['Jenny', 'Margaret', 'Kate']"
multiple,medium,History,The gunpowder plot was a well-known failed assassination attempt against which of England&#039;s then&nbsp;reigning monarchs?,James I,"['Elizabeth I', 'Charles II', 'Charles I']"
multiple,hard,General Knowledge,Which of the following  British Monarchs never appeared on a circulated pound sterling coin?,Edward VIII,"['Victoria', 'George VI', 'Charles II']"
multiple,hard,Entertainment: Comics,What are the Three Virtues of Bionicle?,"Unity, Duty, Destiny","['Build, Play, Change', 'Work, Play, Live', 'Forge, Build, Fight']"
multiple,medium,Entertainment: Video Games,"In Monster Hunter Generations, which of the following monsters are a part of the &quot;Fated Four&quot;?",Astalos,"['Gore Magala', 'Malfestio', 'Arzuros']"
multiple,easy,Entertainment: Video Games,Which character was introduced to the Super Smash Bros franchise in Super Smash Bros Melee?,Sheik,"['Samus', 'Lucas', 'Mega Man']"
multiple,easy,Entertainment: Film,Which of the following movies was not based on a novel by Stephen King? ,The Thing,"['Carrie', 'Misery', 'The Green Mile']"
multiple,medium,Geography,"What is the name of the former country that was succeeded by countries such as Serbia, Croatia and Slovenia?",Yugoslavia,"['Czechoslovakia', 'Abkhazia', 'South Ossetia']"
multiple,hard,Entertainment: Video Games,What is the main theme song of &quot;Sonic Adventure 2&quot;?,Live and Learn,"['Open Your Heart', 'Can You Feel the Sunshine?', 'His World']"
multiple,medium,Politics,The 2014 movie &quot;The Raid 2: Berandal&quot; was mainly filmed in which Asian country?,Indonesia,"['Thailand', 'Brunei', 'Malaysia']"
multiple,easy,General Knowledge,Which of the following nations was NOT a belligerent in World War I?,Denmark,"['Portugal', 'Greece', 'Romania']"
boolean,easy,Geography,The capital of Indonesia is Bali.,False,['True']
multiple,medium,Entertainment: Music,"In Prokofiev&#039;s &#039;Peter and the Wolf&#039;, the wolf itself is represented by a trio of which musical instrument?",French horn,"['Oboe', 'Clarinet', 'Cello']"
multiple,easy,Geography,The Alps are a mountain range on which continent?,Europe,"['North America', 'Asia', 'Africa']"
multiple,easy,Science &amp; Nature,What is the standard atomic weight of a Plutonium nucleus?,244,"['94', '481', '128']"
multiple,hard,History,"During the Spanish Civil War (1936), Francisco Franco fought for which political faction?",Nationalist Spain,"['Republican Spain', 'Popular Front', 'Papal State']"
multiple,medium,Geography,What is the capital of Australia?,Canberra,"['Sydney', 'Melbourne', 'Brisbane']"
multiple,hard,Entertainment: Comics,"In the Hellboy universe, what was Abe Sapien&#039;s birth name?",Langdon Everett Caul,"['Lord Baltimore', 'Sir Edward Grey', 'Landis Pope']"
boolean,easy,Entertainment: Video Games,"In Sonic the Hedgehog universe, Tails&#039; real name is Miles Prower.",True,['False']
multiple,easy,General Knowledge,Which candy is NOT made by Mars?,Almond Joy,"['M&amp;M&#039;s', 'Twix', 'Snickers']"
multiple,easy,Science: Computers,Which SQL keyword is used to fetch data from a database?,SELECT,"['INDEX', 'VALUES', 'EXEC']"
boolean,easy,Geography,Bosnia and Herzegovina is a country located in the Baltic region in Europe.,False,['True']
multiple,medium,Entertainment: Cartoon &amp; Animations,What is the name of Ruby Rose&#039;s weapon from RWBY?,Crescent Rose,"['Thorned Rosebud', 'Magnhild', 'Crooked Scythe']"
multiple,easy,Science: Computers,What does LTS stand for in the software market?,Long Term Support,"['Long Taco Service', 'Ludicrous Transfer Speed', 'Ludicrous Turbo Speed']"
multiple,medium,Science: Computers,"In HTML, which non-standard tag used to be be used to make elements scroll across the viewport?",&lt;marquee&gt;&lt;/marquee&gt;,"['&lt;scroll&gt;&lt;/scroll&gt;', '&lt;move&gt;&lt;/move&gt;', '&lt;slide&gt;&lt;/slide&gt;']"
multiple,medium,Entertainment: Cartoon &amp; Animations,"In &quot;The Amazing World of Gumball&quot;, who is the principal of Elmore Junior High?",Principal Brown,"['Principal Small', 'Principal Brawn', 'Principal Simeon']"
boolean,hard,Entertainment: Cartoon &amp; Animations,"The first ever episode of Family Guy, &quot;Death Has A Shadow,&quot; aired on January 1st, 2002.",False,['True']
multiple,medium,Sports,The song &quot;Three Lions&quot; by the Lightning Seeds was made for which major football event in 1996?,European Championships,"['World Cup', 'Champions League', 'Confederations Cup']"
multiple,hard,Entertainment: Video Games,What major event caused the events of Half-Life 1?,The Resonance Cascade ,"['The Blue Shift', 'The Seven Hour War', 'The Narbacular Drop']"
boolean,medium,History,Brezhnev was the 5th leader of the USSR.,True,['False']
multiple,medium,Entertainment: Music,In which year did &quot;Caravan Palace&quot; release their first album?,2008,"['2000', '2015', '2004']"
multiple,medium,Entertainment: Video Games,In which order do you need to hit some Deku Scrubs to open the first boss door in &quot;Ocarina of Time&quot;?,"2, 3, 1","['1, 2, 3', '1, 3, 2', '2, 1, 3']"
multiple,medium,Entertainment: Film,Which movie of film director Stanley Kubrick is known to be an adaptation of a Stephen King novel?,The Shining,"['2001: A Space Odyssey', ' Dr. Strangelove ', 'Eyes Wide Shut']"
boolean,medium,Vehicles,"Mitsubishi Motors has had a 30-year partnership with Jackie Chan, whose movies have prominently featured their vehicles.",True,['False']
boolean,medium,Geography,Israel is 7 hours ahead of New York.,True,['False']
boolean,medium,Science: Computers,It&#039;s not possible to format a write-protected DVD-R Hard Disk.,True,['False']
multiple,easy,Entertainment: Film,"This movie contains the quote, &quot;I feel the need ... the need for speed!&quot;",Top Gun,"['Days of Thunder', 'The Color of Money', 'Cocktail']"
multiple,medium,History,The catastrophic nuclear accident that occurred in Ukraine in 1986 occurred at which power plant?,Chernobyl,"['Ignalina', 'Mayak', 'Kursk']"
multiple,hard,Entertainment: Video Games,Which of the following games in the The Legend of Zelda franchise was released in North America before Japan?,The Legend of Zelda: Twilight Princess,"['Zelda II: The Adventure of Link', 'The Legend of Zelda: Four Swords Adventures', 'The Legend of Zelda: Majora&#039;s Mask']"
multiple,medium,Entertainment: Video Games,The &#039;64&#039; in the Nintendo-64 console refers to what?,The bits in the CPU architecture,"['The number of megabytes of RAM', 'Capacity of the ROM Cartridges in megabytes', 'Clock speed of the CPU in Hertz']"
multiple,medium,Entertainment: Video Games,"In the game Minecraft, how many iron ingots are required to make an iron golem?",36,"['40', '32', '46']"
multiple,easy,Entertainment: Cartoon &amp; Animations,What is the relationship between Rick and Morty in the show &quot;Rick and Morty&quot;?,Grandfather and Grandson,"['Father and Son', 'Best Friends', 'Crimefighting Partners']"
multiple,medium,Science &amp; Nature,What does the yellow diamond on the NFPA 704 fire diamond represent?,Reactivity,"['Health', 'Flammability', 'Radioactivity']"
multiple,medium,Entertainment: Television,"In &quot;Star Trek&quot;, what is the Klingon death ritual?",Look into sky and yell loudly in mourning.,"['Kiss the jagged forehead before burial.', 'Shoot into space in a torpedo casing.', 'Split the deceased&#039;s earnings between bloodkin.']"
multiple,hard,Entertainment: Video Games,Which of these Generation 1 Pokemon did NOT have an evolution in Generation 4?,Jynx,"['Electabuzz', 'Magmar', 'Rhydon']"
multiple,medium,Entertainment: Music,Liam Howlett founded which electronic music group in 1990?,The Prodigy,"['The Chemical Brothers', 'The Crystal Method', 'Infected Mushroom']"
multiple,medium,Entertainment: Books,"In the &quot;Harry Potter&quot; novels, what must a Hogwarts student do to enter the Ravenclaw Common Room?",Answer a riddle,"['Rhythmically tap barrels with a wand', 'Speak a password', 'Knock in sequence']"
multiple,medium,Mythology,Which of the following is not one of the Greek Fates?,Narcissus,"['Clotho', 'Atropos', 'Lachesis']"
multiple,hard,Entertainment: Video Games,"In the Pok&eacute;mon series, what is Palkia&#039;s hidden ability?",Telepathy,"['Pressure', 'Water Bubble', 'Hydration']"
multiple,easy,Entertainment: Japanese Anime &amp; Manga,"In &quot;One Piece,&quot; what color is Tony Tony Chopper&#039;s nose?",Blue,"['Black', 'Grey', 'Red']"
multiple,medium,Entertainment: Video Games, Which of these champions from the MOBA &#039;League of Legends&#039; is NOT a Yordle?,Annie,"['Veigar', 'Tristana', 'Lulu']"
multiple,medium,Entertainment: Books,"In &quot;The Lord of the Rings,&quot; who is the owner of Asfaloth, the horse which brings Frodo to Rivendell?",Glorfindel,"['Arwen', 'Aragorn', 'Haldir']"
boolean,easy,Entertainment: Video Games,&quot;Resident Evil 7&quot; is the first first-person Resident Evil game.,False,['True']
boolean,medium,History,Abraham Lincoln was the first U.S. President to be born outside the borders of the thirteen original states. ,True,['False']
multiple,hard,Entertainment: Video Games,What was the world&#039;s first handheld game device?,Mattel Auto Race,"['Game Boy', 'Microvision', 'Game &amp; Watch']"
multiple,easy,Entertainment: Film,"In which film does Humphrey Bogart say the famous line, &quot;Here&#039;s looking at you, kid&quot;?",Casablanca,"['The Maltese Falcon', 'The Treasure of the Sierra Madre', 'Citizen Kane']"
multiple,hard,Entertainment: Video Games,"In Rainbow 6 Siege, what is Mozzie&#039;s real name?",Max Goose,"['Mick Seagull', 'Hugo Sparrow', 'Dan Bird']"
multiple,easy,Entertainment: Japanese Anime &amp; Manga,What anime studio was in charge of the hit anime &quot;Made in Abyss&quot;?,Kinema Citrus,"['Trigger', 'Studio 3hz', '8bit']"
boolean,hard,Science &amp; Nature,Frederick Banting and John Macleod won a Nobel Prize for their contributions to the scientific fields of quantum mechanics.,False,['True']
multiple,medium,Entertainment: Musicals &amp; Theatres,Which of these musicals won the Tony Award for Best Musical?,Rent,"['The Color Purple', 'American Idiot', 'Newsies']"
multiple,hard,Entertainment: Video Games,Which was the first M-rated video game developed by Squaresoft/Square Enix?,Parasite Eve,"['Final Fantasy VIII', 'Front Mission', 'Vagrant Story']"
multiple,medium,Sports,Who won NFL Super Bowl LI? (51),Patriots,"['Falcons', 'Broncos', 'Eagles']"
multiple,easy,Sports,"What sport features the terms love, deuce, match and volley?",Tennis,"['Cricket', 'Basketball', 'Curling']"
boolean,easy,Politics,Russia passed a law in 2013 which outlaws telling children that homosexuals exist.,True,['False']
boolean,medium,Entertainment: Video Games,"In &quot;Overwatch,&quot; an allied McCree will say &quot;Step right up&quot; upon using his ultimate ability Deadeye.",True,['False']
boolean,hard,Entertainment: Music,"Myoui Mina, member of Korean girl group TWICE, was born in South Korea, despite being Japanese.",False,['True']
multiple,easy,General Knowledge,Which is the second largest native language spoken in Spain by numbers of speakers?,Catalan,"['Portuguese', 'Spanish', 'French']"
multiple,easy,Entertainment: Cartoon &amp; Animations,What is Everest&#039;s favorite food in the Nickelodeon/Nick Jr. series &quot;PAW Patrol&quot;?,Liver,"['Chicken', 'Steak', 'Caribou']"
multiple,medium,Entertainment: Japanese Anime &amp; Manga,What is the name of Ryūko Matoi&#039;s theme song in the anime Kill la Kill?,Before My Body Is Dry,"['Don&#039;t Lose Your Way', 'Till I Die', 'Suck Your Blood']"
multiple,easy,Entertainment: Japanese Anime &amp; Manga,"In the 9th Pokemon movie, who is the Prince of the Sea?",Manaphy,"['Ash', 'May', 'Phantom']"
boolean,hard,Science &amp; Nature,It was once believed that injecting shark cartilage into people would prevent them from contracting cancer.,True,['False']
multiple,medium,History,Who assassinated Archduke Franz Ferdinand?,Gavrilo Princip,"['Nedeljko Čabrinović', 'Oskar Potiorek', 'Ferdinand Cohen-Blind']"
multiple,easy,Entertainment: Video Games,"In Divinity: Original Sin II, what is the name of the skeletal origin character?",Fane,"['Lohse', 'The Red Prince', 'There are no skeletal origin characters']"
boolean,medium,History,The Fourth Crusade lasted from 1095-1099 AD.,False,['True']
boolean,medium,Science: Computers,The &#039;Raspberry Pi&#039; series of single-board computers were created in the United States.,False,['True']
multiple,easy,Entertainment: Film,"Who in Pulp Fiction says &quot;No, they got the metric system there, they wouldn&#039;t know what the f*** a Quarter Pounder is.&quot;",Vincent Vega,"['Jules Winnfield', 'Jimmie Dimmick', 'Butch Coolidge']"
multiple,hard,Entertainment: Video Games,"In Disney&#039;s &quot;Toontown Online&quot;, which of these species wasn&#039;t available as a Toon?",Cow,"['Monkey', 'Bear', 'Pig']"
multiple,easy,General Knowledge,"&quot;A3&quot;, &quot;B1&quot;, and &quot;Legal&quot; are typical names of sizes for what object?",Paper,"['Airplanes', 'Law books', 'Phone screens']"
multiple,medium,General Knowledge,Earl Grey tea is black tea flavoured with what?,Bergamot oil,"['Lavender', 'Vanilla', 'Honey']"
boolean,easy,Entertainment: Music,"&quot;Friday,&quot; the single by Rebecca Black, was released in February 10th, 2011.",True,['False']
multiple,medium,Celebrities,In what year did &quot;Bob Ross&quot; die?,1995,"['1986', '1989', '1997']"
boolean,easy,History,"The Enlightenment was an era of philosophies, advancements, and scientific theories to improve society.",True,['False']
multiple,medium,General Knowledge,Which country drives on the left side of the road?,Japan,"['Germany', 'Russia', 'China']"
multiple,easy,History,Which modern day country is the region that was known as Phrygia in ancient times?,Turkey,"['Syria', 'Greece', 'Egypt']"
multiple,medium,Entertainment: Music,Grand Theft Autumn/Where Is Your Boy is a song by which band?,Fall Out Boy,"['Panic! At The Disco', 'Paramore', 'Blink-182']"
multiple,easy,Entertainment: Video Games,The name of the Metroid series comes from what?,An enemy in the game,"['The final boss&#039;s name', 'The main character&#039;s name', 'A spaceship&#039;s name']"
multiple,hard,Entertainment: Television,"In Star Trek, what is the name of Spock&#039;s father?",Sarek,"['Tuvok', 'T&#039;Pal', 'Surak']"
multiple,medium,History,"In 1845, a series of wars named after which indigenous people began in New Zealand?",Māori,"['Papuans', 'Aborigines', 'Polynesians']"
multiple,easy,Entertainment: Television,Who won the 10th season of Big Brother in the United States?,Dan Gheesling,"['Adam Jasinski', 'Hayden Moss', 'Dick Donato']"
multiple,medium,Animals,For what reason would a spotted hyena &quot;laugh&quot;?,Nervousness,"['Excitement', 'Aggression', 'Exhaustion']"
multiple,medium,Entertainment: Video Games,What is the only Generation III Pokemon whose name begins with the letter I?,Illumise,"['Infernape', 'Ivysaur', 'Igglybuff']"
multiple,easy,Entertainment: Video Games,"In &quot;Undertale&quot;, how many main endings are there?",3,"['2', '5', '13']"
boolean,easy,Entertainment: Music,Michael Jackson wrote The Simpsons song &quot;Do the Bartman&quot;.,False,['True']
boolean,medium,Science: Computers,The first computer bug was formed by faulty wires.,False,['True']
multiple,easy,Entertainment: Books,Who wrote &quot;Harry Potter&quot;?,J.K. Rowling,"['J.R.R. Tolkien', 'Terry Pratchett', 'Daniel Radcliffe']"
multiple,easy,Sports,&quot;Stadium of Light&quot; is the home stadium for which soccer team?,Sunderland FC,"['Barcelona FC', 'Paris Saints-Germain', 'Manchester United']"
multiple,medium,Entertainment: Video Games,"Along with Gabe Newell, who co-founded Valve?",Mike Harrington,"['Robin Walker', 'Marc Laidlaw', 'Stephen Bahl']"
multiple,hard,Science: Computers,The Harvard architecture for micro-controllers added which additional bus?,Instruction,"['Address', 'Data', 'Control']"
multiple,easy,General Knowledge,Which of these fast-food chains is NOT mainly known to sell pizza?,Wendy&#039;s,"['Domino&#039;s', 'Little Caesars', 'Papa John&#039;s']"
multiple,medium,Entertainment: Video Games,Which of these Fortnite emotes does NOT involve a sport in some way?,Freestylin&#039;,"['Red Card', 'Kick Ups', 'Baller']"
multiple,easy,Entertainment: Books,What is the name of the fourth book in Stephen King&#039;s The Dark Tower series?,Wizard and Glass,"['Wolves of the Calla', 'Hearts in Atlantis', 'The Dark Half']"
multiple,hard,Entertainment: Comics,What year was the first San Diego Comic-Con?,1970,"['2000', '1990', '1985']"
multiple,medium,Entertainment: Books,"In Rudyard Kipling&#039;s &quot;The Jungle Book&quot;, what type of snake was Kaa?",Python,"['Cobra', 'Anaconda', 'Viper']"
multiple,easy,Entertainment: Video Games,"In Super Mario Bros., who informs Mario that the princess is in another castle?",Toad,"['Luigi', 'Yoshi', 'Bowser']"
boolean,medium,History,Brazil used to be an empire.,True,['False']
multiple,medium,Entertainment: Video Games,"In the game The World Ends With You, all of these characters act as a game partner with Neku for a week except:",Rhyme,"['Shiki', 'Joshua', 'Beat']"
multiple,medium,Sports,Which of these teams isn&#039;t a member of the NHL&#039;s &quot;Original Six&quot; era?,Philadelphia Flyers,"['New York Rangers', 'Toronto Maple Leafs', 'Boston Bruins']"
multiple,hard,Mythology,What was the punishment for Sysiphus&#039;s craftiness?,Cursed to roll a boulder up a hill for eternity.,"['Tied to a boulder for eternity, being pecked by birds.', 'Standing in a lake filled with water he could not drink.', 'To fell a tree that regenerated after every axe swing.']"
multiple,hard,Entertainment: Video Games,In the Half-Life mod &quot;Afraid of Monsters&quot; what was the name of the main protagonist?,David Leatherhoff,"['Daniel Featherhoff', 'Damon Weatherhoff', 'Damien Teatherhoff']"
multiple,easy,Entertainment: Television,Which of the following awards do Matt Stone and Trey Parker NOT have?,Oscar,"['Emmy', 'Tony', 'Grammy']"
multiple,easy,Entertainment: Video Games,Who is the leader of the Brotherhood of Nod in the Command and Conquer series?,Kane,"['Joseph Stalin', 'CABAL', 'Yuri']"
multiple,medium,Sports,Which soccer team won the Copa Am&eacute;rica Centenario 2016?,Chile,"['Argentina', 'Brazil', 'Colombia']"
multiple,medium,Entertainment: Video Games,What two characters from the game Undertale are never in a relationship or not related?,Frisk &amp; Chara,"['Sans &amp; Papyrus', 'Toriel &amp; Asgore', 'Alphys &amp; Undyne']"
multiple,medium,Entertainment: Music,What is the name of the 2016 studio album by the French electronic music duo Justice?,Woman,"['Randy', 'Safe and Sound', 'Pleasure']"
multiple,hard,Entertainment: Music,What song includes the words &quot;Numa Numa&quot; which was subject to a Viral Video in 2004?,Dragostea Din Tei,"['Despacito', 'Gangnam Style', 'Asereje']"
multiple,medium,Science: Computers,How many bits make up the significand portion of a single precision floating point number?,23,"['8', '53', '15']"
multiple,easy,Entertainment: Japanese Anime &amp; Manga,What year did &quot;Attack on Titan&quot; first air?,2013,"['2014', '2012', '2015']"
multiple,medium,Entertainment: Film,"In Star Wars, what&#039;s the name of the new Government created after the defeat of the Galactic Empire?",The New Republic,"['The Rebel Alliance', 'The Crimson Dawn', 'The First Order']"
boolean,medium,History,United States President Ronald Reagan was the first president to appoint a woman to the Supreme Court. ,True,['False']
multiple,medium,Entertainment: Japanese Anime &amp; Manga,What was studio Trigger&#039;s first original long-form animated series for television?,Kill la Kill,"['Kiznaiver', 'Inferno Cop', 'Gurren Lagann']"
multiple,hard,Entertainment: Video Games,"In the Super Mario Bros. Series, what is Yoshi&#039;s scientific name?",T. Yoshisaur Munchakoopas,"['Yoshi', 'T. Yoshisotop Munchakoopas', 'Yossy']"
multiple,easy,Entertainment: Video Games,Who is the writer of the game &quot;Half-Life&quot;?,Marc Laidlaw,"['Gabe Newell', 'Robin Walker', 'Chet Faliszek']"
multiple,hard,Entertainment: Film,"In the &quot;Jurassic Park&quot; universe, what was the first dinosaur cloned by InGen in 1986?",Velociraptor,"['Triceratops', 'Troodon', 'Brachiosaurus']"
boolean,medium,Entertainment: Video Games,"In Monster Hunter Generations, guild style is a type of hunting style.",True,['False']
multiple,easy,Entertainment: Cartoon &amp; Animations,What type of animal is Disney&#039;s Bambi?,Deer,"['Elephant', 'Wolf', 'Mouse']"
multiple,medium,Geography,Where is the &quot;Sonoran Desert&quot; located?,North America,"['South America', 'Asia', 'Africa']"
multiple,medium,Sports,What is the nickname of Northampton town&#039;s rugby union club?,Saints,"['Harlequins', 'Saracens', 'Wasps']"
multiple,easy,Science &amp; Nature,What organelle aids in synthesis of DNA in cells?,Ribosomes,"['Nuclei', 'Lysosomes', 'Mitochondria']"
multiple,easy,Science &amp; Nature,How many laws of thermodynamics are there?,Four,"['Three', 'Two', 'Five']"
multiple,easy,General Knowledge,What is the name of the extra pedal on a manual or standard transmission car?,Clutch,"['Shifter', 'Booster', 'Parking Brake']"
multiple,medium,Vehicles,Which of the following countries has officially banned the civilian use of dash cams in cars?,Austria,"['United States', 'Czechia', 'South Korea']"
multiple,easy,Entertainment: Television,"Which show is known for the songs &quot;You are a Pirate&quot;, &quot;Cooking by the Book&quot; and &quot;We Are Number One&quot;?",LazyTown,"['Sofia the First', 'DuckTales', 'Tom and Jerry']"
multiple,medium,Entertainment: Music,What was The Velvet Underground&#039;s first album called?,The Velvet Underground &amp; Nico,"['Loaded', 'The Velvet Underground', 'White Light / White Heat']"
multiple,easy,Entertainment: Film,When does &quot;Rogue One: A Star Wars Story&quot; take place chronologically in the series?,Between Episode 3 and 4,"['After Episode 6', 'Before Episode 1', 'Between Episode 4 and 5']"
multiple,easy,Entertainment: Books,What was the first ever entry written for the SCP Foundation collaborative writing project?,SCP-173,"['SCP-001', 'SCP-999', 'SCP-1459']"
multiple,medium,Entertainment: Music,How many members are in the Japanese rock band SCANDAL?,4,"['5', '2', '18']"
multiple,medium,Science &amp; Nature,Gannymede is the largest moon of which planet?,Jupiter,"['Uranus', 'Neptune', 'Mars']"
multiple,medium,Entertainment: Music,"What is the real name of rapper, The Notorious B.I.G?",Christopher Wallace,"['Calvin Cordozar Broadus Jr.', 'O&#039;Shea Jackson', 'Eric Lynn Wright']"
boolean,medium,Entertainment: Video Games,Fortnite was originally intended to be a horror game.,True,['False']
multiple,hard,Vehicles,"In 2014, over 6 million General Motors vehicles were recalled due to what critical flaw?",Faulty ignition switch,"['Malfunctioning gas pedal', 'Breaking fuel lines', 'Faulty brake pads']"
multiple,hard,History,Which of the following was not one of Joseph Stalin&#039;s ten blows during World War II?,Vistula-Oder Offensive,"['Crimean Offensive', 'Leningrad-Novgorod Offensive', 'Operation Bagration']"
multiple,easy,General Knowledge,Where is the train station &quot;Llanfair&shy;pwllgwyngyll&shy;gogery&shy;chwyrn&shy;drobwll&shy;llan&shy;tysilio&shy;gogo&shy;goch&quot;?,Wales,"['Moldova', 'Czech Republic', 'Denmark']"
multiple,medium,Entertainment: Musicals &amp; Theatres,"In which Shakespeare play does the character Marcellus say, &quot;Something is rotten in the state of Denmark&quot;?",Hamlet,"['Macbeth', 'King Lear', 'Twelfth Night']"
multiple,hard,General Knowledge,The Swedish word &quot;Grunka&quot; means what in English?,Thing,"['People', 'Place', 'Pineapple']"
multiple,easy,Entertainment: Japanese Anime &amp; Manga,What is the theme song of &quot;Neon Genesis Evangelion&quot;?,A Cruel Angel&#039;s Thesis,"['Stardust Crusaders', 'Requiem for a Dream', 'God Knows']"
multiple,easy,Entertainment: Film,Which of the following is not the name of a &quot;Bond Girl&quot;? ,Vanessa Kensington,"['Pam Bouvier', 'Mary Goodnight', 'Wai Lin']"
multiple,medium,History,What nationality was sultan Saladin?,Kurdish,"['Arab', 'Egyptian', 'Syrian']"
multiple,hard,Entertainment: Film,The film Mad Max: Fury Road features the Dies Irae  from which composer&#039;s requiem?,Verdi,"['Mozart', 'Berlioz', 'Brahms']"
multiple,medium,Entertainment: Film,"In &quot;The Hobbit,&quot; who was head of the White Council? ",Saruman,"['Lady Galadriel ', 'Gandalf', 'Elrond']"
multiple,hard,Art,Paul Gauguin moved to which country in 1895?,Tahiti,"['France', 'Atuona', 'Lithuania']"
multiple,medium,Geography,What is the name of the only remaining Grand Duchy in the world ?,Luxembourg,"['Montenegro', 'Liechtenstein', 'Andorra']"
multiple,easy,General Knowledge,What is the official language of Brazil?,Portuguese,"['Brazilian', 'Spanish', 'English']"
multiple,easy,Entertainment: Video Games,Which of these is NOT a playable character in &quot;Left 4 Dead&quot;?,Nick,"['Louis', 'Zoey', 'Bill']"
boolean,medium,History,Ottoman Empire was created in 1299.,True,['False']
multiple,hard,General Knowledge,"If you planted the seeds of Quercus robur, what would grow?",Trees,"['Grains', 'Vegetables', 'Flowers']"
multiple,medium,Entertainment: Video Games,How much did the indie game &quot;Cave Story&quot; cost when it was first released in 2004?,$0 USD,"['$5 USD', '$10 USD', '$15 USD']"
multiple,medium,Geography,Which Canadian province has Charlottetown as its capital?,Prince Edward Island,"['Saskachewan', 'Northwest Terrirories', 'Ontario']"
boolean,medium,Entertainment: Cartoon &amp; Animations,Donald Duck played the role of Bob Cratchit in Disney&#039;s 1983 adaptation of A Christmas Carol.,False,['True']
multiple,medium,General Knowledge,What was the original name of the search engine &quot;Google&quot;?,BackRub,"['CatMassage', 'SearchPro', 'Netscape Navigator']"
boolean,easy,General Knowledge,The New York Subway is the oldest underground in the world.,False,['True']
boolean,medium,General Knowledge,"A pencil&#039;s lead is typically made from graphite, not lead",True,['False']
multiple,hard,Geography,How many islands does Kuwait have?,9,"['3', '6', '2']"
multiple,medium,Entertainment: Cartoon &amp; Animations,What is Dipper&#039;s real name from &quot;Gravity Falls&quot;?,Mason Pines,"['Mable Pines', 'Jason Pines', 'Mark Pines']"
multiple,hard,Entertainment: Television,"In the TV Show &quot;Donkey Kong Country&quot;, which episode did the song &quot;Eddie, Let Me Go Back To My Home&quot; play in?",It&#039;s a Wonderful Life,"['Message In A Bottle Show', 'To The Moon Baboon', 'Ape-Nesia']"
boolean,easy,Geography,"Washington, D.C. is considered a US state.",False,['True']
multiple,easy,Entertainment: Japanese Anime &amp; Manga,Who was given the title &quot;Full Metal&quot; in the anime series &quot;Full Metal Alchemist&quot;?,Edward Elric,"['Alphonse Elric', 'Van Hohenheim', 'Izumi Curtis']"
multiple,medium,Entertainment: Books,What is the make and model of the tour vehicles in &quot;Jurassic Park&quot; (1990)?,1989 Toyota Land Cruiser,"['1989 Jeep Wrangler YJ Sahar', '1989 Ford Explorer XLT', 'Mercedes M-Class']"
multiple,medium,Geography,Which of these country&#039;s capitals starts with the letter B?,Lebanon,"['Jordan', 'Kuwait', 'Qatar']"
multiple,easy,Entertainment: Japanese Anime &amp; Manga,"In &quot;The Melancholy of Haruhi Suzumiya&quot; series, the SOS Brigade club leader is unknowingly treated as a(n) __ by her peers.",God,"['Alien', 'Time Traveler', 'Esper']"
multiple,easy,Entertainment: Film,What is the name of the island that &quot;Jurassic Park&quot; is built on?,Isla Nublar,"['Isla Sorna', 'Isla Muerta', 'Isla Pena']"
multiple,medium,Entertainment: Japanese Anime &amp; Manga,"In &quot;To Love-Ru: Darkness&quot;, which of the girls attempt making a harem for Rito Yuuki?",Momo Deviluke,"['Yami (Golden Darkness)', 'Haruna Sairenji', 'Mea Kurosaki']"
multiple,easy,Entertainment: Video Games,In what year was &quot;Antichamber&quot; released?,2013,"['2012', '2014', '2011']"
multiple,hard,Geography,What is the capital of Mauritius?,Port Louis,"['Port Moresby', 'Port Vila', 'Port-au-Prince']"
multiple,easy,Entertainment: Music,"Which band released songs suchs as &quot;Rio&quot;, &quot;Girls on Film&quot;, and &quot;The Reflex&quot;?",Duran Duran,"['The Cure', 'New Order', 'Depeche Mode']"
multiple,easy,Vehicles,The LS7 engine is how many cubic inches?,427,"['346', '364', '376']"
multiple,easy,Geography,What is the only state in the United States that does not have a flag in a shape with 4 edges?,Ohio,"['Florida', 'Idaho', 'New Mexico']"
multiple,easy,Entertainment: Video Games,Which of these video game engines was made by the company Epic Games?,Unreal,"['Unity', 'Game Maker: Studio', 'Cry Engine']"
multiple,medium,Entertainment: Music,What M83 was featured in Grand Theft Auto V&#039;s radio?,Midnight City,"['Outro', 'Reunion', 'Wait']"
multiple,medium,Animals,"The dish Fugu, is made from what family of fish?",Pufferfish,"['Bass', 'Salmon', 'Mackerel']"
boolean,easy,General Knowledge,Jingle Bells was originally meant for Thanksgiving,True,['False']
multiple,medium,Vehicles,Which country has the international vehicle registration letter &#039;A&#039;?,Austria,"['Afghanistan', 'Australia', 'Armenia']"
multiple,hard,History,In 1547 who became the 1st Tsar of Russia,Ivan the Terrible,"['Alexis of Russia', 'Mikhail Romanov', 'Peter the Great']"
multiple,medium,Entertainment: Music,Which Beatle led the way across the zebra crossing on the Abbey Road album cover?,John,"['Paul', 'George', 'Ringo']"
multiple,medium,Animals,&quot;Decapods&quot; are an order of ten-footed crustaceans.  Which of these are NOT decapods?,Krill,"['Lobsters', 'Shrimp', 'Crabs']"
multiple,hard,Entertainment: Video Games,"In the remake of &quot;Resident Evil 2&quot;, which medallion does not exist?",Dragon Medallion,"['Lion Medallion', 'Unicorn Medallion', 'Maiden Medallion']"
multiple,medium,Science: Mathematics,What is the area of a circle with a diameter of 20 inches if &pi;= 3.1415?,314.15 Inches,"['380.1215 Inches', '3141.5 Inches', '1256.6 Inches']"
multiple,medium,Entertainment: Video Games,Which team won the first Overwatch League championship?,London Spitfire,"['Philadelphia Fusion', 'New York Excelsior', 'Seoul Dynasty']"
multiple,easy,Science: Gadgets,Which virtual assistant is developed by Amazon?,Alexa,"['Google Assistant', 'Siri', 'Cortana']"
multiple,hard,Entertainment: Japanese Anime &amp; Manga,"In the &quot;Dragon Ball&quot; franchise, what is the name of Goku&#039;s brother?",Raditz,"['Gohan', 'Vegeta', 'Bardock']"
boolean,medium,Geography,Italy and Ireland are the only countries in Europe that start with the letter I.,False,['True']
boolean,hard,Mythology,"Ska&eth;i is the Norse Goddess of skiing, mountains, winter and bowhunting.",True,['False']
multiple,medium,Entertainment: Cartoon &amp; Animations,Which singer provided the voice of Metroid&#039;s Mother Brain in the animated series &quot;Captain N: The Game Master&quot;?,Levi Stubbs,"['Freddie Mercury', 'Janet Jackson', 'Joan Jett']"
multiple,easy,Entertainment: Japanese Anime &amp; Manga,What animation studio produced &quot;Gurren Lagann&quot;?,Gainax,"['Kyoto Animation', 'Pierrot', 'A-1 Pictures']"
multiple,hard,General Knowledge,"Going by the International Code of Signals, which single flag is interpreted as &quot;I require assistance (not distress)&quot;?",Victor,"['Kilo', 'Papa', 'Delta']"
multiple,medium,Politics,The Watergate Scandal occured in what year?,1972,"['1973', '1974', '1971']"
multiple,easy,General Knowledge,What is the name of NASA&rsquo;s most famous space telescope?,Hubble Space Telescope,"['Big Eye', 'Death Star', 'Millenium Falcon']"
multiple,medium,Sports,Which of these English football clubs is based in Liverpool?,Everton,"['West Ham United', 'Crystal Palace', 'Arsenal']"
multiple,easy,Entertainment: Comics,Which superhero is known for his super speed?,Flash,"['Superman', 'Batman', 'Spiderman']"
multiple,medium,Animals,Which animal was part of an Russian domestication experiment in 1959?,Foxes,"['Pigeons', 'Bears', 'Alligators']"
multiple,easy,General Knowledge,What element has the chemical symbol Kr?,Krypton,"['Kerosine', 'Kineticium', 'Curium']"
multiple,hard,Entertainment: Video Games,Which retro video game was released first?,Space Invaders,"['Galaga', 'Pac-Man', 'Asteroids']"
multiple,medium,Entertainment: Japanese Anime &amp; Manga,My Hero Academia&#039;s main character Midoriya goes by what superhero name?,Deku,"['All Might', 'Saitama', 'Kona']"
multiple,medium,Entertainment: Video Games,When was the game &quot;Roblox&quot; released?,2006,"['2003', '2002', '2007']"
multiple,hard,Entertainment: Video Games,What animal is on Link&#039;s pajamas in The Legend of Zelda: The Wind Waker?,Crawfish,"['Lobster', 'Salmon', 'Swordfish']"
multiple,easy,Entertainment: Music,Ozzy Osbourne was the lead singer for what metal band?,Black Sabbath,"['AC/DC', 'Iron Maiden', 'Judas Priest']"
boolean,medium,Entertainment: Video Games,The game series &quot;Titanfall&quot; runs on the Unreal Engine.,False,['True']
boolean,easy,Animals,"In 2016, the IUCN reclassified the status of Giant Pandas from endangered to vulnerable.",True,['False']
multiple,easy,Entertainment: Film,Which of these films is NOT set in Los Angeles?,RoboCop,"['Blade Runner', 'The Terminator', 'Predator 2']"
multiple,easy,History,"In 1720, England was in massive debt and became involved in the South Sea Bubble. Who was the main mastermind behind it?",John Blunt,"['Daniel Defoe', 'Robert Harley', 'John Churchill']"
multiple,easy,General Knowledge,Which of the following landmarks is not located in New York City?,Lincoln Memorial,"['Empire State Building', 'Times Square', 'Central Park']"
multiple,medium,Mythology,Which greek god/goddess tossed a golden apple with the words &quot;for the fairest&quot; into the middle of the feast of the gods?,Eris,"['Hades', 'Ares', 'Artemis']"
multiple,medium,Entertainment: Music,Which city is the American singer &quot;Pitbull&quot; from?,Miami,"['Kodiak', 'St. Louis', 'Boston']"
multiple,easy,General Knowledge,When was the Playstation 3 released?,"November 11, 2006","['January 8, 2007', 'December 25, 2007', 'July 16, 2006']"
boolean,medium,Geography,Gothenburg is the capital of Sweden.,False,['True']
multiple,medium,Entertainment: Books,Which of the following authors was not born in England? ,Arthur Conan Doyle,"['Graham Greene', 'H G Wells', 'Arthur C Clarke']"
boolean,medium,Science: Mathematics,You can square root a negative number with an imaginary number &quot;i&quot;.,True,['False']
multiple,medium,Entertainment: Television,What is the name of the &quot;Flash&quot; and &quot;Arrow&quot; spinoff featuring a team of characters that have appeared on both shows?,Legends of Tomorrow,"['Heroes of Tomorrow', 'The Justice Society of America', 'The Justice Society']"
multiple,easy,Entertainment: Music,What Led Zeppelin album contains &quot;Stairway to Heaven&quot;?,Led Zeppelin IV,"['Houses of the Holy', 'Physical Graffiti', 'Led Zeppelin III']"
multiple,easy,Entertainment: Cartoon &amp; Animations,Who was the villain of &#039;&#039;The Lion King&#039;&#039;?,Scar,"['Fred', 'Jafar', 'Vada']"
multiple,easy,General Knowledge,"In aerodynamics, which force pushes an object upwards?",Lift,"['Drag', 'Weight', 'Thrust']"
multiple,medium,Entertainment: Film,"In Finding Nemo, what was the name of Nemo&#039;s mom?",Coral,"['Sandy', 'Pearl', 'Shelly']"
multiple,hard,Vehicles,Which of the following FIA Rally cars was approved for use in the Group B class first? ,Porsche 911 Turbo,"['Audi Quattro A2', 'BMW M1', 'Lancia Rally 037']"
boolean,easy,Entertainment: Cartoon &amp; Animations,Bill Cipher in the show &quot;Gravity Falls&quot; is the good guy.,False,['True']
multiple,easy,Sports,"In Baseball, how many times does the ball have to be pitched outside of the strike zone before the batter is walked?",4,"['1', '2', '3']"
boolean,easy,Entertainment: Video Games,The main character in the &quot;Half-Life&quot; franchise is named Morgan Freeman.,False,['True']
multiple,medium,Geography,Where is the area commonly known as the Bermuda Triangle?,"North Atlantic Ocean, between Florida and Puerto Rico","['North Pacific Ocean, between Japan and the USA', 'In the Caribbean Sea', 'South Pacific Ocean, far off Chile']"
multiple,easy,Science &amp; Nature,Stars consist mainly of hydrogen and which other gas?,Helium,"['Oxygen', 'Argon', 'Nitrogen']"
boolean,hard,History,The Kingdom of Prussia briefly held land in Estonia.,False,['True']
multiple,medium,Geography,Which is the largest city in Morocco?,Casablanca,"['Rabat', 'Fes', 'Sale']"
multiple,medium,Entertainment: Film,"Which star actor was in &quot;Top Gun&quot;, &quot;Jerry Maguire&quot; and &quot;Born on the Fourth of July&quot;?",Tom Cruise,"['Kelly McGillis', 'John Travolta', 'George Clooney']"
multiple,hard,Entertainment: Video Games,What is the plane of existence in MicroProse&#039;s 1997 &quot;Magic the Gathering&quot;?,Shandalar,"['Theros', 'Ravnica', 'Amonkhet']"
multiple,medium,Celebrities,Which radio personality calls himself &quot;The King of All Media&quot;?,Howard Stern,"['Rush Limbaugh', 'Pete Tong', 'Ryan Seacrest']"
multiple,hard,Entertainment: Film,In what year does Jurassic World open in the &quot;Jurassic Park&quot; universe?,2005,"['2007', '2015', '2020']"
boolean,easy,Entertainment: Video Games,The names of Tom Nook&#039;s cousins in the Animal Crossing franchise are named &quot;Timmy&quot; and &quot;Jimmy&quot;.,False,['True']
multiple,hard,Science: Gadgets,Which of the following cellular device companies is NOT headquartered in Asia?,Nokia,"['LG Electronics', 'Samsung', 'HTC']"
multiple,hard,Celebrities,Billy Herrington is from which US state?,New York,"['Arizona', 'California', 'Georgia']"
boolean,hard,Entertainment: Music,"Pete Townshend&#039;s solo album, &quot;White City: A Novel&quot;, is set in the metropolitan area of Chicago.",False,['True']
multiple,easy,Art,What is the world&#039;s oldest known piece of fiction?,Epic of Gilgamesh,"['Papyrus of Ani', 'Code of Hammurabi', 'Rosetta Stone']"
multiple,medium,General Knowledge,What was the name given to Japanese military dictators who ruled the country through the 12th and 19th Century?,Shogun,"['Ninja', 'Samurai', 'Shinobi']"
multiple,medium,Science: Computers,What is the correct term for the metal object in between the CPU and the CPU fan within a computer system?,Heat Sink,"['CPU Vent', 'Temperature Decipator', 'Heat Vent']"
multiple,hard,Geography,Which is not a country in Africa?,Guyana,"['Senegal', 'Liberia', 'Somalia']"
multiple,easy,Science &amp; Nature,Which Apollo mission was the first one to land on the Moon?,Apollo 11,"['Apollo 10', 'Apollo 9', 'Apollo 13']"
multiple,medium,General Knowledge,"Linus Pauling, one of the only winners of multiple Nobel Prizes, earned his Nobel Prizes in Chemistry and what?",Peace,"['Physics', 'Economics', 'Physiology/Medicine']"
multiple,hard,Sports,Which of these European cities was the first to host the modern Summer Olympic Games three times?,London,"['Paris', 'Athens', 'Rome']"
multiple,medium,Entertainment: Books,Which of these book series is by James Patterson?,Maximum Ride,"['Harry Potter', 'The Legend of Xanth', 'The Bartemaeus Trilogy']"
multiple,hard,Geography,What is the official German name of the Swiss Federal Railways?,Schweizerische Bundesbahnen,"['Schweizerische Nationalbahnen', 'Bundesbahnen der Schweiz', 'Schweizerische Staatsbahnen']"
multiple,medium,Entertainment: Television,Which movie served as the KTMA pilot episode for the show &quot;Mystery Science Theater 3000&quot;?,The Green Slime,"['The Robot Vs. The Aztec Mummy', 'The Crawling Eye', 'Plan 9 From Outer Space']"
multiple,easy,General Knowledge,Who played General Aladeen in The Dictator?,Sacha Baron Cohen,"['Johnny Depp', 'James Franco', 'Leonardo Dicaprio']"
multiple,easy,Animals,"The Kākāpō is a large, flightless, nocturnal parrot native to which country?",New Zealand,"['South Africa', 'Australia', 'Madagascar']"
multiple,medium,Entertainment: Film,Which one of these action movies are shot entirely in one take?,Victoria,"['Ip Man 2', 'The Bourne Legacy', 'L&eacute;on: The Professional']"
multiple,medium,History,Which Louis was known as &#039;The Sun King of France&#039;?,Louis XIV,"['Louis XIII', 'Louis XV', 'Louis XVI']"
multiple,easy,Entertainment: Video Games,Which of these is NOT the name of a rival gang in the video game Saint&#039;s Row 2?,The Zin Empire,"['The Brotherhood', 'The Ronin', 'The Sons of Samedi']"
multiple,medium,Geography,What is the capital of Greenland?,Nuuk,"['Sisimiut', 'Narsaq', 'Maniitsoq']"
multiple,medium,Sports,"Who won the 1994 San Marino Grand Prix, the race in which Ayrton Senna was killed?",Michael Schumacher,"['Nicola Larini', 'Gerhard Berger', 'Mika H&auml;kkinen']"
boolean,medium,Entertainment: Video Games,In Riot Games &quot;League of Legends&quot; the name of Halloween event is called &quot;The Reckoning&quot;.,False,['True']
multiple,medium,Art,Which time signature is commonly known as &ldquo;Cut Time?&rdquo;,2/2,"['4/4', '6/8', '3/4']"
multiple,medium,Entertainment: Video Games,"In the 2015 RPG &quot;Undertale&quot;, which character do you first encounter after falling down into the underground?",Flowey,"['Toriel', 'Sans', 'Papyrus']"
boolean,medium,Entertainment: Video Games,Pistons were added to Minecraft in Beta 1.5.,False,['True']
multiple,easy,Science &amp; Nature,What did Gregory Mendel use to test genetic crossovers?,Peas,"['Cats', 'Flowers', 'Parrots']"
multiple,easy,Entertainment: Film,What was Dorothy&#039;s surname in &#039;The Wizard Of Oz&#039;?,Gale,"['Perkins', 'Day', 'Parker']"
multiple,medium,Science: Gadgets,"Out of all of the NASA Space Shuttles, which 2 have been destroyed in disasters?",Challenger and Columbia,"['Enterprise and Atlantis', 'Discovery and Endeavour', 'None of the Above']"
multiple,easy,Entertainment: Video Games,What is the boss round featured in the &quot;Call Of Duty: Zombies&quot; map &quot;Five&quot;?,The Pentagon Thief,"['Hellhounds', 'Jumping Jacks', 'Napalm Zombie']"
multiple,hard,Geography,How many stations does the Central Line have on the London Underground?,49,"['51', '43', '47']"
multiple,medium,General Knowledge,"The early part of which decade, did the Goth Subculture begin?",1980s,"['1990s', '2000s', '1970s']"
multiple,easy,Entertainment: Video Games,Which of the following Zelda games did not feature Ganon as a final boss?,Majora&#039;s Mask,"['Ocarina of Time', 'Skyward Sword', 'Breath of the Wild']"
boolean,easy,Vehicles,BMW M GmbH is a subsidiary of BMW AG that focuses on car performance.,True,['False']
multiple,easy,General Knowledge,"According to Sherlock Holmes, &quot;If you eliminate the impossible, whatever remains, however improbable, must be the...&quot;",Truth,"['Answer', 'Cause', 'Source']"
multiple,easy,Entertainment: Video Games,Which of 2 Valve Games are set in the same universe?,Half-life and Portal,"['Portal and Left 4 Dead', 'Half-life and Left 4 Dead', 'Half-life and Counter Strike']"
multiple,hard,Geography,What is the world&#039;s smallest country by population?,Vatican City,"['Nauru', 'Marshall Islands', 'Lichtenstein']"
multiple,hard,Entertainment: Japanese Anime &amp; Manga,Who is the horror manga artist who made Uzumaki?,Junji Ito,"['Kazuo Umezu', 'Shintaro Kago', 'Sui Ishida']"
multiple,medium,Science: Computers,What is largely considered the precursor to the USB format?,PS/2,"['SVGA', 'PCIe', 'FireWire']"
multiple,hard,Entertainment: Comics,In what year did the first &quot;The Walking Dead&quot; comic come out?,2003,"['2001', '2006', '1999']"
boolean,easy,General Knowledge,The National Animal of Scotland is the Unicorn.,True,['False']
multiple,medium,Geography,Which of the following countries banned the use of personal genetic ancestry tests?,Germany,"['Austria', 'Canada', 'Sweden']"
multiple,easy,Entertainment: Video Games,What year was the game Team Fortress 2 released?,2007,"['2009', '2005', '2010']"
boolean,easy,Entertainment: Video Games,Ryuji Sakamoto is a character from Final Fantasy.,False,['True']
multiple,easy,Geography,"What is the largest country, by area, that has only one time zone?",China,"['Canada', 'India', 'Russia']"
multiple,hard,General Knowledge,In the fictional SCP universe what &ldquo;Object Class&rdquo; is given to SCP&rsquo;s that cannot be contained.,Apollyon,"['Thaumiel', 'Keter-Thaumiel', 'Esoteric/Narrative Classes']"
multiple,hard,Entertainment: Video Games,What is the fastest speed possible in Trackmania&sup2;: Stadium?,1000  km/h,"['500 km/h', '320 km/h', '100 km/h']"
multiple,hard,Science &amp; Nature,Which of the following is considered classical conditioning?,Pavlov&#039;s dog experiments,"['Skinner box experiment', 'Schr&ouml;dinger&#039;s cat experiment', 'Harlow&rsquo;s monkey experiments']"
multiple,hard,Entertainment: Video Games,"In &quot;Pok&eacute;mon Sun and Moon&quot;, Team Skull took over which town?",Po Town,"['Heahea City', 'Tapu Village', 'Iki Town']"
multiple,medium,Entertainment: Music,&quot;Drink the Sea&quot; is an album by which electronic music artist?,The Glitch Mob,"['Avicii', 'XXYYXX', 'Flux Pavilion']"
multiple,medium,Entertainment: Cartoon &amp; Animations,"In &quot;The Simpsons&quot;, where did Homer and Marge first meet?",At Summer Camp,"['At High School', 'At Church', 'At 742 Evergreen Terrace']"
multiple,easy,Sports,How many points did LeBron James score in his first NBA game?,25,"['19', '69', '41']"
boolean,medium,Entertainment: Music,"The composition &quot;1812 Overture&quot; by Tchaikovsky symbolized the War of 1812 between the United States, and Great Britain.",False,['True']
boolean,easy,Entertainment: Video Games,Super Mario Bros. was the first video game ever created.,False,['True']
multiple,medium,Entertainment: Video Games,"In the 2002 video game &quot;Kingdom Hearts&quot;, how many playable worlds were there?",14,"['13', '16', '11']"
multiple,easy,Science: Computers,What does GHz stand for?,Gigahertz,"['Gigahotz', 'Gigahetz', 'Gigahatz']"
multiple,medium,Geography,What is the capital of Peru?,Lima,"['Santiago', 'Montevideo', 'Buenos Aires']"
boolean,medium,Entertainment: Video Games,"The edutainment video game series character, Carmen Sandiego, is partially named after Brazilian actress, Carmen Miranda.",True,['False']
multiple,hard,Entertainment: Cartoon &amp; Animations,What was the name of Jonny&#039;s pet dog in The Adventures of Jonny Quest?,Bandit,"['Lucky', 'Rocky', 'Max']"
multiple,easy,Entertainment: Film,What historical time period was the center of the Assassin&rsquo;s Creed movie (2016)?,Spanish Inquisition,"['Victorian England', 'French Revolution', 'Colonial America']"
boolean,easy,Entertainment: Television,"In Battlestar Galactica (2004), Cylons were created by man as cybernetic workers and soldiers.",True,['False']
multiple,hard,Entertainment: Board Games,"What was the development code name for the &quot;Urza&#039;s Destiny&quot; expansion for &quot;Magic: The Gathering&quot;, released in 1999?",Chimichanga,"['Burrito', 'Taquito', 'Enchilada']"
multiple,easy,Science: Computers,What does the computer software acronym JVM stand for?,Java Virtual Machine,"['Java Vendor Machine', 'Java Visual Machine', 'Just Virtual Machine']"
multiple,medium,History,Which Greek god was the god of the Sun?,Helios,"['Zeus', 'Hades', 'Poseidon']"
multiple,medium,Entertainment: Music,"Which French duo had UK hits in 1998 with the songs &#039;Sexy Boy&#039;, &#039;Kelly Watch The Stars&#039; &amp; &#039;All I Need&#039;?",Air,"['Fire', 'Earth', 'Water']"
multiple,hard,Science: Computers,Which RAID array type is associated with data mirroring?,RAID 1,"['RAID 0', 'RAID 10', 'RAID 5']"
multiple,easy,Science &amp; Nature,Which of these bones is hardest to break?,Femur,"['Cranium', 'Humerus', 'Tibia']"
multiple,medium,History,In what year did William the Conqueror take control of England?,1066,"['1123', '1205', '901']"
multiple,medium,Science: Mathematics,What Greek letter is used to signify summation?,Sigma,"['Delta', 'Alpha', 'Omega']"
multiple,medium,Geography,Which of the following is the longest river in Europe?,Volga,"['Danube', 'Ural', 'Dnieper']"
multiple,medium,Vehicles,What was the first vehicle that came with air conditioning as a factory standard?,Packard,"['Tucker', 'Ford', 'Hudson']"
multiple,medium,Entertainment: Books,Which Russian author wrote the epic novel War and Peace?,Leo Tolstoy,"['Fyodor Dostoyevsky', 'Alexander Pushkin', 'Vladimir Nabokov']"
multiple,medium,Geography,What is the capital of Cyprus?,Nicosia,"['Paphos', 'Limassol', 'Larnaca']"
multiple,hard,Entertainment: Film,"In the film &quot;Interstellar&quot;, how long did they spend on Miller&#039;s planet?","23 years, 4 months, and 8 days","['15 years, 2 months, and 15 days', '10 months and 6 days', '26 years, 4 months, and 10 days']"
multiple,easy,General Knowledge,In what year did Canada stop producing the penny?,2012,"['2013', '2011', '2010']"
multiple,medium,General Knowledge,Which of the following carbonated soft drinks were introduced first?,Dr. Pepper,"['Coca-Cola', 'Sprite', 'Mountain Dew']"
multiple,medium,Entertainment: Music,"May 16th of every year is known as __________ Day, named after a punk band prominent in the 1990s.",Lagwagon,"['Goldfinger', 'Less Than Jake', 'Lit']"
multiple,medium,Entertainment: Music,Which of these is the name of an American psychedelic rock band formed in 2002 by Benjamin Goldwasser and Andrew VanWyngarden?,MGMT,"['MSTRKRFT', 'STRFKR', 'SBTRKT']"
multiple,medium,Science &amp; Nature,"On the periodic table of elements, what is the symbol for Tin?",Sn,"['Ti', 'Ni', 'Na']"
multiple,easy,Science: Gadgets,The term &quot;battery&quot; to describe an electrical storage device was coined by?,Benjamin Franklin,"['Nikola Tesla', 'Luigi Galvani', ' Alessandro Volta']"
multiple,medium,Vehicles,"What part of an automobile engine uses lobes to open and close intake and exhaust valves, and allows an air/fuel mixture into the engine?",Camshaft,"['Piston', 'Drive shaft', 'Crankshaft']"
multiple,medium,Entertainment: Film,"What city did the monster attack in the film, &quot;Cloverfield&quot;?","New York, New York","['Las Vegas, Nevada', 'Chicago, Illinois', 'Orlando, Florida']"
multiple,medium,Entertainment: Music,Which Queen song was covered by Brittany Murphy in the 2006 film &quot;Happy Feet&quot;?,Somebody to Love,"['Under Pressure', 'Flash', 'Bohemian Rhapsody']"
multiple,hard,History,"In the year 1900, what were the most popular first names given to boy and girl babies born in the United States?",John and Mary,"['Joseph and Catherine', 'William and Elizabeth', 'George and Anne']"
multiple,easy,Entertainment: Video Games,Which of the following is not a character in the Street Fighter series?,Mai Shiranui,"['Laura Matsuda', 'Sakura Kasugano', 'Ibuki']"
multiple,easy,Geography,Which of the following European languages is classified as a &quot;language isolate?&quot;,Basque,"['Galician', 'Maltese', 'Hungarian']"
boolean,easy,Entertainment: Film,"&quot;Minions&quot; was released on the June 10th, 2015.",False,['True']
multiple,medium,Entertainment: Music,Who is the Pink Floyd song &quot;Shine On You Crazy Diamond&quot; written about?,Syd Barrett,"['John Lennon', 'David Gilmour', 'Floyd']"
multiple,hard,History,Who was the President of the United States during the signing of the Gadsden Purchase?,Franklin Pierce,"['Andrew Johnson', 'Abraham Lincoln', 'James Polk']"
multiple,easy,Science: Computers,"In the programming language Java, which of these keywords would you put on a variable to make sure it doesn&#039;t get modified?",Final,"['Static', 'Private', 'Public']"
multiple,easy,Entertainment: Music,What 1970&#039;s American ballad referred to the 1959 plane crash as the &quot;the day the music died&quot;?,American Pie,"['Kentucky Rain', 'I Will Always Love You', 'Rock &#039;n&#039; Roll Suicide']"
multiple,easy,Entertainment: Video Games,"Which popular First Person Shooter (FPS) franchise, got a Real Time Strategy (RTS) game developed based on its universe?",Halo,"['Battlefield', 'Call of Duty', 'Borderlands']"
multiple,medium,Entertainment: Video Games,Which character does the player play as in the video game &quot;Bastion&quot;?,The Kid,"['Rucks', 'Zulf', 'Zia']"
multiple,hard,Entertainment: Video Games,What programming language does the Source Engine use?,C++ ,"['Python', 'Java', 'Lua']"
multiple,medium,History,"Which building was set aflame on August 24th, 1812?",The White House,"['Parliament Building', 'Grand National Assembly Building', 'Palace of the Nation']"
multiple,hard,Geography,What is the most populous Muslim-majority nation in 2010?,Indonesia,"['Saudi Arabia', 'Iran', 'Sudan']"
multiple,medium,Entertainment: Japanese Anime &amp; Manga,What sport is being played in the Anime Eyeshield 21?,American Football,"['Baseball', 'Football', 'Basketball']"
multiple,easy,Entertainment: Video Games,Which Game Boy from the Game Boy series of portable video game consoles was released first?,Game Boy Color,"['Game Boy Advance', 'Game Boy Micro', 'Game Boy Advance SP']"
boolean,easy,General Knowledge,Scotland voted to become an independent country during the referendum from September 2014.,False,['True']
multiple,medium,Sports,Which of these countries&#039; national teams qualified for the 2018 FIFA World Cup in Russia?,Tunisia,"['United States of America', 'Italy', 'Netherlands']"
multiple,medium,Entertainment: Cartoon &amp; Animations,When did the last episode of &quot;Futurama&quot; air before returning in 2023?,"September 4, 2013","['December 25, 2010', 'March 28, 1999', 'November 4, 2021']"
boolean,medium,Entertainment: Television,The television show Doctor Who first aired in 1963.,True,['False']
multiple,easy,Science: Mathematics,"What comes after a Million, a Billion, and a Trillion?",Quadrillion,"['Sextillion', 'Quintillion', 'Septillion']"
multiple,medium,Entertainment: Video Games,"In &quot;Overwatch&quot;, how much health does Roadhog&#039;s &quot;Take a Breather&quot; ability recover?",300,"['100', '200', '400']"
multiple,easy,Science &amp; Nature,What does DNA stand for?,Deoxyribonucleic Acid,"['Deoxyribogenetic Acid', 'Deoxyribogenetic Atoms', 'Detoxic Acid']"
boolean,medium,General Knowledge,Fast food restaurant chains Carl&#039;s Jr. and Hardee&#039;s are owned by the same company.,True,['False']
multiple,easy,Entertainment: Television,"In the TV show &#039;M*A*S*H&#039;, what was the nickname of Corporal Walter O&#039;Reilly?",Radar,"['Hawkeye', 'Hot Lips', 'Trapper']"
multiple,easy,Science: Mathematics,Who proved Fermat&#039;s Last Theorem?,Andrew Wiles,"['Leonhard Euler', 'Carl Friedrich Gauss', 'Srinivasa Ramanujan']"
boolean,medium,Art,Pablo Picasso is one of the founding fathers of &quot;Cubism.&quot;,True,['False']
multiple,easy,Entertainment: Video Games,Which of these covert groups employs Sam Fisher to work as a Splinter Cell?,Third Echelon,"['Voron', 'Black Arrow', 'The Engineers']"
multiple,medium,General Knowledge,"In a standard set of playing cards, which is the only king without a moustache?",Hearts,"['Spades', 'Diamonds', 'Clubs']"
multiple,medium,History,Who was the first wife of King Henry VIII?,Catherine of Aragon,"['Jane Seymour', 'Anne Boleyn', 'Anne of Cleves']"
multiple,medium,Vehicles,What manufacturer made the car used in Back to the Future?,DeLorean,"['Ford', 'Toyota', 'Daihatsu']"
boolean,medium,Entertainment: Television,"In the animated series Futurama, the character Phllip J. Fry is his own grandfather.",True,['False']
multiple,easy,Entertainment: Film,Who directed the Kill Bill movies?,Quentin Tarantino,"['Arnold Schwarzenegger', 'David Lean', 'Stanley Kubrick']"
multiple,hard,Entertainment: Music,Which song in rapper Kanye West&#039;s album &quot;The Life of Pablo&quot; features Rihanna?,Famous,"['Wolves', 'Ultralight Beam', 'Highlights']"
multiple,medium,Entertainment: Video Games,Which of these is NOT a terrorist faction in Counter-Strike (2000)?,Midwest Militia,"['Phoenix Connection', 'Elite Crew', 'Guerrilla Warfare']"
boolean,easy,Sports,Shaquille O&rsquo;Neal has only made one three pointer in his career.,True,['False']
boolean,medium,General Knowledge,The Happy Face was created by commercial artist Harvey Ball.,True,['False']
multiple,medium,Entertainment: Video Games,"In Portal, what color is the Intelligence Core?",Blue,"['Purple', 'Red', 'Orange']"
boolean,medium,Vehicles,The Chevrolet Corvette has always been made exclusively with V8 engines only.,False,['True']
multiple,hard,Entertainment: Video Games,When was the Valve Corporation founded?,"August 24, 1996","['December 26, 1994', 'March 22, 1997', 'March 13, 1997']"
boolean,medium,Geography,"The longest place named in the United States is Lake Chargoggagoggmanchauggagoggchaubunagungamaugg, located near Webster, MA.",True,['False']
multiple,medium,Politics,"Between 1973 to 1990, what country was ruled by dictator Augusto Pinochet?",Chile,"['Ethiopia', 'Indonesia', 'Nicaragua']"
multiple,medium,Entertainment: Japanese Anime &amp; Manga,"In the &quot;Sailor Moon&quot; series, what is Sailor Jupiter&#039;s civilian name?",Makoto Kino,"['Minako Aino', 'Usagi Tsukino', 'Rei Hino']"
multiple,medium,Entertainment: Music,In which year was the Megadeth album &quot;Peace Sells... but Who&#039;s Buying?&quot; released?,1986,"['1979', '1987', '1983']"
boolean,medium,General Knowledge,"The word &quot;news&quot; originates from the first letters of the 4 main directions on a compass (North, East, West, South).",False,['True']
multiple,easy,Entertainment: Video Games,"Which of the following Pokemon Types was present in the original games, Red and Blue?",Ice,"['Steel', 'Dark', 'Fairy']"
multiple,medium,Entertainment: Books,Who is the protagonist of the book: &quot;The Catcher in the Rye&quot; by J.D. Salinger,Holden Caulfield,"['Holden David', 'Jerome Caulfield', 'Jerome David']"
multiple,easy,Science &amp; Nature,What is the common name of the chemical compound &quot;dihydrogen monoxide&quot;?,Water,"['Methane', 'Ammonia ', 'Laughing Gas']"
boolean,easy,Entertainment: Video Games,The main antagonist in the videogame Saints Row IV is an entity known as The Mastermind.,False,['True']
multiple,medium,Science &amp; Nature,"Where did the Great Storm of 1987 make landfall at, first?",Cornwall,"['Surrey', 'Wales', 'The Midlands']"
multiple,easy,History,When did the Battle of the Somme begin?,"July 1st, 1916","['August 1st, 1916', 'July 2nd, 1916', 'June 30th, 1916']"
multiple,easy,General Knowledge,"In &quot;Shrek&quot;, what comedic actor voices Donkey?",Eddie Murphy,"['Chris Rock', 'Richard Pryor', 'Bernie Mac']"
multiple,hard,History,The main objective of the German operation &quot;Case Blue&quot; during World War II was originally to capture what?,Caucasus,"['Stalingrad', 'Crimea', 'Voronezh']"
multiple,medium,Entertainment: Film,"In the movie &ldquo;The Iron Giant,&rdquo; this character is the protagonist.",Hogarth Hughes,"['Kent Mansley', 'Dean McCoppin', 'Annie Hughes']"
multiple,easy,Entertainment: Television,"In DuckTales, what is the name of the city where all the main characters live?",Duckburg,"['Duckwing', 'Tailspin', 'Wingford']"
multiple,medium,Science &amp; Nature,How many baby/milk teeth does a human child have in total?,20,"['10', '15', '25']"
multiple,medium,Entertainment: Video Games,"In Minecraft, what types of sound files are required for custom SFX to work in resource packs?",.ogg,"['.wav', '.mp3', '.class']"
multiple,medium,Entertainment: Japanese Anime &amp; Manga,Which studio made Cowboy Bebop?,Sunrise,"['Bones', 'Madhouse', 'Pierriot']"
multiple,medium,Entertainment: Video Games,Which of these was NOT a launch title for the Nintendo 64?,Mario Kart 64,"['Super Mario 64', 'Pilotwings 64', 'Saikyō Habu Shōgi']"
boolean,easy,Entertainment: Video Games,The Kerbol System (from Kerbal Space Program) includes a Saturn analogue.,False,['True']
boolean,easy,History,The United States of America was the first country to launch a man into space.,False,['True']
multiple,easy,Entertainment: Video Games,"In CoD: Black Ops III, what is the name of the rogue A.I. antagonist?",Corvus,"['Cabal', 'Legion', 'Icarus']"
multiple,hard,Entertainment: Video Games,How many voice channels does the Super Nintendo Entertainment System support?,8,"['6', '10', '12']"
multiple,easy,Entertainment: Video Games,"If a &quot;360 no-scope&quot; is one full rotation before shooting, how many rotations would a &quot;1080 no-scope&quot; be?",3,"['4', '2', '5']"
multiple,medium,Geography,Which country ranks first in the number of historically active volcanoes?,Indonesia,"['Japan', 'USA', 'India']"
multiple,medium,Entertainment: Music,Which of these black metal acts was a solo project?,Burzum,"['Darkthrone', 'Mayhem', 'Dissection']"
multiple,medium,Politics,Which United Nations principal organ has been suspended since 1994?,Trusteeship Council,"['Secretariat', 'General Assembly', 'Economic and Social Council']"
boolean,easy,Animals,Elephants are physically unable to jump.,True,['False']
multiple,medium,Celebrities,What is Doug Walker&#039;s YouTube name?,The Nostalgia Critic,"['The Angry Video Game Nerd', 'AngryJoeShow', 'The Cinema Snob']"
multiple,easy,Entertainment: Film,"In the Super Mario Bros. Movie (2023), who plays Toad?",Keegan-Michael Key,"['Seth Rogan', 'Charlie Day', 'Jack Black']"
multiple,hard,Entertainment: Board Games,The board game &quot;Ra&quot; was designed by which designer? ,Reiner Knizia,"['Bruno Cathala', 'Uwe Rosenburg', 'Allison Kline']"
multiple,medium,Entertainment: Video Games,Who was Tetris created by?,Alexey Pajitnov,"['Toru Iwatani', 'Allan Alcorn', 'William Higinbotham']"
multiple,medium,Science &amp; Nature,Which Swiss psychologist is synonymous with the concepts of introvert and extrovert personalities?,Carl Jung,"['Jean Piaget', 'Alice Miller', 'Hermann Rorschach']"
boolean,easy,General Knowledge,Bulls are attracted to the color red.,False,['True']
boolean,hard,Entertainment: Video Games,The first &quot;Metal Gear&quot; game was released for the PlayStation 1.,False,['True']
multiple,easy,Entertainment: Video Games,Which of these is not a wonder weapon in &quot;Call Of Duty: Zombies&quot;?,R115 Resonator,"['GKZ-45 Mk3', 'Ray Gun', 'Scavenger']"
multiple,hard,General Knowledge,Which of the following is not another name for the eggplant?,Potimarron,"['Brinjal', 'Guinea Squash', 'Melongene']"
boolean,easy,Animals,Cats have whiskers under their legs.,True,['False']
multiple,medium,Entertainment: Video Games,What is the mod &quot;Cry of Fear&quot; based off of?,Half-Life,"['Counter Strike: Source', 'Half-Life 2', 'It&#039;s a stand alone game, not a mod']"
boolean,easy,Entertainment: Video Games,In Kingdom Hearts the Paopu fruit is said to intertwine the destinies for two people forever.,True,['False']
multiple,hard,Entertainment: Film,"According to &quot;Star Wars&quot; lore, which planet does Obi-Wan Kenobi come from?",Stewjon,"['Alderaan', 'Tatooine', 'Naboo']"
multiple,medium,Vehicles,Which of these cars is NOT considered one of the 5 Modern Supercars by Ferrari?,Testarossa,"['Enzo Ferrari', 'F40', '288 GTO']"
boolean,easy,Entertainment: Japanese Anime &amp; Manga,"In the 1988 film &quot;Akira&quot;, Tetsuo ends up destroying Tokyo.",True,['False']
boolean,medium,Animals,"&quot;Kamea,&quot; the Gilbertese Islander word for dog, is derived from the English phrase &quot;Come here!&quot;",True,['False']
multiple,hard,Entertainment: Film,What was the last Marx Brothers film to feature Zeppo?,Duck Soup,"['A Night at the Opera', 'A Day at the Races', 'Monkey Business']"
multiple,medium,Entertainment: Music,Which of these songs from American Idiot: The Musical was a previously unreleased Green Day song?,When It&#039;s Time,"['Are We The Waiting', 'Before The Lobotomy', 'Favorite Son']"
multiple,medium,Science &amp; Nature,The Sun consists of mostly which two elements?,Hydrogen &amp; Helium,"['Hydrogen &amp; Nitrogen', 'Carbon &amp; Nitrogen', 'Carbon &amp; Helium']"
multiple,medium,Entertainment: Music,Who had a 1976 hit with the song &#039;You Make Me Feel Like Dancing&#039;?,Leo Sayer,"['Elton John', 'Billy Joel', 'Andy Gibb']"
multiple,medium,Entertainment: Japanese Anime &amp; Manga,"In Haikyuu!!, who is not a member of Karasuno VBC?",Shigeru Yahaba,"['Tadashi Yamaguchi', 'Hisashi Kinoshita', 'Kazuhito Narita']"
boolean,easy,Geography,There are no deserts in Europe.,True,['False']
multiple,easy,Science: Computers,"In networking, what does OSPF stand for?",Open Shortest Path First,"['Order State Part First', 'Order Sense Ping Find', 'Open Signal Path Finder']"
multiple,easy,Entertainment: Video Games,"In Pokemon Red &amp; Blue, what is the name of HM05?",Flash,"['Strength', 'Cut', 'Fly']"
boolean,medium,Entertainment: Video Games,The first Maxis game to feature the fictional language &quot;Simlish&quot; was The Sims (2000).,False,['True']
multiple,medium,Entertainment: Video Games,What was the original name of  &quot;Minecraft&quot;?,Cave Game,"['Minecraft: Order of the Stone', 'Dig And Build', 'Infiniminer']"
multiple,medium,Animals,What is the common term for bovine spongiform encephalopathy (BSE)?,Mad Cow disease,"['Weil&#039;s disease', 'Milk fever', 'Foot-and-mouth disease']"
multiple,easy,Geography,Which country does Austria not border?,France,"['Slovenia', 'Switzerland', 'Slovakia']"
multiple,easy,Geography,On which continent does the Andes mountain range lie?,South America,"['Europe', 'Asia', 'Africa']"
multiple,easy,Art, What color is produced by mixing black and white?,Grey,"['Black', 'Brown', 'White']"
multiple,medium,Entertainment: Cartoon &amp; Animations,"In the Dreamworks animated movie &quot;Madagascar,&quot; who voices Maurice the lemur?",Cedric the Entertainer,"['Jack Black', 'Sacha Baron Cohen', 'Chris Rock']"
multiple,easy,Entertainment: Video Games,"In Night In The Woods, where does Gregg work?",Snack Falcon,"['Ol&#039; Pickaxe', 'Video Outpost &quot;Too&quot;', 'Food Donkey']"
multiple,medium,Science: Mathematics,How many zeros are there in a googol?,100,"['10', '1,000', '1,000,000']"
boolean,easy,Geography,Ottawa is the capital of Canada.,True,['False']
multiple,easy,Geography,What is the capital of Scotland?,Edinburgh,"['Glasgow', 'Dundee', 'London']"
multiple,medium,History,"When did L. L. Zamenhof first publish &quot;Unua Libro&quot;, the first publication describing his international language Esperanto?",1887,"['1897', '1905', '1915']"
multiple,medium,Entertainment: Television,What episode of &quot;Mr. Bean&quot; saw him trying to prevent people from seeing him naked?,Mr. Bean in Room 426,"['Mr. Bean Goes to Town', 'The Trouble with Mr. Bean', 'Back to School Mr. Bean']"
multiple,medium,Entertainment: Video Games,"In Sid Meier&#039;s Civilization V, which World Wonder can only be built in cities on or next to a desert?",Petra,"['The Pyramids', 'Alhambra', 'Mausoleum of Maussollos']"
multiple,medium,History,"On which aircraft carrier did the Doolitte Raid launch from on April 18, 1942 during World War II?",USS Hornet,"['USS Enterprise', 'USS Lexington', 'USS Saratoga']"
multiple,hard,Entertainment: Music,"Who designed the album cover for True Romance, an album by Estelle?",Rebecca Sugar,"['Matt Burnett', 'Ian Jones Quartey', 'Ben Leven']"
multiple,hard,Science: Mathematics,The decimal number 31 in hexadecimal would be what?,1F,"['3D', '2E', '1B']"
boolean,easy,Politics,Berlin was the capital of two countries for about 40 years.,False,['True']
multiple,hard,Entertainment: Music,Which Elton John hit starts with the line &quot;When are you gonna come down&quot;?,Goodbye Yellow Brick Road,"['Rocket Man', 'Bennie and the Jets', 'Crocodile Rock']"
multiple,easy,Entertainment: Music,Which song on Daft Punk&#039;s &quot;Random Access Memories&quot; features Pharrell Williams?,Get Lucky,"['Doin&#039; It Right', 'Instant Crush', 'The Game of Love']"
multiple,easy,Sports,Which of these NHL teams originally played in Atlanta?,Calgary Flames,"['St. Louis Blues', 'Minnesota Wild', 'Vancouver Canucks']"
multiple,hard,Entertainment: Music,Which of Michael Jackson&#039;s albums sold the most copies?,Thriller,"['Dangerous', 'Bad', 'Off the Wall']"
multiple,medium,Entertainment: Video Games,"In the Portal series, Aperture Science was founded under what name in the early 1940s?",Aperture Fixtures,"['Aperture Lavatories', 'Aperture Science Innovators', 'Wheatley Laboratories']"
multiple,medium,Entertainment: Video Games,Which company developed and published Game Dev Tycoon?,Greenheart Games,"['Greenland Games', 'The Tycoonists', 'MomCorp']"
multiple,easy,Geography,Which small country is located between the borders of France and Spain?,Andorra,"['San Marino', 'Vatican City', 'Lichtenstein']"
boolean,easy,Entertainment: Video Games,The ultimate phrase used by Pharah from Overwatch is: &quot;Justice rains from above!&quot;,True,['False']
multiple,hard,Science &amp; Nature,Which moon is the only satellite in our solar system to possess a dense atmosphere?,Titan,"['Europa', 'Miranda', 'Callisto']"
multiple,medium,Entertainment: Comics,"In the Hellboy universe, who founded the BPRD?",Trevor Bruttenholm,"['Kate Corrigan', 'Johann Kraus', 'Benjamin Daimio']"
multiple,easy,Entertainment: Video Games,"In World of Warcraft, What was the name of the spell that caused a plague that famously killed millions of players in 2005?",Corrupted Blood,"['Necrotic Plague', 'Unbound Infestation', 'Mutated Infection']"
multiple,medium,Entertainment: Japanese Anime &amp; Manga,Which band name isn&#039;t a Stand in &quot;JoJo&#039;s Bizarre Adventure&quot;?,AC/DC,"['Green Day', 'Survivor', 'Red Hot Chili Peppers']"
multiple,hard,Entertainment: Video Games,In which game did the character &quot;Mario&quot; make his first appearance?,Donkey Kong,"['Super Mario Bros.', 'Super Mario Land', 'Mario Bros.']"
boolean,hard,Art,Ancient Greek and Roman sculptors often colored their statues.,True,['False']
multiple,easy,Science &amp; Nature,What is the standard SI unit for time?,Second,"['Minute', 'Hour', 'Day']"
multiple,medium,Entertainment: Japanese Anime &amp; Manga,What colour hair does the main character of the Yu-Gi-Oh! original anime series have?,"Red, black and yellow","['Red, yellow and green', 'Red, black and green', 'Red, purple and blue']"
boolean,hard,Entertainment: Video Games,Danganronpa 2: Goodbye Despair featured all of the surviving students from the first game.,False,['True']
multiple,hard,Animals,What is the average amount of chinchillas born into a single litter?,2-3,"['10-15', '5-8', '15-18']"
multiple,easy,Entertainment: Television,"On the NBC show Community, whose catch-phrase was &quot;Pop! Pop!&quot;?",Magnitude,"['Star Burns', 'Leonard', 'Senoir Chang']"
multiple,easy,Entertainment: Video Games,"League of Legends, DOTA 2, Smite and Heroes of the Storm are all part of which game genre?",Multiplayer Online Battle Arena (MOBA),"['Real Time Strategy (RTS)', 'First Person Shooter (FPS)', 'Role Playing Game (RPG)']"
multiple,hard,Entertainment: Video Games,What is the name of the alligator in Where&#039;s My Water?,Swampy,"['Cranky', 'Crocky', 'Justice']"
multiple,easy,Sports,"Which country produced football players such as Cafu, Roberto Carlos and Pel&eacute;?",Brazil,"['Argentina', 'Portugal', 'Spain']"
multiple,hard,Entertainment: Comics,Which of the following rings from the DC Comics&#039; &quot;Lantern Corps&quot; are classified as Parasitic?,Indigo (Compassion),"['Green (Willpower)', 'White (Life)', 'Yellow (Fear)']"
multiple,medium,Politics,Which U.S. president is said to have had the longest beard?,Rutherford B. Hayes,"['Zachary Taylor', 'John Quincy Adams', 'James A. Garfield']"
multiple,easy,Entertainment: Video Games,"In the fighting game &quot;Skullgirls,&quot; which character utilizes a folding chair called the &quot;Hurting&quot; as a weapon?",Beowulf,"['Big Band', 'Squigly', 'Cerebella']"
multiple,medium,Geography,What tiny principality lies between Spain and France?,Andorra,"['Liechtenstein', 'Monaco', 'San Marino']"
multiple,hard,Entertainment: Video Games,What is the name of the alien species introduced in Shadow the Hedgehog (2005)?,Black Arms,"['The Swarm', 'Black Hive', 'The Eclipse']"
multiple,easy,Entertainment: Books,"Who was the author of the 1954 novel, &quot;Lord of the Flies&quot;?",William Golding,"['Stephen King', 'F. Scott Fitzgerald', 'Hunter Fox']"
multiple,medium,Entertainment: Music,Which Iron Maiden album did the song &quot;Dream of Mirrors&quot; feature in?,Brave New World,"['Dance of Death', 'A Matter of Life and Death', 'Somewhere in Time']"
multiple,hard,Entertainment: Books,Where does the book &quot;The Silence of the Lambs&quot; get its title from?,The main character&#039;s trauma in childhood,"['The relation it has with killing the innocents', 'The villain&#039;s favourite meal', 'The voice of innocent people being shut by the powerful']"
multiple,easy,Celebrities,What does film maker Dan Bell typically focus his films on?,Abandoned Buildings and Dead Malls,"['Historic Landmarks', 'Action Films', 'Documentaries ']"
multiple,medium,Entertainment: Books,"In &quot;Little Women&quot;, which of the March sisters married Laurie?",Amy,"['Beth', 'Jo', 'Meg']"
boolean,medium,Entertainment: Music,The album reputation by Taylor Swift has 15 songs,True,['False']
multiple,medium,Entertainment: Video Games,Which of the following is NOT an official game in Nintendo&#039;s Super Smash Bros. series?,Super Smash Bros. Crusade,"['Super Smash Bros. Melee', 'Super Smash Bros. Brawl', 'Super Smash Bros. for Nintendo 3DS and Wii U']"
multiple,hard,Sports,Which English football team is nicknamed &#039;The Tigers&#039;?,Hull City,"['Cardiff City', 'Bristol City', 'Manchester City']"
multiple,medium,Entertainment: Video Games,"In Terraria, what does the Wall of Flesh not drop upon defeat?",Picksaw,"['Pwnhammer', 'Breaker Blade', 'Laser Rifle']"
boolean,medium,Entertainment: Video Games,Super Mario Bros. was released in 1990.,False,['True']
multiple,hard,General Knowledge,Which one of these Swedish companies was founded in 1943?,IKEA,"['H &amp; M', 'Lindex', 'Clas Ohlson']"
boolean,easy,General Knowledge,"In 2010, Twitter and the United States Library of Congress partnered together to archive every tweet by American citizens.",True,['False']
multiple,hard,Entertainment: Video Games,Which one of these characters appeared in Marvel vs Capcom: Infinite? ,Firebrand,"['Wolverine', 'Dr. Doom', 'Jill Valentine']"
multiple,medium,Mythology,Who is the god of war in Polynesian mythology?,&#039;Oro,"['Hina', 'Kohara', 'Māui']"
multiple,medium,Entertainment: Video Games,"Which of these weapons is NOT available to the Terrorist team in the game, &quot;Counter-Strike: Global Offensive&quot;?",SCAR-20,"['SG 550', 'CZ-75', 'XM1014']"
multiple,hard,General Knowledge,"Which product did Nokia, the telecommunications company, originally sell?",Paper,"['Phones', 'Computers', 'Processors']"
multiple,hard,Entertainment: Board Games,"Which board game was first released on February 6th, 1935?",Monopoly,"['Risk', 'Clue', 'Candy Land']"
multiple,hard,Entertainment: Comics,"When Batman trolls the online chat rooms, what alias does he use?",JonDoe297,"['iAmBatman', 'BWayne13', 'BW1129']"
multiple,medium,History,Which of the following ancient Near Eastern peoples still exists as a modern ethnic group?,Assyrians,"['Babylonians', 'Hittites', 'Elamites']"
multiple,medium,Celebrities,Paul McCartney has always used his middle name. What is his real first name? ,James,"['John', 'Jack', 'Justin']"
multiple,medium,General Knowledge,The architect known as Le Corbusier was an important figure in what style of architecture?,Modernism,"['Neoclassical', 'Baroque', 'Gothic Revival']"
multiple,hard,Entertainment: Video Games,"In Xenoblade Chronicles X, which class has a sniper rifle as it&#039;s primary weapon?",Partisan Eagle,"['Blast Fencer', 'Winged Viper', 'Bastion Warrior']"
multiple,easy,Entertainment: Video Games,"In Slay the Spire, which of the following is NOT a playable character?",Stoneheart,"['Silent', 'Defect', 'Ironclad']"
multiple,hard,Entertainment: Video Games,"In &quot;Team Fortress 2&quot;, what is the fastest taunt kill that can be pulled off?",Showdown,"['Hadouken', 'Organ Grinder', 'Skewer']"
multiple,medium,Entertainment: Music,Who performed the hit single &#039;Call Me&#039; for the 1980 film &#039;American Gigolo&#039;?,Blondie,"['Madonna', 'Tina Turner', 'Janet Jackson']"
multiple,medium,General Knowledge,"What are the tallest twin buildings in the world, with a height of 1,483 ft (451.9 m)?","Petronas Twin Towers, Malaysia","['Emirates Towers, United Arab Emirates', 'Huaguoyuan Towers, China', 'Palm Towers, Qatar']"
multiple,hard,Entertainment: Video Games,"In 2004, which person(s) created &quot;Roblox&quot;?",David Baszucki and Erik Cassel,"['Erik Cassel', 'Jonas Alto and Sarah Smith', 'James Kolein']"
multiple,medium,Entertainment: Video Games,Which of the following was not developed by Bethesda?,Fallout: New Vegas,"['Fallout 3', 'The Elder Scrolls V: Skyrim', 'Fallout 4']"
multiple,hard,Entertainment: Video Games,Which game in the &quot;Halo&quot; series has the strongest iteration of the shotgun?,Halo: Combat Evolved,"['Halo 2', 'Halo 3', 'Halo: Reach']"
multiple,medium,Geography,"In Washington, D.C. what does the &quot;C&quot; stand for?",Columbia,"['Caledonia', 'Corinthia', 'City']"
multiple,easy,Sports,What team won the 2016 MLS Cup?,Seattle Sounders,"['Colorado Rapids', 'Toronto FC', 'Montreal Impact']"
multiple,medium,Entertainment: Music,What was Bon Iver&#039;s debut album released in 2007?,"For Emma, Forever Ago","['Bon Iver, Bon Iver', '22, A Million', 'Blood Bank EP']"
multiple,hard,Entertainment: Japanese Anime &amp; Manga,Which animation studio animated &quot;To Love-Ru&quot;?,Xebec,"['Trigger', 'Sunrise', 'Kyoto Animation']"
multiple,medium,General Knowledge,"Which of these is the name of a Japanese system of alternative medicine, literally meaning &quot;finger pressure&quot;?",Shiatsu,"['Ukiyo', 'Majime', 'Ikigai']"
multiple,hard,Mythology,What immense structure is referred to in Norse Mythology as the Yggdrasil.,Tree,"['Mountain', 'Temple', 'Castle']"
multiple,hard,Entertainment: Music,Which of these is NOT a song featured on the Lockjaw EP released in 2013 by Flume &amp; Chet Faker?,Left Alone,"['What About Us', 'This Song Is Not About A Girl', 'Drop The Game']"
multiple,easy,Geography,Which US state is nicknamed &quot;The Golden State&quot;?,California,"['Florida', 'New Mexico', 'Alaska']"
multiple,hard,Vehicles,What model was the sports car gifted to Yuri Gagarin by the French government in 1965?,Matra Djet,"['Porsche 911', 'Alpine A110', 'AC Cobra']"
multiple,easy,Entertainment: Video Games,Who created the 2011 Video Game &quot;Minecraft&quot;?,Markus Persson,"['Jens Bergensten', 'Daniel Rosenfeld', 'Carl Manneh']"
multiple,medium,Geography,Which of the following countries does NOT recognize Armenia as an independent country?,Pakistan,"['Iran', 'Turkey', 'Azerbaijan']"
multiple,easy,Entertainment: Film,"Max Schreck, a famous German silent film actor, plays a famous monster in which 1922 film?",Nosferatu,"['Frankenstein ', 'The Headless Horseman', 'H&auml;xan']"
multiple,medium,Geography,"What is the region conjoining Pakistan, India, and China with unknown leadership called?",Kashmir,"['Andorra', 'Gibraltar', 'Quin']"
boolean,medium,Entertainment: Music,"3 members of 2 Live Crew were arrested for playing songs from their album, As Nasty As They Wanna Be, live.",True,['False']
multiple,medium,History,Who was the first President of the People&#039;s Republic of China?,Mao Zedong,"['Liu Shaoqi', 'Dong Biwu', 'Li Xiannian']"
boolean,medium,General Knowledge,The sum of all the numbers on a roulette wheel is 666.,True,['False']
multiple,hard,Art,What was the first successful and commercially viable photographic technique?,The Daguerreotype,"['Collodion process', 'The Turin Shroud', 'Kodachrome film']"
boolean,medium,History,Franz Joseph I was the last emperor of Austria.,False,['True']
multiple,medium,Animals,What is the world&#039;s longest venomous snake?,King Cobra,"['Green Anaconda', 'Inland Taipan', 'Yellow Bellied Sea Snake']"
multiple,hard,Entertainment: Japanese Anime &amp; Manga,Which animation studio animated &quot;Psycho Pass&quot;?,Production I.G,"['Kyoto Animation', 'Shaft', 'Trigger']"
boolean,easy,Science: Gadgets,"Microphones can be used not only to pick up sound, but also to project sound similar to a speaker.",True,['False']
boolean,hard,General Knowledge,&quot;Number 16 Bus Shelter&quot; was a child&#039;s name that was approved by the New Zealand government.,True,['False']
multiple,easy,Entertainment: Video Games,Which of these is NOT a main playable character in &quot;Grand Theft Auto V&quot;?,Lamar,"['Trevor', 'Michael', 'Franklin']"
multiple,hard,Entertainment: Video Games,"In the Animal Crossing series, which flower is erroneously called the &quot;Jacob&#039;s Ladder&quot;?",Lily of the Valley,"['Hydrangea', 'Harebell', 'Yarrow']"
boolean,easy,Science: Computers,The Windows 7 operating system has six main editions.,True,['False']
multiple,medium,General Knowledge,Which mountain has the highest peak in South America?,"Aconcagua, Argentina","['Ojos del Salado, Argentina/Chile border', 'Monte Pissis, Argentina', 'Huascar&aacute;n, Peru']"
multiple,hard,Entertainment: Film,In what year did Clint Eastwood star as Inspector Harry Callahan in the film &quot;Dirty Harry&quot;?,1971,"['1975', '1983', '1969']"
multiple,easy,Animals,Wombats are native to which Country?,Australia,"['New Zealand', 'Papua New Guinea', 'Palau']"
multiple,hard,History,"Before the American colonies switched to the Gregorian calendar in 1752, on what date did their new year start?",March 25th,"['June 1st', 'September 25th', 'December 1st']"
multiple,easy,History,To what political party did Abraham Lincoln belong when elected POTUS?,Republican,"['Democrat', 'Independent', 'Whig']"
multiple,medium,Entertainment: Music,Which artist released his third and final studio album &#039;Electric Ladyland&#039; before his death in 1970?,Jimi Hendrix,"['Prince', 'Eric Clapton', 'Captain Sensible']"
multiple,hard,Sports,Which player &quot;kung-fu kicked&quot; a Crystal Palace fan in January 1995?,Eric Cantona,"['David Seamen', 'Ashley Cole', 'Mark Hughes']"
multiple,medium,History,What is the name of the famous Apache leader who died in 1909 at the age of 70?,Geronimo,"['Sitting Bull', 'Red Cloud', 'Crazy Horse']"
multiple,medium,Entertainment: Film,In which 1973 film does Yul Brynner play a robotic cowboy who malfunctions and goes on a killing spree?,Westworld,"['Runaway', 'Android', 'The Terminators']"
multiple,medium,Entertainment: Cartoon &amp; Animations,Adam West was the mayor of which cartoon town?,Quahog,"['Springfield', 'South Park', 'Langley Falls']"
multiple,medium,General Knowledge,Which of these Nicktoons were NOT originally a short on Oh Yeah! Cartoons before becoming their own series?,Danny Phantom,"['ChalkZone', 'My Life as a Teenage Robot', 'The Fairly OddParents']"
multiple,medium,History,"John Moses Browning, the designer of the M1918 BAR (Browning Automatic Rifle) was a part of which religion?",Mormon,"['Catholic', 'Jewish', 'Atheist']"
multiple,easy,General Knowledge,Earth is located in which galaxy?,The Milky Way Galaxy,"['The Mars Galaxy', 'The Galaxy Note', 'The Black Hole']"
multiple,hard,Sports,The AHL affiliate team of the Boston Bruins is named what?,Providence Bruins,"['New Haven Bruins', 'Cambridge Bruins', 'Hartford Bruins']"
multiple,medium,Entertainment: Video Games,What element does the Zinogre use in Monster Hunter?,Thunder,"['Ice', 'Fire', 'Water']"
multiple,easy,General Knowledge,Which of these Marvel games was released on the Playstation 2?,Spider-Man 2,"['Silver Surfer', 'Howard the Duck', 'Wolverine: Adamantium Rage']"
multiple,medium,Entertainment: Music,"Which music artist made the songs &quot;Heart&quot;, &quot;It&#039;s a Sin&quot;, and &quot;West End Girls&quot;?",Pet Shop Boys,"['The Human League', 'New Order', 'Ultravox']"
multiple,medium,Sports,What year was hockey legend Wayne Gretzky born?,1961,"['1965', '1959', '1963']"
multiple,medium,Science: Gadgets,Who patented a steam engine that produced continuous rotary motion?,James Watt,"['Nikola Tesla', 'Albert Einstein', 'Alessandro Volta']"
boolean,easy,Entertainment: Music,The music group Daft Punk got their name from a negative review they received.,True,['False']
multiple,easy,Entertainment: Television,"In &quot;Rick And Morty&quot;, who shot &quot;Mr. Poopybutthole&quot; in the episode &quot;Total Rickall&quot;?",Beth,"['Rick', 'Jerry', 'Morty']"
multiple,medium,Sports,Which football manager won more trophies than any other during his tenure at English football club Manchester United?,Sir Alex Ferguson,"['David Moyes', 'Louis van Gaal', 'Jos&eacute; Mourinho']"
multiple,hard,History,List the following Iranic empires in chronological order:,"Median, Achaemenid, Parthian, Sassanid","['Median, Achaemenid, Sassanid, Parthian', 'Achaemenid, Median, Parthian, Sassanid', 'Achaemenid, Median, Sassanid, Parthian']"
multiple,easy,Entertainment: Video Games,In &quot;PUBATTLEGROUNDS&quot; which ammo type does the M24 use?,7.62mm,"['5.56mm', '9mm', '.300 Magnum']"
multiple,medium,Entertainment: Television,Who plays the character of Dennis Reynolds on It&#039;s Always Sunny in Philadelphia?,Glenn Howerton,"['Rob McElhenney', 'Charlie Day', 'Danny DeVito']"
multiple,medium,Sports,"The 1988 Formula 1 season had McLaren win all but one race, what race did they not win?",Italian Grand Prix,"['Japanese Grand Prix', 'Monaco Grand Prix', 'Brazilian Grand Prix']"
multiple,easy,Entertainment: Film,Which of the following actors has only been in a Quentin Tarantino directed film once?,John Travolta,"['Christoph Waltz', 'Harvey Keitel', 'Samuel L. Jackson']"
multiple,hard,Science: Computers,Which of these was the name of a bug found in April 2014 in the publicly available OpenSSL cryptography library?,Heartbleed,"['Shellshock', 'Corrupted Blood', 'Shellscript']"
multiple,medium,General Knowledge,What year was Walt Disney born?,1901,"['1902', '1903', '1900']"
multiple,medium,Sports,Which Formula 1 driver switched teams in the middle of the 2017 season?,Carlos Sainz Jr.,"['Daniil Kvyat', 'Jolyon Palmer', 'Rio Haryanto']"
multiple,easy,Entertainment: Video Games,Which Pok&eacute;mon can learn the move &quot;Secret Power&quot; by leveling up?,Audino,"['Type:Null', 'Arceus', 'Silvally']"
multiple,hard,Entertainment: Film,"In the &quot;Jurassic Park&quot; universe, when did &quot;Jurassic Park: San Diego&quot; begin construction?",1985,"['1988', '1986', '1993']"
multiple,hard,Entertainment: Video Games,In the Gamecube Version of &quot;Resident Evil&quot; what text document is open on the monitor of the computer in the Visual Data Room?,A GDC Document,"['Text Document on Herbs', 'Nothing', 'Document on B.O.Ws']"
multiple,hard,Science &amp; Nature,The word &quot;science&quot; stems from the word &quot;scire&quot; meaning what?,To know,"['To measure', 'To live', 'To count']"
multiple,easy,Entertainment: Video Games,TF2: What code does Soldier put into the door keypad in &quot;Meet the Spy&quot;?,1111,"['1432', '1337', 'No code']"
multiple,medium,Entertainment: Video Games,In what year was Pok&eacute;mon Diamond &amp; Pearl released in Japan?,2006,"['2009', '2007', '2008']"
multiple,easy,Entertainment: Music,Which of these is NOT considered a woodwind instrument?,Trombone,"['Oboe', 'Clarinet', 'Bassoon']"
multiple,hard,Entertainment: Board Games,What is the most challenging monster in the Dungeons &amp; Dragons 5th Edition Monster Manual?,Tarrasque,"['Beholder', 'Displacer Beast', 'Lich']"
boolean,easy,Politics,Donald Trump won the popular vote in the 2016 United States presidential election.,False,['True']
multiple,hard,Vehicles,Which of the following Union Pacific &#039;Big Boy&#039; locomotives was restored to working order in 2019?,4014,"['4012', '4004', '4000']"
multiple,easy,Entertainment: Video Games,Who created the &quot;Metal Gear&quot; Series?,Hideo Kojima,"['Hiroshi Yamauchi', 'Shigeru Miyamoto', 'Gunpei Yokoi']"
boolean,medium,Entertainment: Video Games,"During pre-production of &quot;Super Mario Bros.&quot;, Mario originally was meant to shoot bullets.",True,['False']
multiple,easy,General Knowledge,The Hyundai Motor Company was founded in which country?,South Korea,"['Russia', 'Japan', 'China']"
multiple,easy,Entertainment: Video Games,"In &quot;Phantasy Star Online 2&quot;, which is the first area that you are granted access to?",Forest,"['Swamp', 'Plains', 'Caves']"
multiple,hard,Geography,Where is Fort Marlborough located?,Bengkulu,"['Singapore', 'London', 'Dover']"
multiple,hard,Mythology,"According to Algonquian folklore, how does one transform into a Wendigo?",Participating in cannibalism.,"['Excessive mutilation of animal corpses.', 'Performing a ritual involving murder.', 'Drinking the blood of many slain animals.']"
multiple,hard,Sports,Which is Kenesisa Bekele&#039;s personal best at marathon?,2:01:41,"['2:01:12', '2:01:45', '2:01:51']"
multiple,medium,Entertainment: Video Games,What was the name of the Secret Organization in the Hotline Miami series? ,50 Blessings,"['American Blessings', '50 Saints', 'USSR&#039;s Blessings']"
multiple,medium,Entertainment: Video Games,What block in Minecraft has the highest blast resistance?,Barrier,"['Obsidian', 'Bedrock', 'Block of Diamond']"
boolean,easy,Politics,"In 2016, the United Kingdom voted to stay in the EU.",False,['True']
multiple,medium,Entertainment: Cartoon &amp; Animations,"What Cartoon Network show aired its first episode on November 4th, 2013?",Steven Universe,"['Regular Show', 'Adventure Time', 'The Amazing World of Gumball']"
multiple,medium,Entertainment: Video Games,Which of these is NOT a game under the Worms series?,Major Malfunction,"['Crazy Golf', 'Clan Wars', 'Ultimate Mayhem']"
multiple,medium,General Knowledge,Which is the most popular spoken language in the Southern Hemisphere?,Portuguese,"['English ', 'Spanish', 'French']"
multiple,hard,Science: Computers,Who invented the &quot;Spanning Tree Protocol&quot;?,Radia Perlman,"['Paul Vixie', 'Vint Cerf', 'Michael Roberts']"
boolean,medium,Entertainment: Video Games,"In the game &quot;Subnautica&quot;, a &quot;Cave Crawler&quot; will attack you.",True,['False']
multiple,hard,Entertainment: Video Games,How many partners can you obtain in Paper Mario: The Thousand-Year Door?,7,"['6', '9', '10']"
boolean,medium,Entertainment: Japanese Anime &amp; Manga,"In &quot;JoJo&#039;s Bizarre Adventure&quot;, Father Enrico Pucchi uses a total of 3 stands in Part 6: Stone Ocean.",True,['False']
multiple,medium,Vehicles,"What country is the Hussarya supercar, made by the car manufacturer &quot;Arrinera&quot;, assembled in?",Poland,"['China', 'Sweden', 'Italy']"
multiple,medium,Sports,Who is regarded as the best Romanian footballer of all time?,Gheorghe Hagi,"['Cristian Chivu', 'Nicolae Dobrin', 'Gheorghe Popescu']"
multiple,easy,Entertainment: Music,What kind of instrument is a &quot;Mandolin&quot;?,String,"['Brass', 'Percussion', 'Woodwind']"
multiple,medium,Entertainment: Video Games,Who is the main villain of the Crash Bandicoot series?,Dr. Neo Cortex,"['Dr. Evo-Cortex', 'Dr. Cortox', 'Sir Cartex']"
multiple,easy,Science: Gadgets,What does SSD stand for in the context of computer storage?, Solid State Drive,"['Software Storage Device', 'Super Speed Data', 'Secure System Disk']"
multiple,easy,Art,Which artist painted the late 15th century mural &#039;The Last Supper&#039;?,Leonardo da Vinci,"['Piero della Francesca', 'Paolo Uccello', 'Luca Pacioli']"
multiple,hard,Entertainment: Music,"What was the name of the cold-war singer who has a song in Grand Theft Auto IV, and a wall landmark in Moscow for his memorial?",Viktor Tsoi,"['Jimi Hendrix', 'Brian Jones', 'Vladimir Vysotsky']"
multiple,easy,General Knowledge,Which one of these is not a typical European sword design?,Scimitar,"['Falchion', 'Ulfberht', 'Flamberge']"
boolean,medium,Entertainment: Video Games,Tony Hawk&#039;s Pro Skater was released in 1999.,True,['False']
multiple,easy,General Knowledge,Which is the capital of Spain?,Madrid,"['Paris', 'Barcelona', 'Lisboa']"
multiple,easy,Art,Who painted the Sistine Chapel?,Michelangelo,"['Leonardo da Vinci', 'Pablo Picasso', 'Raphael']"
multiple,medium,Celebrities,Where was Kanye West born?,"Atlanta, Georgia","['Chicago, Illinois', 'Los Angeles, California', 'Detroit, Michigan']"
multiple,easy,Entertainment: Music,Who is the lead singer of Foo Fighters?,Dave Grohl,"['Dave Mustaine', 'James Hetfield', 'Little Red Riding Hood']"
multiple,easy,Vehicles,Which of the following collision avoidance systems helps airplanes avoid colliding with each other?,TCAS,"['GPWS', 'OCAS', 'TAWS']"
multiple,medium,Entertainment: Board Games,"In poker, &quot;EV&quot; means what?",Expected Value,"['Equity Value', 'Equivalent Variation', 'Equity Variation']"
multiple,hard,Geography,What is the capital city of Bermuda?,Hamilton,"['Santo Dominigo', 'San Juan', 'Havana']"
multiple,easy,Entertainment: Video Games,What is the name of the talking cat in Persona 5?,Morgana,"['Teddie', 'Marie', 'Ryuji']"
multiple,hard,Vehicles,What car manufacturer gave away their patent for the seat-belt in the interest of saving lives?,Volvo,"['Ferrari', 'Ford', 'Renault']"
multiple,medium,Geography,What is the capital of Lithuania?,Vilnius,"['Tallinn', 'Helsinki', 'Riga']"
multiple,easy,History,The &quot;Trail of Tears&quot; was a result of which United States President&#039;s Indian Removal Policy?,Andrew Jackson,"['Harry S. Truman', 'Martin Van Buren', 'John Quincy Adams']"
multiple,easy,Entertainment: Video Games,Who made Garry&#039;s Mod?,Garry Newman,"['Randy Newman', 'Facepunch Studios', 'Gabe Newell']"
boolean,easy,Mythology,"In the Greek Mythology, the Gorgon can turn those who behold her to stone.",True,['False']
multiple,easy,Entertainment: Video Games,"In &quot;A Hat in Time&quot;, what must Hat Kid collect to finish a level",A time piece,"['A heart fragment', 'A relic fragment', 'A hat']"
multiple,easy,Geography,How many US states start with the letter K?,Two,"['One', 'None', 'Three']"
multiple,hard,History,When did Lithuania declare independence from the Soviet Union?,"March 11th, 1990","['December 25th, 1991', 'December 5th, 1991', 'April 20th, 1989']"
multiple,medium,Entertainment: Film,What is the name of the queen&#039;s pet in A Bug&#039;s Life?,Aphie,"['Flik', 'Hopper', 'Dot']"
multiple,medium,General Knowledge,Who is a co-founder of music streaming service Spotify?,Daniel Ek,"['Sean Parker', 'Felix Miller', 'Michael Breidenbruecker']"
multiple,medium,Entertainment: Film,"In the 2002 film &quot;Kung Pow! Enter the Fist&quot;, Master Pain changes his name to what?",Betty,"['Sally', 'Amy', 'Kitty']"
boolean,easy,Animals,"The freshwater amphibian, the Axolotl, can regrow it&#039;s limbs.",True,['False']
multiple,medium,Entertainment: Books,Which of the following is not a work authored by Fyodor Dostoevsky?,Anna Karenina,"['Notes from the Underground', 'Crime and Punishment', 'The Brothers Karamazov']"
multiple,medium,Entertainment: Video Games,What are tiny Thwomps called in Super Mario World?,Thwimps,"['Little Thwomp', 'Mini Thwomp', 'Tiny Tims']"
multiple,easy,Politics,What candidate won the 2012 US Presidential Election?,Barack Obama,"['Mitt Romney', 'Bob Hope', 'Ross Perot']"
multiple,medium,Entertainment: Japanese Anime &amp; Manga,"In &quot;Puella Magi Madoka Magica&quot;, what is the first name of Madoka&#039;s younger brother?",Tatsuya,"['Montoya', 'Tomohisa', 'Minato']"
multiple,hard,Art,The painting &quot;The Starry Night&quot; by Vincent van Gogh was part of which art movement?,Post-Impressionism,"['Romanticism', 'Neoclassical', 'Impressionism']"
multiple,easy,Entertainment: Video Games,Who is the main protagonist in the &#039;Ratchet and Clank&#039; game series?,Ratchet,"['Clank', 'Captin Qwark', 'Dr Nefarious']"
multiple,medium,Entertainment: Video Games,"In Splatoon 2&#039;s Hero Mode, which agent does the player take the role of?",Agent 4,"['Agent 1', 'Agent 2', 'Agent 3']"
multiple,easy,Entertainment: Video Games,Which of the following Elite Four members from the 6th Generation of Pok&eacute;mon was a member of Team Flare?,Malva,"['Siebold', 'Wikstrom', 'Drasna']"
multiple,medium,Entertainment: Cartoon &amp; Animations,Nickelodeon is owned by what parent company?,Viacom,"['CBS', 'FOX', 'ABC']"
multiple,medium,Entertainment: Video Games,"In Grand Theft Auto: V, what wanted level does the player receive if they enter Zancudo Army Base north of Los Santos?",4,"['3', '5', '1']"
multiple,easy,Geography,What is the largest country in the world?,Russia,"['Canada', 'China', 'United States']"
multiple,medium,Science &amp; Nature,What is the atomic number of the element Strontium?,38,"['73', '47', '11']"
boolean,medium,Science &amp; Nature,The French scientists Louis Pasteur and &Eacute;mile Roux developed the first rabies vaccination in 1885.,True,['False']
multiple,medium,Sports,Who has played the most tournaments in the German national soccer team?,Lothar Matth&auml;us,"['Miroslav Klose', 'Philipp Lahm', 'Oliver Kahn']"
boolean,hard,Science: Mathematics,L&#039;H&ocirc;pital was the mathematician who created the homonymous rule that uses derivatives to evaluate limits with indeterminations.,False,['True']
multiple,medium,Entertainment: Comics,Who is the second person to take up the mantle of Night Owl in the Watchmen graphic novel?,Daniel Dreiberg,"['Nelson Gardner', 'Hollis Mason', 'Adrian Veidt']"
boolean,hard,Entertainment: Japanese Anime &amp; Manga,Kiznaiver is an adaptation of a manga.,False,['True']
boolean,medium,Geography,Norway has a larger land area than Sweden.,False,['True']
multiple,medium,Entertainment: Video Games,"In Minecraft, how many items can a single piece of coal smelt when used in a furnace?",8,"['12', '10', '6']"
multiple,hard,Entertainment: Video Games,"In Animal Crossing: New Leaf, which of these paintings from Redd&#039;s Art Gallery is always genuine?",Warm Painting,"['Jolly Painting', 'Neutral Painting', 'Wistful Painting']"
multiple,medium,Entertainment: Music,What year was Weezer&#039;s album &quot;Pinkerton&quot; released? ,1996,"['1990', '2001', '1994']"
multiple,easy,History,What was Manfred von Richthofen&#039;s nickname?,The Red Baron,"['The High Flying Ace', 'The Blue Serpent ', 'The Germany Gunner']"
multiple,medium,Entertainment: Video Games,"In PROTOTYPE 2, which of the following abilities/weapons is NOT obtained by an Evolved?",Tendrils,"['Blade', 'Bio-Bomb', 'Pack Leader']"
multiple,medium,Entertainment: Comics,"Found in the Marvel Comics fictional universe, what is the name of the nearly indestructible metal that coats Wolverine&#039;s bones and claws?",Adamantium,"['Titanium', 'Vibranium', 'Carbonadium']"
multiple,easy,Mythology,Which of the following is not true about the life of Tiresias?,Sailed with the Argonauts to find the golden fleece,"['Athena turned him into a woman, and then years later back into a man', 'Hera blinded him after he agreed with Zeus in an argument', 'Revealed to Oedipus that Oedipus had married his own mother']"
multiple,hard,Entertainment: Film,Which actress portrayed Dr. Grace Augustine in the James Cameron movie &quot;Avatar&quot;?,Sigourney Weaver,"['Jessica Chastain', 'Melissa Beckett', 'Alyssa Monroe ']"
multiple,hard,Entertainment: Film,"In the 1974 Christmas flick &quot;The Year Without a Santa Claus,&quot; what are the names of the two elves who help Mrs. Claus save Christmas?",Jingle &amp; Jangle,"['Buddy &amp; Bobby', 'Holly &amp; Jolly', 'Snowflake &amp; Icicle']"
multiple,easy,Politics,How many people are in the U.S. House of Representatives?,435,"['260', '415', '50']"
multiple,medium,History,How old was Lyndon B. Johnson when he assumed the role of President of the United States?,55,"['50', '60', '54']"
multiple,medium,Geography,Where are the Nazca Lines located?,Peru,"['Brazil', 'Colombia', 'Ecuador']"
multiple,medium,Entertainment: Video Games,Which actor provided the voice for the main character&#039;s father in Fallout 3?,Liam Neeson,"['Kiefer Sutherland', 'Brendan Gleeson', 'Robbie Coltrane']"
multiple,medium,Entertainment: Film,"In the movie &quot;Back to the Future,&quot; what speed does Doc Brown&#039;s DeLorean need to reach in order to travel through time?",88 mph,"['77 mph', '100 mph', '70 mph']"
multiple,medium,Entertainment: Music,Which of these women is not a member of the Korean girl group TWICE?,Kang Seulgi,"['Myoui Mina', 'Kim Dahyun', 'Hirai Momo']"
multiple,medium,Entertainment: Film,"Brendan Fraser starred in the following movies, except which one?",Titanic,"['Monkeybone', 'Encino Man', 'Mrs. Winterbourne']"
multiple,hard,Entertainment: Cartoon &amp; Animations,"Benny, Brain, Fancy-Fancy, Spook and Choo-Choo were known associates of what Hanna Barbera cartoon character?",Top Cat,"['Yogi Bear', 'Snagglepuss', 'Scooby-Doo']"
multiple,easy,General Knowledge,What does a funambulist walk on?,A Tight Rope,"['Broken Glass', 'Balls', 'The Moon']"
multiple,medium,Science &amp; Nature,"When the Falcon Heavy was launched on it&#039;s test flight, what was the only part of the operation that failed?",Center Core Landing,"['Side Booster Landing', 'Deployment of Starman', 'Ignition and Liftoff']"
multiple,easy,History,Who was the first ruler of Haiti after the country had gained its independence?,Jean-Jacques Dessalines,"['Toussaint Louverture', 'Henri Christophe', 'Alexandre Petion']"
boolean,medium,Entertainment: Music,The 1969 Frank Sinatra Song &quot;My Way&quot; was ironically not written by him.,True,['False']
multiple,medium,Entertainment: Japanese Anime &amp; Manga,"In the anime, &quot;Super Sonico&quot;, what is Super Sonico&#039;s favorite food?",Macroons,"['Ice Cream', 'Pizza', 'Chips']"
multiple,medium,Science &amp; Nature,"What was the category of the 2005 hurricane, Hurricane Katrina, in the Saffir-Simpson hurricane wind scale?",Category 5,"['Category 1', 'Category 4', 'Category 2']"
multiple,medium,Entertainment: Video Games,Which of these features was added in the 1994 game &quot;Heretic&quot; that the original &quot;DOOM&quot; could not add due to limitations?,Looking up and down,"['Increased room sizes', 'Unlimited weapons', 'Highly-detailed textures']"
multiple,medium,Entertainment: Video Games,Who is the protagonist in Dead Rising 3?,Nick Ramos,"['Frank West', 'Chuck Greene', 'Isabela Keyes']"
multiple,medium,Entertainment: Comics,"In Black Hammer, what dimension does Colonel Weird travel through?",Para-Zone,"['Hyperspace', 'Mirror Universe', 'Phantom Zone']"
multiple,medium,Mythology,What is the name of the Greek god of peaceful deaths?,Thanatos,"['Tartarus', 'Hades', 'Moros']"
multiple,easy,Science: Computers,"On Twitter, what was the original character limit for a Tweet?",140,"['120', '160', '100']"
multiple,hard,Entertainment: Japanese Anime &amp; Manga,Which studio animated Afro Samurai?,Gonzo,"['Kyoto Animation', 'xebec', 'Production I.G']"
multiple,medium,History,How old was the famous King Tutankhamen (Tut) when he died?,19,"['21', '15', '30']"
multiple,medium,Entertainment: Video Games,What is the name of the province you explore in Runescape?,Gielinor,"['Mordor', 'Kopar', 'Ashendale']"
multiple,hard,Entertainment: Video Games,"In the &quot;Little Lost Girl&quot; Easter Egg in Call of Duty: Black Ops II, what&#039;s the last step required for the achievement?",Raise Hell,"['Freedom', 'Skewer the Winged Beast', 'Ascend from Darkness']"
multiple,medium,Entertainment: Video Games,Which one of the first four titles of the &quot;Grand Theft Auto&quot; franchise started the series of iconic image grid cover arts?,Grand Theft Auto III,"['Grand Theft Auto', 'Grand Theft Auto II', 'Grand Theft Auto Vice City']"
multiple,medium,Geography, What Texas city is nicknamed &quot;The Yellow Rose of Texas&quot;?,Amarillo,"['Corpus Christi', 'Frisco', 'Houston']"
multiple,easy,History,Which country was Josef Stalin born in?,Georgia,"['Russia', 'Germany', 'Poland']"
boolean,hard,Science &amp; Nature,The value of one Calorie is different than the value of one calorie.,True,['False']
multiple,medium,Entertainment: Video Games,Which of the following characters is NOT playable in &quot;Resident Evil 6&quot;?,Jill Valentine,"['Chris Redfield', 'Sherry Birkin', 'Helena Harper']"
multiple,medium,Entertainment: Japanese Anime &amp; Manga,Who is the main character in One Piece?,Luffy,"['Shanks', 'Zoro', 'Smoker']"
multiple,medium,Entertainment: Video Games,"In the &quot;Call Of Duty: Zombies&quot; map &quot;Moon&quot;, there is a secondary called the QED. What does QED stand for?",Quantum Entanglement Device,"['Quad Ectoplasmic Driver', 'Question Every Dog', 'Quality Edward Device']"
multiple,hard,Science: Mathematics,How many Millibars (mbar) to 1 Inch of Mercury (inHg),33.9,"['30.0', '27.4', '10.6']"
multiple,medium,History,"After his loss at the Battle of Waterloo, Napoleon Bonaparte was exiled to which island?",St. Helena,"['Elba', 'Corsica', 'Canary']"
multiple,easy,Entertainment: Music,"What is the name of Death Grips Front Man, MC Ride?",Stefan Burnett,"['Zach Hill', 'Andy Morin', 'Stanley Burrell']"
multiple,medium,Science: Computers,"In the programming language &quot;Python&quot;, which of these statements would display the string &quot;Hello World&quot; correctly?",print(&quot;Hello World&quot;),"['console.log(&quot;Hello World&quot;)', 'echo &quot;Hello World&quot;', 'printf(&quot;Hello World&quot;)']"
multiple,hard,Entertainment: Video Games,"Which occupation did John Tanner, the main protagonist for Driver and Driver 2, had before turning into an undercover cop?",Racing Driver,"['Taxi Driver', 'Delivery Driver', 'Getaway Driver']"
multiple,hard,Entertainment: Video Games,"In &quot;Team Fortress 2&quot;, how much health does a scout have when overhealed?",185,"['215', '195', '225']"
boolean,medium,Entertainment: Music,Soulja Boy&#039;s &#039;Crank That&#039; won a Grammy for Best Rap Song in 2007.,False,['True']
multiple,easy,History,How was Socrates executed?,Poison,"['Decapitation', 'Firing squad', 'Crucifixion ']"
multiple,medium,Entertainment: Music,Who is the lead singer of The Lumineers?,Wesley Schultz,"['Jeremiah Fraites', 'Jay Van Dyke', 'Neyla Pekarek']"
multiple,easy,Geography,How many countries does the United States share a land border with?,2,"['1', '3', '4']"
multiple,medium,Geography,The land of Gotland is located in which European country?,Sweden,"['Denmark', 'Norway', 'Germany']"
multiple,hard,Entertainment: Music,Which member of the English band &quot;The xx&quot; released their solo album &quot;In Colour&quot; in 2015?,Jamie xx,"['Romy Madley Croft', 'Oliver Sim', 'Baria Qureshi']"
multiple,medium,General Knowledge,"In what year did Halley&#039;s Comet, which will not appear again until the year 2061, previously approach Earth?",1986,"['2001', '1942', '1909']"
multiple,hard,Sports,"Prior to 2018, which car company is the only Japanese company which won the 24 Hours of Le Mans?",Mazda,"['Toyota', 'Subaru', 'Nissan']"
multiple,medium,General Knowledge,What is a Burgee?,A flag,"['A rope', 'A window', 'A type of food']"
multiple,hard,Science &amp; Nature,How many objects are equivalent to one mole?,6.022 x 10^23,"['6.002 x 10^22', '6.022 x 10^22', '6.002 x 10^23']"
multiple,easy,Vehicles,Which of these automotive brands originated in Sweden?,Volvo,"['Mercedes', 'Acura', 'Lincoln']"
multiple,medium,Sports,Which team was the 2015-2016 NBA Champions?,Cleveland Cavaliers,"['Golden State Warriors', 'Toronto Raptors', 'Oklahoma City Thunders']"
multiple,medium,History,Which dictator killed the most people?,Mao Zedong,"['Joseph Stalin', 'Adolf Hitler', 'Kim Il Sung']"
multiple,easy,General Knowledge,What is the French word for &quot;hat&quot;?,Chapeau,"['Bonnet', ' &Eacute;charpe', ' Casque']"
multiple,easy,Entertainment: Television,In the show &quot;Tengen Toppa Gurren Lagann&quot; what is the name of the character who force everyone to live underground?,Lordgenome,"['Kingloname', 'Lord Genome', 'King Loname']"
multiple,easy,Entertainment: Cartoon &amp; Animations,"Which cartoon family lives in 742 Evergreen Terrace, Springfield USA?",The Simpsons,"['The Hills', 'The Flintstones', 'The Griffins']"
multiple,medium,Entertainment: Video Games,"In the beta version of the 1986 game &quot;The Legend of Zelda&quot;, players have the choice between a sword and what other item?",Boomerang ,"['Spear', 'Slingshot', 'Crossbow']"
multiple,hard,Sports,What is the full name of the footballer &quot;Cristiano Ronaldo&quot;?,Cristiano Ronaldo dos Santos Aveiro,"['Cristiano Ronaldo los Santos Diego', 'Cristiano Armando Diego Ronaldo', 'Cristiano Luis Armando Ronaldo']"
multiple,medium,Geography,Which of these countries is NOT located in Africa?,Suriname,"['Burkina Faso', 'Mozambique', 'Algeria']"
multiple,medium,Entertainment: Film,"Ed Koch, the Mayor of New York in 1984, played himself in which Muppets movie?",The Muppets Take Manhattan,"['The Great Muppet Caper', 'The Muppet Christmas Carol', 'The Muppet Movie']"
multiple,easy,Entertainment: Video Games,What is Pikachu&#039;s National Pok&eacute;Dex Number?,#025,"['#001', '#031', '#109']"
multiple,easy,Entertainment: Video Games,Which of these characters is the mascot of the video game company SEGA?,Sonic the Hedgehog,"['Dynamite Headdy', 'Alex Kidd', 'Opa-Opa']"
multiple,medium,Geography,How many provinces are in the Netherlands?,12,"['14', '10', '13']"
multiple,hard,Entertainment: Japanese Anime &amp; Manga,What is the last line muttered in the anime film &quot;The End of Evangelion&quot;?,&quot;How disgusting.&quot;,"['&quot;Idiot, I won&#039;t let you kill me!&quot;', '&quot;Nothing.&quot;', '&quot;Goddammit, Shinji.&quot;']"
multiple,medium,Celebrities,In which of these TV shows did the chef Gordon Ramsay not appear?,Auction Hunters,"['Ramsay&#039;s Kitchen Nightmares', 'Hotel Hell', 'Hell&#039;s Kitchen']"
multiple,easy,Celebrities,Gwyneth Paltrow has a daughter named...?,Apple,"['Lily', 'French', 'Dakota']"
multiple,medium,Entertainment: Television,What is the setting of the show &quot;Parks and Recreation&quot;?,"Pawnee, Indiana","['Eagleton, Indiana', 'Pasadena, California', 'London, England']"
multiple,hard,Sports,Where was the Games of the XXII Olympiad held?,Moscow,"['Barcelona', 'Tokyo', 'Los Angeles']"
multiple,easy,Entertainment: Comics,Who is Batman?,Bruce Wayne,"['Clark Kent', 'Barry Allen', 'Tony Stark']"
multiple,medium,History,When did construction of the Suez Canal finish?,1869,"['1859', '1860', '1850']"
multiple,medium,Entertainment: Video Games,When was &quot;Garry&#039;s Mod&quot; released?,"December 24, 2004","['November 13, 2004', 'December 13, 2004', 'November 12, 2004']"
multiple,easy,Entertainment: Video Games,Which Kirby game first introduced Copy Abilities?,Kirby&#039;s Adventure,"['Kirby Super Star', 'Kirby&#039;s Dream Land 2', 'Kirby&#039;s Dream Land']"
multiple,medium,Entertainment: Film,"Which 90&#039;s comedy cult classic features cameos appearances from Meat Loaf, Alice Cooper and Chris Farley?",Wayne&#039;s World,"['Bill &amp; Ted&#039;s Excellent Adventure', 'Dumb and Dumber', 'Austin Powers: International Man of Mystery']"
multiple,easy,General Knowledge,What zodiac sign is represented by a pair of scales?,Libra,"['Aries', 'Capricorn', 'Sagittarius']"
multiple,hard,Entertainment: Music,Which of the following is NOT a real song from the band Thousand Foot Krutch?,Limitless Fury,"['Let The Sparks Fly', 'Down', 'Give Up The Ghost']"
boolean,easy,Science: Mathematics,A scalene triangle has two sides of equal length.,False,['True']
multiple,medium,Entertainment: Video Games,What is the punishment for playing Postal 2 in New Zealand?,"10 years in prison and a fine of $50,000","['Fine of $5,000', 'Nothing', '15 years in prison and a fine of $10,000']"
multiple,medium,Entertainment: Music,African-American performer Sammy Davis Jr. was known for losing which part of his body in a car accident?,Left Eye,"['Right Ear', 'Right Middle Finger', 'Nose']"
multiple,hard,Sports,What tool lends it&#039;s name to a last-stone advantage in an end in Curling?,Hammer,"['Wrench', 'Drill', 'Screwdriver']"
multiple,medium,Sports,What is the oldest team in Major League Baseball?,Atlanta Braves,"['Chicago Cubs', 'Cincinnati Reds', 'St. Louis Cardinals']"
multiple,hard,Science: Computers,What was the name of the security vulnerability found in Bash in 2014?,Shellshock,"['Heartbleed', 'Bashbug', 'Stagefright']"
multiple,easy,Science: Computers,"In any programming language, what is the most common way to iterate through an array?",&#039;For&#039; loops,"['&#039;If&#039; Statements', '&#039;Do-while&#039; loops', '&#039;While&#039; loops']"
multiple,medium,General Knowledge,"Out of these four buildings, which one is the tallest, with a height of 1,776 ft (541.3 m)?","One World Trade Center, United States","['Taipei 101, Taiwan', 'Willis Tower, United States', 'Jin Mao Tower, China']"
multiple,easy,Entertainment: Video Games,The Touhou Project series of games is often associated with which genre?,Shoot &#039;em up,"['Strategy', 'FPS', 'Casual']"
multiple,easy,Entertainment: Film,"In the 2012 film, &quot;The Lorax&quot;, who is the antagonist?",Aloysius O&#039;Hare,"['Ted Wiggins', 'The Once-Ler', 'Grammy Norma']"
multiple,medium,Science &amp; Nature,Which of the following men does not have a chemical element named after him?,Sir Isaac Newton,"['Albert Einstein', 'Niels Bohr', 'Enrico Fermi']"
boolean,medium,Entertainment: Video Games,In the game &quot;Until Dawn&quot; Emily is the only playable character who can be killed by another playable character directly.,True,['False']
boolean,medium,History,"In World War II, Hawker Typhoons served in the Pacific theater.",False,['True']
multiple,hard,History,How many sonatas did Ludwig van Beethoven write?,32,"['50', '31', '21']"
multiple,medium,Entertainment: Film,"In the 1994 movie &quot;Speed&quot;, what is the minimum speed the bus must go to prevent to bomb from exploding?",50 mph,"['60 mph', '40 mph', '70 mph']"
multiple,hard,Entertainment: Comics,"In the webcomic &quot;Ava&#039;s Demon&quot;, what sin is &quot;Nevy Nervine&quot; based off of? ",Envy ,"['Sloth', 'Wrath ', 'Lust']"
multiple,hard,History,Which of these positions did the astronomer and physicist Isaac Newton not hold?,Surveyor to the City of London,"['Professor of Mathematics', 'Warden of the Royal Mint', 'Member of Parliament']"
boolean,medium,Science &amp; Nature,&quot;Tachycardia&quot; or &quot;Tachyarrhythmia&quot; refers to a resting heart-rate near or over 100 BPM.,True,['False']
multiple,medium,Sports,Which soccer team won the Copa Am&eacute;rica 2015 Championship ?,Chile,"['Argentina', 'Brazil', 'Paraguay']"
boolean,medium,Science: Mathematics,"The proof for the Chinese Remainder Theorem used in Number Theory was NOT developed by its first publisher, Sun Tzu.",True,['False']
multiple,medium,Entertainment: Video Games,Which of these is NOT the name of a playable map in PUBG: Battlegrounds?,Orinocco,"['Miramar', 'Sanhok', 'Vikendi']"
multiple,hard,Entertainment: Video Games,Which of these TrackMania environments was NOT in the original game?,Bay,"['Desert', 'Snow', 'Rally']"
multiple,hard,Entertainment: Cartoon &amp; Animations,Which of these cartoon girlfriends of popular characters first appeared before their boyfriends?,Olive Oyl,"['Minnie Mouse', 'Lola Bunny', 'Daisy Duck']"
multiple,easy,Entertainment: Video Games,"In the game &quot;Hearthstone&quot;, what is the best rank possible?",Rank 1 Legend,"['Rank 1 Elite', 'Rank 1 Master', 'Rank 1 Supreme']"
multiple,hard,Entertainment: Video Games,What is the default name of the Vampire character in &quot;Shining Soul 2&quot;.,Bloodstar,"['Sachs', 'Dracuul', 'Alucard']"
multiple,medium,Politics,"What country saw a world record 315 million voters turn out for elections on May 20, 1991?",India,"['United States of America', 'Soviet Union', 'Poland']"
multiple,medium,History,The Thirty Years War ended with which treaty?,Peace of Westphalia,"['Treaty of Versailles', 'Treaty of Paris', 'Peace of Prague']"
multiple,easy,Vehicles,Which of these companies does NOT manufacture motorcycles?,Toyota,"['Honda', 'Kawasaki', 'Yamaha']"
multiple,hard,Vehicles,What engine is in the Lexus SC400?,1UZ-FE,"['2JZ-GTE', '7M-GTE', '5M-GE']"
multiple,easy,Entertainment: Video Games,"Half-Life by Valve uses the GoldSrc game engine, which is a highly modified version of what engine?",Quake Engine,"['Doom Engine', 'id Engine', 'Source Engine']"
multiple,easy,Science &amp; Nature,Which of the following is not one of the groups on the periodic table?,Fluorines,"['Alkali Metals', 'Halogens', 'Noble Gases']"
multiple,medium,Science &amp; Nature,Which of these choices is not one of the phases of mitosis?,Diplophase,"['Metaphase', 'Anaphase', 'Telophase']"
boolean,medium,Entertainment: Video Games,The ADAM collecters in the Bioshock series are known as Little Sisters.,True,['False']
multiple,medium,Science &amp; Nature,What medication was once commonly used as rat poison?,Coumadin,"['Aspirin', 'Eliquis', 'Tylenol']"
boolean,easy,Sports,"In association football, or soccer, a corner kick is when the game restarts after someone scores a goal.",False,['True']
multiple,medium,Science: Mathematics,Which of these probability distributions is NOT discrete?,Normal,"['Binomial', 'Poisson', 'Hyper-geometric']"
multiple,medium,History,"As poverty and racial tensions pushed African-Americans out of the southern US, many of them moved north in an event known as what?",The Great Migration,"['The Great Awakening', 'The Harlem Renaissance', 'The Resettlement']"
multiple,medium,Entertainment: Video Games,When was &quot;System Shock&quot; released?,1994,"['1995', '2000', '1998']"
multiple,medium,Entertainment: Video Games,"In the &quot;Halo&quot; franchise, in what country is New Mombasa?",Kenya,"['India', 'Turkey', 'Slovakia']"
multiple,easy,Science: Computers,"In computing, what does MIDI stand for?",Musical Instrument Digital Interface,"['Musical Interface of Digital Instruments', 'Modular Interface of Digital Instruments', 'Musical Instrument Data Interface']"
multiple,easy,Geography,Which continent is considered the largest and most populous continent in the world?,Asia,"['Africa', 'Europe', 'North America']"
multiple,medium,Entertainment: Japanese Anime &amp; Manga,"In &quot;To Love-Ru&quot;, who is the first to hear of Yami&#039;s past from her?",Rito,"['Mikan', 'Lala', 'Haruna']"
boolean,medium,Sports,Wilt Chamberlain scored his infamous 100-point-game against the New York Knicks in 1962.,True,['False']
multiple,medium,Science &amp; Nature,Myopia is the scientific term for which condition?,Shortsightedness,"['Farsightedness', 'Double Vision', 'Clouded Vision']"
multiple,medium,Entertainment: Japanese Anime &amp; Manga,"In the anime, &quot;Fullmetal Alchemist&quot;, who is known as the &#039;Flame Alchemist&#039;?",Roy Mustang,"['Edward Elric', 'Maes Hughes', 'Lin Yao']"
multiple,hard,Science &amp; Nature,Which of the following are cells of the adaptive immune system?,Cytotoxic T cells,"['Dendritic cells', 'Natural killer cells', 'White blood cells']"
multiple,hard,Animals,What is the Gray Wolf&#039;s scientific name?,Canis Lupus,"['Canis Aureus', 'Canis Latrans', 'Canis Lupus Lycaon']"
boolean,medium,Mythology,"According to Norse mythology, Loki is a mother.",True,['False']
boolean,easy,Science: Computers,Ada Lovelace is often considered the first computer programmer.,True,['False']
boolean,easy,General Knowledge,The Great Wall of China is visible from the moon.,False,['True']
boolean,medium,Geography,The capital of the US State Ohio is the city of Chillicothe.,False,['True']
multiple,easy,Entertainment: Television,Guy&#039;s Grocery Games is hosted by which presenter?,Guy Fieri,"['Guy Martin', 'Guy Ritchie', 'Ainsley Harriott']"
multiple,medium,Entertainment: Music,"The song &quot;Caramelldansen&quot; is commonly mistaken as a Japanese song, what language is the song actually sung in?",Swedish,"['Hungarian', 'Finnish', 'Chinese']"
boolean,medium,Science &amp; Nature,Enthalpy is a measure of the energy that is not available for work during a thermodynamic process.,False,['True']
multiple,medium,Entertainment: Video Games,Who created the pump &quot;F.L.U.D.D.&quot; Mario uses in Super Mario Sunshine?,Elvin Gadd,"['Robert Fludd', 'Nirona', 'Crygor']"
multiple,easy,Sports,Which two teams played in Super Bowl XLII?,The New York Giants &amp; The New England Patriots,"['The Green Bay Packers &amp; The Pittsburgh Steelers', 'The Philadelphia Eagles &amp; The New England Patriots', 'The Seattle Seahawks &amp; The Denver Broncos']"
multiple,medium,Science: Computers,What was the first commerically available computer processor?,Intel 4004,"['Intel 486SX', 'TMS 1000', 'AMD AM386']"
multiple,easy,Science: Mathematics,What is the equation for the area of a sphere?,(4/3)&pi;r^3,"['4&pi;r^2', '(1/3)&pi;hr^2', '&pi;r^4']"
boolean,easy,Entertainment: Music,Muse is a British (English) rock band,True,['False']
multiple,easy,Entertainment: Television,The HBO series &quot;Game of Thrones&quot; is based on which series of books?,A Song of Ice and Fire,"['The Wheel of Time', 'Harry Potter', 'The Notebook']"
multiple,easy,Entertainment: Film,"In &quot;Jurassic World&quot;, what is the name of the dinosaur that is a genetic hybrid?",Indominus Rex,"['Mosasaurus', 'Pteranodon', 'Tyrannosaurus Rex ']"
multiple,medium,Entertainment: Music,What was Britney Spears&#039; debut single?,...Baby One More Time,"['Oops!... I Did It Again', '(You Drive Me) Crazy', 'Toxic']"
multiple,easy,Entertainment: Video Games,Which &quot;Fallout: New Vegas&quot; quest is NOT named after a real-life song?,They Went That-a-Way,"['Come Fly With Me', 'Ain&#039;t That a Kick in the Head', 'Ring-a-Ding Ding']"
multiple,easy,Entertainment: Books,Which is NOT a book in the Harry Potter Series?,The House Elf,"['The Chamber of Secrets', 'The Prisoner of Azkaban', 'The Deathly Hallows']"
multiple,easy,Art,Who painted the biblical fresco The Creation of Adam?,Michelangelo,"['Leonardo da Vinci', 'Caravaggio', 'Rembrandt']"
multiple,easy,Entertainment: Film,Daniel Radcliffe became a global star in the film industry due to his performance in which film franchise?,Harry Potter,"['Ted', 'Spy Kids', 'Pirates of the Caribbean ']"
multiple,hard,History,"In addition to his career as an astrologer and &quot;prophet&quot;, Nostradamus published a 1555 treatise that included a section on what?",Making jams and jellies,"['Teaching parrots to talk', 'Cheating at card games', 'Digging graves']"
multiple,medium,Entertainment: Music,"Irish musician Hozier released a music track in 2013 titled, &quot;Take Me to ______&quot;",Church,"['Mosque', 'Synagogue', 'Temple']"
boolean,hard,Entertainment: Video Games,"TF2: Sentry rocket damage falloff is calculated based on the distance between the sentry and the enemy, not the engineer and the enemy",False,['True']
multiple,hard,Entertainment: Television,Which of these Nickelodeon game shows aired first?,Double Dare,"['Nick Arcade', 'Finders Keepers', 'Nickelodeon Guts']"
boolean,hard,Art,A typical trait of the Expressionist art movement is to distort the world radically for emotional effect.,True,['False']
multiple,easy,General Knowledge,How many furlongs are there in a mile?,Eight,"['Two', 'Four', 'Six']"
multiple,medium,Geography,"Which of these American cities has fewer than 1,000,000 people?","San Francisco, California","['Phoenix, Arizona', 'San Antonio, Texas', 'Philadelphia, Pennsylvania']"
multiple,hard,History,"After the 1516 Battle of Marj Dabiq, the Ottoman Empire took control of Jerusalem from which sultanate?",Mamluk,"['Ayyubid', 'Ummayyad', 'Seljuq']"
multiple,medium,Politics,"What was the personal nickname of the 40th Governor of the US State Louisiana, Huey Long?",The Kingfish,"['The Champ', 'The Hoot Owl', 'The Oracle']"
boolean,medium,Entertainment: Video Games,"In the canon &quot;Neptunia&quot; games, Neptune is always the main protagonist.",False,['True']
multiple,hard,Science: Computers,Which kind of algorithm is Ron Rivest not famous for creating?,Secret sharing scheme,"['Hashing algorithm', 'Asymmetric encryption', 'Stream cipher']"
multiple,medium,Entertainment: Music,Which of these bands are NOT from Australia?,The Naked and Famous,"['Cut Copy', 'Empire of the Sun', 'Tame Impala']"
multiple,medium,Entertainment: Video Games,Who voices Max Payne in the 2001 game &quot;Max Payne&quot;?,James McCaffrey,"['Sam Lake', 'Troy Baker', 'Hideo Kojima']"
multiple,hard,Entertainment: Video Games,"Which video game was recalled for containing a hidden, playable South Park episode?",Tiger Woods 99 PGA Tour,"['Tony Hawk&#039;s Pro Skater 3', 'Sonic Adventure', 'Madden 99']"
multiple,medium,Entertainment: Cartoon &amp; Animations,"Bugs Bunny, Tony the Tiger, and other bipedal animal characters are known as what type of character?",Anthropomorphic,"['Anthropolegic ', 'Anthrologic', 'Anthrogenetic']"
multiple,easy,Entertainment: Board Games,Which of these board games do NOT utilize standard 6-sided dice?,The Game of Life,"['Monopoly', 'Risk', 'Snakes and Ladders']"
multiple,easy,Science: Computers,"When Gmail first launched, how much storage did it provide for your email?",1GB,"['512MB', '5GB', 'Unlimited']"
multiple,easy,General Knowledge,What is the Zodiac symbol for Gemini?,Twins,"['Fish', 'Scales', 'Maiden']"
multiple,easy,Entertainment: Music,"The four strings on a violin are the G string, D string, A string, and...",E string,"['C string', 'B string', 'F string']"
multiple,easy,Entertainment: Video Games,Who is the main protagonist of Dead Space?,Isaac Clarke,"['Commander Shepard', 'Gordon Freeman', 'Master Chief']"
multiple,hard,Entertainment: Video Games,"Which character, in the game &quot;Morenatsu&quot;, has the most possible endings to their route, at a total of four different endings?",Shin Kuroi,"['Kouya Aotsuki', 'Soutarou Touno', 'Torahiko Ooshima']"
multiple,medium,Entertainment: Video Games,"In Dead by Daylight, which killer perk applies the mangled effect?",Sloppy Butcher,"['Knock Out', 'Thanatophobia', 'Enduring']"
boolean,easy,Entertainment: Video Games,There are 6 legendary cards in &quot;Clash Royale&quot;.,False,['True']
multiple,medium,Science: Gadgets,In what year was the Oculus Rift revealed to the public through a Kickstarter campaign?,2012,"['2010', '2011', '2013']"
multiple,easy,Entertainment: Video Games,"In &quot;World of Warcraft,&quot; which of the following can be found outside of every instanced dungeon?",A Meeting Stone,"['A Summoning Stone', 'A Gathering Stone', 'A Hearthstone']"
multiple,medium,Geography,On which continent/s is the entire country of Spain specifically located when taking into account all of its territory?,Europe and Africa,"['Europe, Africa and Asia', 'Europe', 'Europe and Asia']"
multiple,medium,Entertainment: Music,Who is the singer for Fall Out Boy?,Patrick Stump,"['Brendon Urie', 'Pete Wentz', 'Gary Lee Weinrib']"
multiple,hard,Science &amp; Nature,Which Landsat Satellite failed to reach orbit?,Landsat 6,"['Landsat 5', 'Landsat 4', 'Landsat 3']"
multiple,easy,Entertainment: Video Games,Which game did &quot;Sonic The Hedgehog&quot; make his first appearance in?,Rad Mobile,"['Sonic The Hedgehog', 'Super Mario 64', 'Mega Man']"
multiple,hard,History,What is the name of the Boeing B-29 that dropped the &#039;Little Boy&#039; atomic bomb on Hiroshima?,Enola Gay,"['Necessary Evil', 'The Great Artiste', 'Full House']"
multiple,medium,Entertainment: Music,Madonna&#039;s song &quot;Hung Up&quot; includes a piece from which popular 70s song?,Gimmie! Gimmie! Gimme! (A Man After Midnight),"['Staying Alive', 'Night Fever', 'The Chain']"
multiple,hard,History,What was the name of the spy ring that helped the United States win the Revolutionary War?,Culper Ring,"['New York Spy Ring', 'Washington&#039;s Spies', 'Unnamed']"
multiple,medium,Entertainment: Video Games,"In &quot;The Legend of Zelda: Ocarina of Time,&quot; what is the maximum amount of rupees that Link can carry?",500,"['999', '1000', '5000']"
multiple,medium,Entertainment: Video Games,"What is the name of the child performing the Black Sacrament, in The Elder Scrolls V: Skyrim?",Aventus Aretino,"['Proventus Avenicci', 'Aval Atheron', 'Arngeir']"
multiple,hard,History,How many women joined the United States Armed Services during World War II?,"350,000","['225,000', '100,000', '500,000']"
boolean,easy,Animals,A flock of crows is known as a homicide.,False,['True']
multiple,hard,Geography,How many countries share a land border with Russia? (Not including disputed territories),14,"['12', '10', '8']"
multiple,easy,Entertainment: Video Games,When was Minecraft first released to the public?,"May 17th, 2009","['September 17th, 2009', 'November 18th, 2011', 'October 7th, 2011']"
multiple,medium,General Knowledge,The phrase &quot;accident waiting to happen&quot; is an example of what type of figure of speech?,Idiom,"['Simile', 'Metaphor', 'Analogy']"
multiple,easy,General Knowledge,Which language is most widely spoken in Switzerland?,German,"['French', 'Italian', 'Swiss']"
boolean,easy,Politics,"Despite being seperated into multiple countries, The Scandinavian countries are unified by all having the same monarch.",False,['True']
multiple,medium,Entertainment: Film,Who voiced Metalbeard in &quot;The Lego Movie&quot;?,Nick Offerman,"['Liam Neeson', 'Morgan Freeman', 'Will Arnet']"
multiple,medium,Entertainment: Television,Who co-founded the YouTube Let&#039;s Play channel &quot;Game Grumps&quot; alongside Newgrounds animator Egoraptor?,JonTron,"['Pewdiepie', 'Tobuscus', 'Markiplier']"
multiple,hard,Science &amp; Nature,What does the scientific name of the Cambrian-Period sea creature Anomalocaris mean?,Abnormal Shrimp,"['Deformed Fish', 'Strange Crab', 'Anomalous Clam']"
boolean,hard,Geography,There is 47 prefectures in Japan.,True,['False']
multiple,medium,Entertainment: Video Games,"In which game does a character say, &quot;Sometimes, I dream about cheese&quot;?",Half Life 2,"['Team Fortress 2', 'Dark Souls', 'Serious Sam: The Second Encounter']"
multiple,medium,Mythology,"In Norse Mythology, Baldr was killed by Loki with a magical spear made from what plant?",Mistletoe,"['Wolf&#039;s Bane', 'Buckthorn', 'Hemlock']"
multiple,hard,General Knowledge,"Which church&#039;s interior in Vatican City was designed in 1503 by renaissance architects including Bramante, Michelangelo and Bernini?",St. Peter&#039;s Basilica,"['Catania Cathedral', 'St. Mark&rsquo;s Basilica', 'The Duomo of Florence']"
multiple,hard,Animals,What type of creature is a Bonobo?,Ape,"['Lion', 'Parrot', 'Wildcat']"
multiple,hard,Politics,Who is the only US president to serve two non-consecutive terms in office?,Grover Cleveland,"['James K. Polk', 'Franklin D. Roosevelt', 'Thomas Jefferson']"
multiple,medium,Entertainment: Video Games,Which of these is not a playable character in &quot;Enter The Gungeon?&quot;,The Heavy,"['The Bullet', 'The Robot', 'The Cultist']"
boolean,medium,Sports,"During Wimbledon, spectators in the grounds can buy the tennis balls that have been used in matches.",True,['False']
multiple,easy,Entertainment: Music,Whose albums included &quot;Back in Black&quot; and &quot;Ballbreaker&quot;?,AC/DC,"['Iron Maiden', 'Black Sabbath', 'Metallica']"
multiple,medium,Animals,What is the scientific name for the &quot;Polar Bear&quot;?,Ursus Maritimus,"['Polar Bear', 'Ursus Spelaeus', 'Ursus Arctos']"
multiple,medium,Entertainment: Music,Which country is singer Kyary Pamyu Pamyu from?,Japan,"['South Korea', 'China', 'Vietnam']"
multiple,hard,Entertainment: Music,The heavy metal band Black Sabbath hail from which English city?,Birmingham,"['Manchester', 'London', 'Newcastle-Upon-Tyne']"
multiple,easy,Entertainment: Video Games,In what year was the game &quot;FTL: Faster Than Light&quot; released?,2012,"['2014', '2013', '2011']"
multiple,medium,Entertainment: Video Games,From where does the Nintendo video game character Mario derive his name?,The landlord of the American headquarters,"['Shigeru Miyamoto&#039;s father in law', 'Satoru Iwata&#039;s plumber', 'The date (Mar 10) that Donkey Kong was released.']"
boolean,hard,Science: Computers,The T-Mobile Sidekick smartphone is a re-branded version of the Danger Hiptop.,True,['False']
multiple,easy,Entertainment: Video Games,When was the top-down online RPG &quot;Space Station 13&quot; released?,2003,"['2000', '2010', '2006']"
multiple,medium,Entertainment: Japanese Anime &amp; Manga,"In &quot;Highschool DxD&quot;, Koneko Toujou is from what race?",Nekomata,"['Kitsune', 'Human', 'Kappa']"
multiple,easy,Entertainment: Film,Which of these actors/actresses is NOT a part of the cast for the 2016 movie &quot;Suicide Squad&quot;?,Scarlett Johansson,"['Jared Leto', 'Will Smith', 'Margot Robbie']"
multiple,easy,Entertainment: Comics,When was Marvel Comics founded?,1939,"['1932', '1951', '1936']"
boolean,easy,Science &amp; Nature,An exothermic reaction is a chemical reaction that releases energy by radiating electricity.,False,['True']
multiple,medium,Entertainment: Video Games,The character Wario was first introduced in which game of the Mario video game franchise?,Super Mario Land 2: 6 Golden Coins (1992),"['Super Mario Bros. 3 (1988)', 'Wario Land: Super Mario Land 3 (1994)', 'Mario Party (1998)']"
multiple,easy,Sports,Which driver has been the Formula 1 world champion for a record 7 times?,Michael Schumacher,"['Ayrton Senna', 'Fernando Alonso', 'Jim Clark']"
multiple,medium,Politics,Which city is the seat of government of the Netherlands?,The Hague,"['Amsterdam', 'Utrecht', 'Rotterdam']"
boolean,easy,Entertainment: Cartoon &amp; Animations,"In the &quot;Shrek&quot; film franchise, Donkey is played by Eddie Murphy.",True,['False']
multiple,easy,Entertainment: Video Games,Which of these is NOT a Humongous Entertainment game franchise?,Commander Keen,"['Pajama Sam', 'Putt-Putt', 'Freddi Fish']"
multiple,medium,Entertainment: Cartoon &amp; Animations,Which city did Anger berate for ruining pizza in &quot;Inside Out&quot;?,San Francisco,"['Minnesota', 'Washington', 'California']"
multiple,easy,Entertainment: Video Games,What company develops the Rock Band series of rhythm games?,Harmonix,"['Activision', 'Konami', 'Electronic Arts']"
multiple,easy,Entertainment: Video Games,Which of the following is NOT one of the main characters in Grand Theft Auto V&rsquo;s story mode?,Tommy Vercetti,"['Michael de Santa', 'Franklin Clinton', 'Trevor Phillips']"
multiple,easy,Entertainment: Film,"At the end of the 2001 film &quot;Rat Race&quot;, whose concert do the contestants crash?",Smash Mouth,"['Bowling for Soup', 'Sum 41', 'Linkin Park']"
multiple,easy,Entertainment: Music,What is the frontman&#039;s name of the metal band Megadeth?,Dave Mustaine,"['Rob Halford', 'Vince Neil', 'James Hetfield']"
multiple,easy,Entertainment: Film,Which of these actors have NOT played Spiderman in the movies?,Michael Cera,"['Tobey Maguire', 'Andrew Garfield', 'Tom Holland']"
multiple,medium,General Knowledge,Which logical fallacy means to attack the character of your opponent rather than their arguments?,Ad hominem,"['Post hoc ergo propter hoc', 'Tu quoque', 'Argumentum ad populum']"
multiple,medium,Science &amp; Nature,Who made the discovery of X-rays?,Wilhelm Conrad R&ouml;ntgen,"['Thomas Alva Edison', 'James Watt', 'Albert Einstein']"
multiple,easy,History,Which of the following African countries was most successful in resisting colonization?,Ethiopia,"['C&ocirc;te d&rsquo;Ivoire', 'Congo', 'Namibia']"
multiple,easy,Entertainment: Japanese Anime &amp; Manga,Which anime heavily features music from the genre &quot;Eurobeat&quot;?,Initial D,"['Wangan Midnight', 'Kino no Tabi', 'Cowboy Bebop']"
multiple,easy,General Knowledge,What geometric shape is generally used for stop signs?,Octagon,"['Hexagon', 'Circle', 'Triangle']"
multiple,easy,Science &amp; Nature,What animal takes part in Schr&ouml;dinger&#039;s most famous thought experiment?,Cat,"['Dog', 'Bat', 'Butterfly']"
multiple,medium,Entertainment: Japanese Anime &amp; Manga,What year did the anime &quot;Himouto! Umaru-chan&quot; air?,2015,"['2014', '2012', '2013']"
boolean,medium,Geography,There exists an island named &quot;Java&quot;.,True,['False']
multiple,medium,Entertainment: Video Games,"In the video game &quot;Pizza Tower&quot;, what is the protagonist&#039;s name?",Peppino,"['Pastachio', 'Pepper', 'Spinachio']"
multiple,easy,History,What is the historical name of Sri Lanka?,Ceylon,"['Myanmar', 'Colombo', 'Badulla']"
multiple,medium,Entertainment: Video Games,Which of these is the name of a cut enemy from &quot;Half-Life 2&quot;?,Hydra,"['Cthulu', 'Spike', 'Tremor']"
multiple,medium,General Knowledge,Which of the following is NOT one of Aesop&#039;s fables?,The Fox and the Hound,"['The Fox and the Grapes', 'The Tortoise and the Hare', 'The Frog and the Ox']"
multiple,hard,Vehicles,"What kind of train was Stepney, a train on the Bluebell Railway notable for his appearance in &quot;The Railway Series&quot;?",LB&amp;SCR A1X,"['LB&amp;SCR E2', 'LB&amp;SCR J1', 'LB&amp;SCR D1']"
multiple,medium,Entertainment: Books,"In the &quot;The Hobbit&quot;, who kills Smaug?",Bard,"['Bilbo Baggins', 'Gandalf the Grey', 'Frodo']"
multiple,medium,Animals,What is the name for a male bee that comes from an unfertilized egg?,Drone,"['Soldier', 'Worker', 'Male']"
multiple,easy,General Knowledge,What step in cellular respiration forms ATP?,Oxidative Phosphorylation,"['Glycolysis', 'Pyruvate Oxidation', 'Calvin Cycle']"
multiple,hard,Entertainment: Video Games,"In the 2014 Pokemon VGC Finals, which Pokemon was famous for bringing the winner to victory?",Pachirisu,"['Garchomp', 'Lapras', 'Primal Groudon']"
multiple,medium,Geography,What is the only country in the world with a flag that doesn&#039;t have four right angles?,Nepal,"['Panama', 'Angola', 'Egypt']"
boolean,medium,Entertainment: Video Games,Nintendo started out as a playing card manufacturer.,True,['False']
multiple,hard,General Knowledge,What is the most commonly used noun in the English language?,Time,"['Home', 'Water', 'Man']"
multiple,hard,Entertainment: Japanese Anime &amp; Manga,"In &quot;One Piece&quot;, who confirms the existence of the legendary treasure, One Piece?",Edward &quot;Whitebeard&quot; Newgate,"['Former Marine Fleet Admiral Sengoku', 'Pirate King Gol D Roger', 'Silvers Rayleigh']"
multiple,hard,Entertainment: Film,"In the film &quot;Harry Potter and the Order of The Phoenix&quot;, why was Harry Potter&#039;s scream, after Sirius Black died, muted?",Too Agonizing,"['Too Loud', 'Too Harsh', 'Too Violent']"
multiple,easy,General Knowledge,Which of the following presidents is not on Mount Rushmore?,John F. Kennedy,"['Theodore Roosevelt', 'Abraham Lincoln', 'Thomas Jefferson']"
multiple,hard,Animals,What is the scientific name of the Budgerigar?,Melopsittacus undulatus,"['Nymphicus hollandicus', 'Pyrrhura molinae', 'Ara macao']"
multiple,medium,Entertainment: Video Games,What character is NOT apart of the Grand Theft Auto series?,Michael Cardenas,"['Packie McReary', 'Tommy Vercetti', 'Lester Crest']"
multiple,hard,Sports,Which of these Russian cities did NOT contain a stadium that was used in the 2018 FIFA World Cup?,Vladivostok,"['Rostov-on-Don', 'Yekaterinburg', 'Kaliningrad']"
multiple,medium,Entertainment: Video Games,"In Splatoon, what is the age that inklings can freely change between squid and humanoid forms?",14,"['13', '16', '10']"
boolean,medium,Entertainment: Video Games,"The first PlayStation console was released in the USA on December 3rd, 1994.",False,['True']
multiple,medium,Entertainment: Video Games,"In &quot;Call Of Duty: Zombies&quot;, what is the name of Samantha Maxis&#039; dog?",Fluffy,"['Baxter', 'Fido', 'Henry']"
multiple,easy,Entertainment: Music,Which famous rapper is featured in Jack &Uuml; (Skrillex and Diplo)&#039;s 2015 single called &quot;Febreze&quot;?,2 Chainz,"['Kendrick Lamar', 'Future', 'Fatman Scoop']"
boolean,medium,Science: Computers,&quot;Windows NT&quot; is a monolithic kernel.,False,['True']
boolean,easy,History,The majority of people that lived under the Byzantine Empire called themselves Romans.,True,['False']
multiple,medium,General Knowledge,"If a person&#039;s hair is described as &#039;Titian&#039;, what colour is it?",Red,"['Blonde', 'Brunette', 'Black']"
multiple,hard,General Knowledge,Where is Apple Inc. headquartered?,"Cupertino, California","['Redwood City, California', 'Redmond, Washington', 'Santa Monica, CA']"
multiple,medium,Geography,On which continent is the country of Angola located?,Africa,"['South America', 'Europe', 'Asia']"
multiple,easy,General Knowledge,What is Cynophobia the fear of?,Dogs,"['Birds', 'Flying', 'Germs']"
multiple,hard,Entertainment: Music,Who was the first Jazz Musician to win the Pulitzer Prize for Music,Wynton Marsalis,"['Michael Brecker', 'Herbie Hancock', 'Joe Henderson']"
multiple,medium,General Knowledge,"Out of these four buildings, which one is the tallest, with a height of 2,717 ft (828 m)?","Burj Khalifa, United Arab Emirates","['Shanghai Tower, China', 'Lotte World Tower, South Korea', 'Ping An Finance Centre, China']"
multiple,medium,Entertainment: Film,Which actor auditioned for the role of Luke Skywalker?,Kurt Russell,"['Christopher Lambert', 'Laurence Fishburne', 'James Remar']"
multiple,medium,Geography,How many counties in the Republic of Ireland.,26,"['32', '28', '30']"
multiple,medium,Entertainment: Film,What year did the James Cameron film &quot;Titanic&quot; come out in theaters?,1997,"['1996', '1998', '1999']"
multiple,hard,Entertainment: Music,Which of these songs is NOT included in the Suicide Squad OST?,Skies on Fire - AC/DC,"['Heathens - Twenty One Pilots', 'Without Me - Eminem', 'Fortunate Son - Creedence Clearwater Revival']"
boolean,easy,Sports,There are a total of 20 races in Formula One 2016 season.,False,['True']
multiple,hard,General Knowledge,Which of these Indian languages is not part of the Indo-European language family?,Tamil,"['Hindi', 'Punjabi', 'Urdu']"
multiple,medium,Entertainment: Video Games,"In Divinity: Original Sin 2, who is the earliest companion you can acquire?",The Red Prince,"['Fane', 'Sebille', 'Beast']"
multiple,easy,Science: Computers,Which programming language shares its name with an island in Indonesia?,Java,"['Python', 'C', 'Jakarta']"
boolean,easy,Entertainment: Video Games,&quot;Sonic the Hedgehog 2&quot; originally was going to have a time travel system.,True,['False']
multiple,medium,Entertainment: Television,How many seasons did the TV show &quot;Donkey Kong Country&quot; last?,2,"['1', '4', '5']"
multiple,easy,Entertainment: Film,"For the film &quot;Raiders of The Lost Ark&quot;, what was Harrison Ford sick with during the filming of the Cairo chase?",Dysentery,"['Anemia', 'Constipation', 'Acid Reflux ']"
multiple,medium,Sports,Which of these NHL teams have never moved since their inception?,St. Louis Blues,"['New Jersey Devils', 'Carolina Hurricanes', 'Dallas Stars']"
multiple,hard,History,Which day did World War I begin?,July 28,"['January 28', 'June 28', 'April 28']"
multiple,hard,Entertainment: Video Games,"In the video game Undertale, what Fun Value is required to obtain the Fake Hallway?",66,"['91', '45', '39']"
multiple,hard,Entertainment: Video Games,"Which of the Master levels in &quot;Super Monkey Ball&quot; is also used in the arcade version of the game, simply named &quot;Monkey Ball&quot;?",MASTER 9 - Bridge Master,"['MASTER 3 - Stamina Master', 'MASTER 10 - Monkey Master', 'MASTER 6 - Roll Master']"
multiple,medium,General Knowledge,What nation produces roughly 40% of the world&rsquo;s vanilla?,Madagascar,"['Indonesia', 'China', 'Mexico']"
multiple,medium,Entertainment: Video Games,Who is the main character of &quot;Metal Gear Solid 3&quot;?,Naked Snake,"['Solid Snake', 'Liquid Snake', 'Venom Snake']"
multiple,medium,Entertainment: Japanese Anime &amp; Manga,"In Dragon Ball Z, who was the first character to go Super Saiyan 2?",Gohan,"['Goku', 'Vegeta', 'Trunks']"
boolean,easy,Entertainment: Video Games,The PlayStation was originally a joint project between Sega and Sony that was a Sega Genesis with a disc drive.,False,['True']
multiple,medium,Entertainment: Japanese Anime &amp; Manga,In &quot;Shakugan no Shana&quot; what was the Shana usually referred as?,Flame-Haired Burning-Eyed Hunter,"['Flame Haze', 'Flame-Haired Burning-Eyed Haze', 'Shana']"
multiple,easy,Entertainment: Television,Who won Big Brother 2014 UK?,Helen Wood,"['Christopher Hall', 'Pauline Bennett', 'Pavandeep &quot;Pav&quot; Paul']"
multiple,easy,Entertainment: Video Games,"In the Halo series, which era of SPARTAN is Master Chief? ",SPARTAN-II,"['SPARTAN-I', 'SPARTAN-III', 'SPARTAN-IV']"
multiple,medium,General Knowledge,What fast food chain has the most locations globally? ,Subway,"['Starbucks', 'McDonalds', 'KFC']"
multiple,medium,Entertainment: Film,Which of the following is NOT a quote from the 1942 film Casablanca? ,"&quot;Frankly, my dear, I don&#039;t give a damn.&quot;","['&quot;Here&#039;s lookin&#039; at you, kid.&quot;', '&ldquo;Of all the gin joints, in all the towns, in all the world, she walks into mine&hellip;&rdquo;', '&quot;Round up the usual suspects.&quot;']"
multiple,medium,Entertainment: Music,When was the 3rd album &quot;Notes from the Underground&quot; of the band &quot;Hollywood Undead&quot; released?,2013,"['2011', '2014', '2009']"
multiple,easy,General Knowledge,"When one is &quot;envious&quot;, they are said to be what color?",Green,"['Red', 'Blue', 'Yellow']"
multiple,medium,History,Which Apollo mission was the last one in NASA&#039;s Apollo program?,Apollo 17,"['Apollo 13', 'Apollo 11', 'Apollo 15']"
multiple,hard,Politics,What year did the effort to deploy the Common Core State Standards (CCSS) in the US begin?,2009,"['2012', '2006', '1997']"
multiple,medium,Entertainment: Music,What album did Gorillaz release in 2017?,Humanz,"['Plastic Beach', 'The Fall', 'Demon Days']"
multiple,easy,Entertainment: Music,When was Gangnam Style uploaded to YouTube?,2012,"['2013', '2014', '2011']"
multiple,medium,Entertainment: Cartoon &amp; Animations,What ability does Princess Sofia the First have from her amulet that allows her to breathe underwater?,Mermaid Transformation,"['Artificial Gills', 'Bubble Head', 'Bubble Shield']"
multiple,easy,Entertainment: Video Games,"In &quot;Overwatch&quot;, what is the name of the company that made D.Va&#039;s mech?",MEKA,"['MI8', 'KPAMC', 'JSAMB']"
multiple,medium,Entertainment: Music,Who was the youngest member of The Beatles?,George Harrison,"['Paul McCartney', 'John Lennon', 'Ringo Starr']"
multiple,hard,Entertainment: Video Games,What was the name of the hero in the 80s animated video game &#039;Dragon&#039;s Lair&#039;?,Dirk the Daring,"['Arthur', 'Sir Toby Belch', 'Guy of Gisbourne']"
multiple,hard,Entertainment: Comics,When was the Garfield comic first published?,1978,"['1982', '1973', '1988']"
multiple,easy,History,King Henry VIII was the second monarch of which European royal house?,Tudor,"['York', 'Stuart', 'Lancaster']"
multiple,hard,Entertainment: Japanese Anime &amp; Manga,What year was &quot;JoJo&#039;s Bizarre Adventure: Phantom Blood&quot; first released?,1987,"['2013', '1983', '1995']"
boolean,easy,Entertainment: Television,"In the Season 1 SpongeBob Squarepants episode, &quot;Help Wanted,&quot; the song &quot;Living in the Sunlight&quot; by Tiny Tim can be heard.",True,['False']
multiple,easy,Entertainment: Japanese Anime &amp; Manga,The name of Junko Enoshima&#039;s imposter at the beginning of Danganronpa: Trigger Happy Havoc is?,Mukuro Ikusaba,"['Ryota Mitarai', 'Ultimate Imposter', 'Komaru Naegi']"
multiple,hard,Entertainment: Video Games,Which game in the &quot;Dark Souls&quot; series does the player play as the &quot;Ashen One&quot;?,Dark Souls III,"['Dark Souls I', 'Bloodborne', 'Demon Souls']"
boolean,medium,Entertainment: Video Games,Metal Gear Solid V: The Phantom Pain runs on the Fox Engine.,True,['False']
multiple,hard,Entertainment: Music,Which of these aliases has NOT been used by electronic musician Aphex Twin?,Burial,"['Caustic Window', 'Bradley Strider', 'GAK']"
multiple,hard,Entertainment: Board Games,Which character class in Dungeons and Dragons 5th edition gains it&#039;s powers from making a pact with a being of higher power?,Warlock,"['Wizard', 'Sorceror', 'Cleric']"
multiple,medium,Politics,What is the primary purpose of the Fourth Amendment to the US Constitution?,Preventing unreasonable searches and seizures,"['Preventing cruel and unusual punishments', 'Protecting against imprisonment without due process of law', 'Protecting the right to keep and bear arms']"
multiple,medium,History,In what dialogue did Socrates defend himself to the court of Athens? ,The Apology,"['The Euthyphro', 'The Laws', 'The Republic']"
multiple,hard,Science &amp; Nature,What is considered the rarest form of color blindness?,Blue,"['Red', 'Green', 'Purple']"
multiple,easy,Entertainment: Television,"In the TV show &quot;Mad Men&quot;, what was Donald Draper&#039;s birthname?",Richard &quot;Dick&quot; Whitman,"['Donald Draper', 'John Ashbury', 'Michael &quot;Mikey&quot; Wilhelm']"
multiple,hard,Entertainment: Film,Which sci-fi cult films plot concerns aliens attempting to prevent humans from creating a doomsday weapon?,Plan 9 from Outer Space,"['The Man from Planet X', 'It Came from Outer Space', 'The Day The Earth Stood Still']"
multiple,medium,Entertainment: Music,The 2023 Beatles song &quot;Now and Then&quot; originated from an unfinished demo recorded by which Beatle?,John Lennon,"['Paul McCartney', 'George Harrison', 'Ringo Starr']"
multiple,medium,Entertainment: Music,Which chain restaurant increased sales after it was mentioned in the 2016 Beyonc&eacute; song: &quot;Formation&quot;?,Red Lobster,"['Outback Steakhouse', 'TGI Fridays', 'Applebee&#039;s']"
multiple,easy,Entertainment: Video Games,What is the hardest possible difficulty in &quot;Deus Ex: Mankind Divided&quot;?,I Never Asked For This,"['Nightmare', 'Extreme', 'Guru']"
multiple,hard,Entertainment: Music,Pete Townshend collaborated with which famous guitarist for an event at Brixton Academy in 1985?,David Gilmour,"['Jimmy Page', 'Mark Knopfler', 'Eric Clapton']"
boolean,easy,Science: Mathematics,The &#039;Squaring the Circle&#039; problem is solvable.,False,['True']
boolean,easy,Entertainment: Video Games,"In the Fallout: New Vegas add-on Lonesome Road, Ulysses wields a flag pole named The Liberator.",False,['True']
multiple,easy,Entertainment: Music,&quot;Hallelujah&quot; is a song written by which Canadian recording artist?,Leonard Cohen,"['Kory Lefkowits', 'Ryan Letourneau ', 'Justin Bieber ']"
multiple,medium,Entertainment: Music,Which of these Queen songs were sampled for the baseline in Vanilla &quot;Ice&#039;s Ice Ice Baby?&quot;,Under Pressure,"['Don&#039;t Stop Me Now', 'Brighton Rock', 'Lazing On A Sunday Afternoon']"
multiple,medium,History,Which of the following snipers has the highest amount of confirmed kills?,Simo H&auml;yh&auml;,"['Chris Kyle', 'Vasily Zaytsev', 'Craig Harrison']"
multiple,easy,Entertainment: Board Games,How many spaces are there on a standard Monopoly board?,40,"['28', '55', '36']"
multiple,easy,Politics,Who was the 45th President of the United States?,Donald Trump,"['Barack Obama', 'Bill Clinton', 'George Bush']"
multiple,hard,Entertainment: Music,The song &quot;Old Town Road&quot; by American rapper Lil Nas X samples the song &quot;34 Ghosts IV&quot; by which band?,Nine Inch Nails,"['Death Grips', 'Iron Maiden', 'Animal Collective']"
multiple,medium,Entertainment: Japanese Anime &amp; Manga,Who voices &quot;Shou Suzuki&quot; in the English dub of &quot;Mob Psycho 100&quot;?,Casey Mongillo,"['Ben Diskin', 'Chris Niosi', 'David Naughton']"
multiple,medium,Science: Computers,Linus Torvalds created which of these?,Linux,"['Microsoft Windows', 'Python', 'Wikipedia']"
multiple,medium,Science: Gadgets,Which company developed the Hololens?,Microsoft,"['HTC', 'Oculus', 'Tobii']"
multiple,easy,History,Who was the first president of the United States?,George Washington,"['James Madison', 'Thomas Jefferson', 'James K. Polk']"
multiple,medium,Entertainment: Music,What musician made the song &quot;F**kin` Perfect&quot; in 2010?,P!nk,"['Mitis', 'Adam lambert', 'Koven']"
boolean,medium,Entertainment: Video Games,POLYBIUS is a myth arcade cabinet/game,True,['False']
multiple,easy,Entertainment: Video Games,Which of the following characters is NOT a female marriage candidate in the game Stardew Valley?,Caroline,"['Abigail', 'Haley', 'Leah']"
multiple,medium,Entertainment: Video Games,Who was the main antagonist of Max Payne 3 (2012)?,Victor Branco,"['&Aacute;lvaro Neves', 'Armando Becker', 'Milo Rego']"
boolean,hard,Vehicles,The term &quot;GTO&quot; was originated by Ferrari?,True,['False']
boolean,medium,Geography,Liechtenstein does not have an airport.,True,['False']
multiple,easy,Geography,The body of the Egyptian Sphinx was based on which animal?,Lion,"['Bull', 'Horse', 'Dog']"
boolean,medium,Entertainment: Books,"Originally, the character Charlie from Charlie and the Chocolate Factory was going to be black.",True,['False']
multiple,medium,Entertainment: Film,Which DC superhero was NOT included in the 2017 movie &quot;Justice League&quot;?,Green Arrow,"['Batman', 'Cyborg', 'Wonder Woman']"
multiple,medium,Entertainment: Film,Velma Kelly and Roxie Hart are the protagonists of which Oscar winning movie?,Chicago,"['Dreamgirls', 'Cabaret', 'All That Jazz']"
multiple,medium,Sports,A stimpmeter measures the speed of a ball over what surface?,Golf Putting Green,"[' Football Pitch', 'Cricket Outfield', 'Pinball Table']"
multiple,easy,Geography,How many countries does Mexico border?,3,"['2', '4', '1']"
multiple,medium,Science: Computers,Which internet company began life as an online bookstore called &#039;Cadabra&#039;?,Amazon,"['eBay', 'Overstock', 'Shopify']"
multiple,easy,Entertainment: Video Games,Who is the leader of Team Mystic in Pok&eacute;mon Go?,Blanche,"['Candela', 'Spark', 'Willow']"
multiple,medium,Science &amp; Nature,What is the study of the cells and tissues of plants and animals?,Histology,"['Microbiology', 'Anatomy', 'Biochemistry']"
multiple,medium,Entertainment: Video Games,What was the first Super Mario game ever released in North America for the 3DS?,Super Mario 3D Land,"['Super Mario Maker', 'New Super Mario Bros. 2', 'Mario Kart 7']"
multiple,medium,Geography,Which is the largest of these 4 islands?,Borneo,"['Great Britain', 'Cuba', 'Madagascar']"
multiple,easy,Entertainment: Film,"In the Lord of the Rings: The Two Towers, where are the party of orcs taking the hobbits?",Isengard,"['Rivendell', 'Mordor', 'Moria']"
multiple,medium,Entertainment: Video Games,What was the first Call of Duty game to include the Zombies gamemode?,Call of Duty: World at War,"['Call of Duty: Black Ops', 'Call of Duty: Modern Warfare 2', 'Call of Duty: Black Ops III']"
multiple,medium,Vehicles,Which of these car models are produced by Lamborghini?,Aventador,"['Huayra', '918', 'Chiron']"
multiple,hard,Entertainment: Television,"Prior to working at Wizards of the Coast, &quot;Mark Rosewater&quot; was a writer for which show?",Roseanne,"['Boy Meets World', 'The X-Files', 'NYPD Blue']"
multiple,hard,Vehicles,How much horsepower is produced by the SD40-2 Locomotive?,"3,000","['3,200', '2,578', '2,190']"
multiple,hard,Science: Computers,Which of these is not a key value of Agile software development?,Comprehensive documentation,"['Individuals and interactions', 'Customer collaboration', 'Responding to change']"
multiple,easy,Science: Gadgets,What is the name of a simple machine that is made up of a stiff arm that can move freely around a fixed point?,Lever,"['Wedge', 'Screw', 'Pulley']"
multiple,hard,Science: Mathematics,Which of the following mathematicians made major contributions to game theory?,John Von Neumann,"['Carl Friedrich Gauss', 'Leonhard Euler', 'Stefan Banach']"
multiple,easy,Entertainment: Japanese Anime &amp; Manga,Which Pok&eacute;mon and it&#039;s evolutions were banned from appearing in a main role after the Episode 38 Incident?,The Porygon Line,"['The Pikachu Line', 'The Elekid Line', 'The Magby Line']"
boolean,medium,Entertainment: Video Games,"In the video game &quot;Blue Reflection&quot;, the main protagonist, Hinako Shirai, was a ballet dancer.",True,['False']
multiple,medium,Science: Mathematics,What is the alphanumeric representation of the imaginary number?,i,"['e', 'n', 'x']"
multiple,hard,Entertainment: Board Games,"In Magic: The Gathering, what term for blocking was established in the Portal set?",Intercepting,"['Blocking', 'Resisting', 'Shielding']"
multiple,easy,Entertainment: Music,Who had a 1983 hit with the song &#039;Africa&#039;?,Toto,"['Foreigner', 'Steely Dan', 'Journey']"
boolean,medium,General Knowledge,The French word for &quot;glass&quot; is &quot;glace&quot;.,False,['True']
multiple,medium,Entertainment: Video Games,Which of these is not a Fallout protagonist?,Tunnel Snake,"['Courier', 'Lone Wanderer', 'Vault Dweller']"
multiple,medium,Geography,Which city is the capital of Switzerland?,Bern,"['Z&uuml;rich', 'Frankfurt', 'Wien']"
boolean,easy,Entertainment: Television,Klingons express emotion in art through opera and poetry.,True,['False']
multiple,medium,General Knowledge,What direction does the Statue of Liberty face?,Southeast,"['Southwest', 'Northwest', 'Northeast']"
multiple,hard,Entertainment: Books,"In which classic novel by Mark Twain did a beggar and Prince of Wales switch clothes, and learn about social class inequality?",The Prince and the Pauper,"['Hamlet', 'Wealthy Boy and the Schmuck', 'A Modern Twain Story']"
multiple,hard,Science &amp; Nature,What causes the sound of a heartbeat?,Closure of the heart valves,"['Contraction of the heart chambers', 'Blood exiting the heart', 'Relaxation of the heart chambers']"
multiple,easy,Entertainment: Music,"In what year was Avril Lavigne&rsquo;s first studio album, &ldquo;Let Go&rdquo;, released?",2002,"['2001', '2004', '2005']"
multiple,easy,Entertainment: Video Games,"In the second-generation Pok&eacute;mon games, which Pok&eacute;mon can you start with?","Chikorita, Cyndaquil, and Totodile","['Bulbasaur, Charmander, and Squirtle', 'Treecko,Torchic, and Mudkip', 'Grassy, Firey, and Watery']"
multiple,easy,Entertainment: Japanese Anime &amp; Manga,"What is the name of Funny Valentine&#039;s stand in Jojo&#039;s Bizarre Adventure Part 7, Steel Ball Run?",Dirty Deeds Done Dirt Cheap,"['Filthy Acts Done For A Reasonable Price', 'Civil War', 'God Bless The USA']"
multiple,medium,History,The Battle of the Somme in World War I took place in which country?,France,"['Germany', 'Italy', 'Austria']"
multiple,medium,Entertainment: Video Games,What was the #1 selling game on Steam by revenue in 2016?,Sid Meier&#039;s Civilization VI,"['Grand Theft Auto V', 'Counter Strike: Global Offensive', 'Dark Souls III']"
multiple,medium,Entertainment: Video Games,Which one of these nations was added to Civilization V with the &quot;Gods &amp; Kings&quot; expansion?,The Netherlands,"['The Zulu', 'The Ottomans', 'The Kongo']"
multiple,medium,Entertainment: Video Games,Which game won the &quot;Games for Impact&quot; award in The Game Awards 2015?,Life is Strange,"['Ori and the Blind Forest', 'Rocket League', 'Metal Gear Solid V: The Phantom Pain']"
multiple,medium,Entertainment: Board Games,"In the Board Game, Settlers of Catan, a die roll of what number causes the Robber to attack? ",7,"['3', '10', '1']"
boolean,easy,Animals,The Axolotl is an amphibian that can spend its whole life in a larval state.,True,['False']
boolean,easy,General Knowledge,March 10th is also known as Mar10 Day.,True,['False']
multiple,easy,Entertainment: Video Games,"Lanky, Funky, and Chunky are all characters featured in which series owned by Nintendo?",Donkey Kong,"['Mario', 'Kirby', 'Zelda']"
multiple,medium,General Knowledge,What English word means to &quot;think deeply&quot;?,Contemplate,"['Confiscate', 'Constipate', 'Condensate']"
multiple,medium,Geography,How many countries are inside the United Kingdom?,Four,"['Two', 'Three', 'One']"
boolean,easy,Entertainment: Video Games,The ghosts in &quot;Pac-Man&quot; and &quot;Ms. Pac-Man&quot; have completely different behavior.,True,['False']
boolean,medium,Science: Computers,The very first recorded computer &quot;bug&quot; was a moth found inside a Harvard Mark II computer.,True,['False']
multiple,hard,General Knowledge,"According to the 2014-2015 Australian Bureau of Statistics, what percentage of Australians were born overseas?",28%,"['13%', '20%', '7%']"
boolean,hard,Entertainment: Video Games,"In &quot;The Sims&quot; series, the most members in a household you can have is 8.",True,['False']
multiple,medium,Entertainment: Music,EDM record label Monstercat is based in which country?,Canada,"['United States', 'Australia', 'United Kingdom']"
boolean,medium,Entertainment: Film,There aren&#039;t any live-action clones in &quot;Star Wars: Episode III - Revenge of the Sith&quot;.,True,['False']
multiple,easy,Entertainment: Music,A classic 1976 song by Blue Oyster Cult features the advice &ldquo;Don&rsquo;t Fear The&rdquo; what?,Reaper,"['Dark', 'Silence', 'Clowns']"
boolean,medium,General Knowledge,The term &quot;Spam&quot; came before the food product &quot;Spam&quot;.,False,['True']
multiple,hard,General Knowledge,Which musician has collaborated with American producer Porter Robinson and released the 2016 song &quot;Shelter&quot;?,Madeon,"['Mat Zo', 'deadmau5', 'Zedd']"
multiple,easy,Entertainment: Video Games,"In Kingdom Hearts, how many members does Organization XIII have in total?",14,"['10', '13', '12']"
multiple,medium,Entertainment: Television,Who was the original voice actor of Shaggy Rogers in Scooby-Doo?,Casey Kasem,"['Dante Basco', 'Billy West', 'Frank Welker']"
boolean,medium,Science: Mathematics,A &#039;Millinillion&#039; is a real number.,True,['False']
multiple,hard,Entertainment: Japanese Anime &amp; Manga,"In the anime, Full Metal Panic!, who is Kaname&#039;s best friend?",Kyoko Tokiwa,"['Melissa Mao', 'Ren Mikihara', 'Teletha &quot;Tessa&quot; Testarossa']"
multiple,medium,General Knowledge,What does the &quot;G&quot; mean in &quot;G-Man&quot;?,Government,"['Going', 'Ghost', 'Geronimo']"
multiple,medium,Entertainment: Music,From which country does the piano originate?,Italy,"['Germany', 'Austria', 'France']"
boolean,medium,General Knowledge,&quot;Buffalo buffalo Buffalo buffalo buffalo buffalo Buffalo buffalo.&quot; is a grammatically correct sentence.,True,['False']
multiple,easy,Geography,What colour is the circle on the Japanese flag?,Red,"['White', 'Yellow', 'Black']"
multiple,hard,Science &amp; Nature,How many types of quarks are there in the standard model of physics?,6,"['2', '3', '4']"
multiple,easy,General Knowledge,"In blood typing, the (+) and (-) marker after an A, B, AB, or O is called Rh factor. Which of the following is the source of its discovery?",Rhesus Monkeys,"['Rheumatism Patients', 'Red-Haired People', 'Rhizomes']"
boolean,easy,Geography,Greenland is covered with grass and Iceland covered with ice.,False,['True']
multiple,medium,Entertainment: Video Games,"Which of these is not a character in the game, &quot;Lethal League&quot;?",Rex,"['Switch', 'Candyman', 'Sonata']"
multiple,easy,Science &amp; Nature,Which element has the chemical symbol &#039;Fe&#039;?,Iron,"['Gold', 'Silver', 'Tin']"
multiple,easy,Science: Gadgets,What is the SI unit for resistance?,Ohms,"['Ampheres', 'Siemens', 'Volts']"
multiple,hard,Entertainment: Video Games,When was Minecraft 1.0 released?,"November 18, 2011","['May 17, 2009', 'December 10, 2014', 'September 13, 2012']"
multiple,medium,History,In what prison was Adolf Hitler held in 1924?,Landsberg Prison,"['Spandau Prison', 'Ebrach Abbey', 'Hohenasperg']"
multiple,easy,General Knowledge,Which of these colours is NOT featured in the logo for Google?,Pink,"['Yellow', 'Blue', 'Green']"
multiple,medium,Geography,What is the capital of Chile?,Santiago,"['Valpara&iacute;so', 'Copiap&oacute;', 'Antofagasta']"
multiple,medium,History,What year were the Marian Reforms instituted in the Roman Republic?,107 BCE,"['42 BCE', '264 BCE', '102 CE']"
multiple,easy,Entertainment: Video Games,"In the game Battleblock Theater, what was the name of the voice actor who voiced the narrator?",Will Stamper,"['Steve Blum', 'Richard Epcar', 'Yuri Lowenthal']"
multiple,easy,Entertainment: Music,"Which punk rock band released hit songs such as &quot;Californication&quot;, &quot;Can&#039;t Stop&quot; and &quot;Under the Bridge&quot;?",Red Hot Chilli Peppers,"['Green Day', 'Linkin Park', 'Foo Fighters']"
multiple,medium,Entertainment: Video Games,Which city hosted the CS:GO Dreamhack Open 2015?,Cluj-Napoca,"['Cologne', 'Atlanta', 'London']"
multiple,easy,Science: Computers,What does SSD stand for?,Solid State Drive,"['Solution Source Disk', 'Solid State Disk', 'Source Solution Drive']"
boolean,hard,Entertainment: Books,"In Harry Potter and the Deathly Hallows, Hermione destroyed the fourth Horcrux by stabbing it with the Sword of Gryffindor.",False,['True']
multiple,easy,Entertainment: Japanese Anime &amp; Manga,How many &quot;JoJos&quot; that are protagonists are there in the series &quot;Jojo&#039;s Bizarre Adventure&quot;?,8+,"['6+', '4+', '5+']"
multiple,medium,Entertainment: Comics,"What is the name of the comic about a young boy, and a tiger who is actually a stuffed animal?",Calvin and Hobbes,"['Winnie the Pooh', 'Albert and Pogo', 'Peanuts']"
multiple,easy,Entertainment: Video Games,Which of the following is a class in the game &quot;Hearthstone&quot;?,Priest,"['Sage', 'Cleric', 'Monk']"
boolean,medium,Science &amp; Nature,The &quot;Gympie Stinger&quot; is the deadliest plant in the world.,False,['True']
multiple,hard,Entertainment: Music,What is the official name of Prince&#039;s backing band?,The Revolution,"['The Paupers', 'The Wailers', 'The Heartbreakers']"
boolean,medium,Science: Computers,The common software-programming acronym &quot;I18N&quot; comes from the term &quot;Interlocalization&quot;.,False,['True']
multiple,hard,History,Toussaint Louverture led a successful slave revolt in which country?,Haiti,"['France', 'Cuba', 'United States']"
multiple,hard,Entertainment: Video Games,"In Super Smash Bros. for Nintendo 3DS and Nintendo Wii U, who was the sixth fighter to be added to the game post-launch?",Corrin,"['Cloud', 'Bayonnetta', 'Ryu']"
multiple,hard,Geography,What is the capital of Suriname?,Paramaribo,"['Antananarivo', 'Tegucigalpa', 'Sucre']"
multiple,hard,Entertainment: Video Games,What was the nickname of the original model for Half-Life&#039;s protagonist Gordon Freeman?,Ivan the Space Biker,"['Gordon the Space Biker', 'Ivan the Alien Biker', 'Gordon the Alien Biker']"
multiple,easy,Vehicles,Automobiles produced by Tesla Motors operate on which form of energy?,Electricity,"['Gasoline', 'Diesel', 'Nuclear']"
multiple,easy,Entertainment: Books,What&#039;s the second book in George R. R. Martin&#039;s &#039;A Song of Ice and Fire&#039; series?,A Clash of Kings,"['A Dance with Dragons', 'A Storm of Swords', 'A Feast for Crows']"
multiple,hard,Entertainment: Music,Which M83 album is the song &quot;Midnight City&quot; featured in?,"Hurry Up, We&#039;re Dreaming","['Saturdays = Youth', 'Before the Dawn Heals Us', 'Junk']"
multiple,hard,Entertainment: Video Games,"In &quot;Sonic the Hedgehog 3&quot; for the Sega Genesis, what is the color of the second Chaos Emerald you can get from Special Stages?",Orange,"['Blue', 'Green', 'Magenta']"
multiple,hard,Entertainment: Japanese Anime &amp; Manga,In what year did the manga &quot;Ping Pong&quot; begin serialization?,1996,"['2014', '2010', '2003']"
multiple,medium,Art,Which of these are the name of a famous marker brand?,Copic,"['Dopix', 'Cofix', 'Marx']"
multiple,hard,Science &amp; Nature,What is the unit of electrical inductance?,Henry,"['Weber', 'Coulomb', 'Mho']"
multiple,medium,Entertainment: Video Games,What is Solid Snake&#039;s real name?,David,"['Solid Snake', 'John', 'Huey']"
multiple,medium,Sports,Who is Manchester United&#039;s top premier league goal scorer?,Wayne Rooney,"['Sir Bobby Charlton', 'Ryan Giggs', 'David Beckham']"
multiple,easy,Geography,How many stars are featured on New Zealand&#039;s flag?,4,"['5', '2', '0']"
multiple,medium,Mythology,Which of these Roman gods doesn&#039;t have a counterpart in Greek mythology?,Janus,"['Vulcan', 'Juno', 'Mars']"
multiple,easy,General Knowledge,Which sign of the zodiac is represented by the Crab?,Cancer,"['Libra', 'Virgo', 'Sagittarius']"
multiple,easy,Vehicles,Which of the following car manufacturers had a war named after it?,Toyota,"['Honda', 'Ford', 'Volkswagen']"
multiple,easy,General Knowledge,"In a standard Gregorian calendar, how many months begin with the letter &#039;J&#039;?",Three,"['Four', 'Five', 'Two']"
multiple,easy,Geography,What is the name of the ocean that Hawaii is located in?,Pacific,"['Atlantic', 'Indian', 'Arctic']"
multiple,medium,Entertainment: Video Games,"Psych-Horror &quot;Eternal Darkness: Sanity&#039;s Requiem&quot;, developed by Silicon Knights in 2002, was published by who and on what platform?",Nintendo&reg; Co. Ltd. | GameCube&trade;,"['Sony&reg; Computer Entertainment&trade; Inc. | PlayStation&reg; 2', 'Microsoft&reg; Game Studios&trade; | XBox&trade;', 'Sega&reg; Enterprises Co. Ltd. | Dreamcast&trade;']"
multiple,easy,Entertainment: Music,What album did Bon Iver release in 2016?,"22, A Million","['Bon Iver, Bon Iver', 'Blood Bank EP', 'For Emma, Forever Ago']"
multiple,medium,Entertainment: Video Games,Which is the protagonist of Bioshock Infinite?,Booker DeWitt,"['Zachary Comstock', 'Arthas Menethil', 'Herbie Hancock']"
multiple,medium,Entertainment: Video Games,Which of these operators from &quot;Tom Clancy&#039;s Rainbow Six Siege&quot; has the ability to damage reinforced walls?,Jordan &quot;Thermite&quot; Trace,"['Eliza &quot;Ash&quot; Cohen', 'Seamus &quot;Sledge&quot; Cowden', 'Dominic &quot;Bandit&quot; Brunsmeier']"
multiple,medium,Entertainment: Books,"In the novel &quot;Lord of the Rings&quot;, how many rings of power were given to the race of man?",9,"['5', '11', '13']"
boolean,medium,Geography,Vietnam is the only country in the world that starts with V. ,False,['True']
multiple,medium,Politics,Which former US president used &quot;Let&#039;s Make America Great Again&quot; as his campaign slogan before Donald Trump&#039;s campaign?,Ronald Reagan,"['Jimmy Carter', 'Gerald Ford', 'Richard Nixon']"
multiple,easy,Entertainment: Video Games,What does IWHBYD stand for on the skull in the Halo series?,I Would Have Been Your Daddy,"['I Wanna Have Babies You Down', 'I Would Hate Being Your Driver', 'I Would Have Bought Your Dog']"
multiple,easy,Entertainment: Music,How many members are there in the band Nirvana?,Three,"['Two', 'Four', 'Five']"
multiple,easy,Entertainment: Video Games,What video game engine does the videogame Quake 2 run in?,iD Tech 2,"['iD Tech 3', 'iD Tech 1', 'Unreal Engine']"
boolean,medium,Sports,Soccer player Cristiano Ronaldo opened a museum dedicated to himself.,True,['False']
boolean,easy,Entertainment: Books,Dracula is destroyed by contact with sunlight,False,['True']
multiple,easy,General Knowledge,What is the most frequently used letter in the english alphabet?,E,"['A', 'I', 'O']"
multiple,easy,General Knowledge,What is the shape of the toy invented by Hungarian professor Ernő Rubik?,Cube,"['Sphere', 'Cylinder', 'Pyramid']"
multiple,medium,Science &amp; Nature,Which element has the atomic number of 7?,Nitrogen,"['Oxygen', 'Hydrogen', 'Neon']"
multiple,medium,Entertainment: Video Games,In what year was &quot;Super Mario Sunshine&quot; released?,2002,"['2003', '2000', '2004']"
multiple,medium,Animals,Which of the following is true when alligators are behaving territorially?,They bellow while showing their tail and neck,"['Open their jaws while making a clicking noise', 'They run full force at the threat', 'Slap their tails on the ground']"
multiple,easy,Entertainment: Television,How many seasons did the Sci-Fi television show &quot;Stargate Atlantis&quot; have?,5,"['10', '2', '7']"
multiple,medium,Entertainment: Video Games,"Which horror movie had a sequel in the form of a video game released in August 20, 2002?",The Thing,"['The Evil Dead', 'Saw', 'Alien']"
multiple,medium,Politics,Who is one of the co-princes of Andorra?,The president of France,"['The monarch of the UK', 'The Pope', 'No-one (the position is vacant)']"
multiple,medium,Science &amp; Nature,What is the standard SI unit for electric current?,Ampere,"['Volt', 'Ohm', 'Watt']"
boolean,medium,Vehicles,The Japanese Shinkansen beat the French TGV&#039;s speed record for fastest electric rail train.,False,['True']
multiple,hard,Science &amp; Nature,If you planted the seeds of Quercus robur what would grow?,Trees,"['Flowers', 'Vegtables', 'Grains']"
multiple,medium,Science: Mathematics,Which greek mathematician ran through the streets of Syracuse naked while shouting &quot;Eureka&quot; after discovering the principle of displacement?,Archimedes,"['Euclid', 'Homer', 'Eratosthenes']"
multiple,easy,Animals,How many teeth does an adult rabbit have?,28,"['30', '26', '24']"
multiple,easy,Science: Mathematics,How many sides does a heptagon have?,7,"['8', '6', '5']"
multiple,hard,Science &amp; Nature,Which of these is used to show that Earth spins on an axis? ,Foucault Pendulum ,"['Polaris', 'Sundial', 'Tectonic Plates ']"
multiple,medium,Geography,The Pyrenees mountains are located on the border of which two countries?,France and Spain,"['Italy and Switzerland', 'Norway and Sweden', 'Russia and Ukraine']"
multiple,hard,Sports,At which race was the 2018 F1 Drivers Championship won?,Mexico,"['United States', 'Belgium', 'Abu Dhabi']"
multiple,easy,Entertainment: Board Games,"On a standard Monopoly board, which square is diagonally opposite &#039;Go&#039;? ",Free Parking,"['Go to Jail', 'Jail', 'The Electric Company']"
multiple,medium,Science &amp; Nature,The human right lung has how many lobes?,3,"['4', '2', '1']"
multiple,hard,Science &amp; Nature,Which of these chemical compounds is NOT found in gastric acid?,Sulfuric acid,"['Hydrochloric acid', 'Potassium chloride', 'Sodium chloride']"
multiple,easy,Entertainment: Video Games,"In the video game Overwatch, which playable character is infamous for saying &quot;It&#039;s high noon.&quot;?",McCree,"['Hanzo', 'Pharah', 'Soldier: 76']"
multiple,medium,Mythology,Which of the following Mesopotamian mythological figures was NOT a deity?,Enkidu,"['Enki', 'Enlil', 'Enkimdu']"
multiple,medium,Entertainment: Music,Which one of these Pink Floyd albums were also a movie?,The Wall,"['The Dark Side of the Moon', 'Wish You Were Here', 'Animals']"
multiple,easy,Politics,The largest consumer market in 2015 was...,The United States of America,"['Germany', 'Japan', 'United Kingdom']"
multiple,medium,History,When did Norway become free from Sweden?,1905,"['1925', '1814', '1834']"
multiple,easy,Science &amp; Nature,Human cells typically have how many copies of each gene?,2,"['1', '4', '3']"
boolean,easy,Entertainment: Video Games,Activision created Battlefield 1.,False,['True']
multiple,hard,Entertainment: Music,Which British band won the first edition of the Brit Awards in 1977?,The Beatles,"['Pink Floyd', 'The Rolling Stones', 'The Who']"
multiple,medium,Entertainment: Video Games,"In the game Overwatch, which hero out of the following 4 is from Brazil?",L&uacute;cio,"['Sombra', 'McCree', 'Symmetra']"
multiple,easy,Animals,What is Grumpy Cat&#039;s real name?,Tardar Sauce,"['Sauce', 'Minnie', 'Broccoli']"
multiple,medium,Entertainment: Video Games,"In &quot;Warhammer: End Times - Vermintide&quot;, what is the name of the rat faction you fight in the game?",Skaven,"['Ratmen', 'The Horde', 'Chaos']"
multiple,easy,General Knowledge,Foie gras is a French delicacy typically made from what part of a duck or goose?,Liver,"['Heart', 'Stomach', 'Intestines']"
multiple,medium,Entertainment: Video Games,Which of these is NOT DLC for the video game called &quot;Tabletop Simulator&quot;?,The Binding of Isaac: Four Souls,"['Three Kingdoms Redux', 'Superfight', 'Mr. Game!']"
multiple,hard,Entertainment: Film,What was the name of the planet in &quot;Aliens&quot;?,LV-426,"['Weyland Yutani Corporation Base', 'FR-838', 'DI-621']"
multiple,medium,History,What date was the first flight of the P-40 Warhawk?,October 14 1938,"['August 21 1939', 'January 12 1940', 'June 1 1939']"
multiple,easy,Entertainment: Japanese Anime &amp; Manga,Who is the author of the manga series &quot;Astro Boy&quot;?,Osamu Tezuka,"['Mitsuteri Yokoyama', 'Takao Saito', 'Yoshihiro Tatsumi']"
boolean,easy,Science: Computers,"The name of the programming language AWK is abbreviated from the names of the developers &ndash; Aho, Weinberger, and Kernighan.",True,['False']
boolean,hard,Entertainment: Video Games,The names of Roxas&#039;s Keyblades in Kingdom Hearts are &quot;Oathkeeper&quot; and &quot;Oblivion&quot;.,True,['False']
boolean,medium,Science &amp; Nature,Anatomy considers the forms of macroscopic structures such as organs and organ systems.,True,['False']
boolean,easy,Entertainment: Video Games,Rollercoaster Tycoon 1 and 2 were developed by Chris Sawyer.,True,['False']
boolean,easy,Vehicles,"In 1991, Mazda became the first Japanese car manufacturer to win Le Mans.",True,['False']
multiple,hard,Entertainment: Video Games,"In Super Mario RPG: Legend of The Seven Stars, what is Geno&#039;s real name?",♡♪!?,"['Geno', 'Exor', 'Smithy']"
multiple,easy,Entertainment: Video Games,Who is the leader of Team Instinct in Pok&eacute;mon Go?,Spark,"['Candela', 'Blanche', 'Willow']"
boolean,medium,Science &amp; Nature,El Ni&ntilde;o pushes warm water to the coasts of the Western Pacific during winter.,True,['False']
multiple,medium,Entertainment: Film,Who is revealed to be the villain at the end of the first live action Scooby Doo movie?,Scrappy Doo,"['Old Man Mason', 'The Local News Team', 'Fred']"
multiple,medium,Art,Which artist&rsquo;s studio was known as &#039;The Factory&#039;?,Andy Warhol,"['Roy Lichtenstein', 'David Hockney', 'Peter Blake']"
multiple,easy,General Knowledge,What is the name of the Jewish New Year?,Rosh Hashanah,"['Elul', 'New Year', 'Succoss']"
multiple,medium,Entertainment: Music,"Which band, with Boy George on lead vocals, won the Brit Awards in 1984?",Culture Club	,"['Eurythmics', 'UB40', 'The Police']"
multiple,hard,Entertainment: Video Games,"In Minecraft, what update did foods like steak become stackable?",Beta 1.8,"['Alpha 1.2.0', 'Release 1.12.1', 'Release 1.7.2']"
multiple,easy,Mythology,"What weakpoint of Achilles was expoited by the Trojan prince, Paris?",Heel,"['Neck', 'Back', 'Calf']"
boolean,medium,General Knowledge,Furby was released in 1998.,True,['False']
multiple,medium,History,"What year did Skoal, a smokeless Tobacco company, release their first line of Pouches, known as &quot;Skoal Bandits&quot;?",1983,"['1934', '1984', '1822']"
multiple,medium,Science: Computers,"The computer OEM manufacturer Clevo, known for its Sager notebook line, is based in which country?",Taiwan,"['United States', 'Germany', 'China (People&#039;s Republic of)']"
multiple,hard,Entertainment: Board Games,"In Magic: The Gathering, which of the following was the first publicly released foil card?",Lightning Dragon,"['Revenant', 'Beast of Burden', 'Dirtcowl Wurm']"
multiple,medium,Entertainment: Video Games,"In the game &quot;Cave Story,&quot; what is the character Balrog&#039;s catchphrase?",Huzzah!,"['Yes!', 'Whoa there!', 'Nyeh heh heh!']"
multiple,hard,Science: Computers,Which of the following is NOT a computer science algorithm?,Float Sort,"['Bubble Sort', 'Merge Sort', 'Quick Sort']"
boolean,easy,Entertainment: Video Games,"In Team Fortress 2, the weapon &quot;Your Eternal Reward&quot; is a reference to the 1992 film Aladdin.",True,['False']
multiple,easy,Entertainment: Film,The 2016 Disney animated film &#039;Moana&#039; is based on which culture?,Polynesian,"['Native American', 'Japanese', 'Nordic']"
multiple,medium,Entertainment: Music,Which rapper had an album that went double platinum with no features?,J. Cole,"['Kendrick Lamar', 'Drake', 'Big Sean']"
multiple,medium,Geography,Which of these Mediterranian islands is under the sovereign rule of France?,Corsica,"['Majorca', 'Sardinia', 'Malta']"
boolean,easy,Entertainment: Video Games,"In Splatoon, the Squid Sisters are named Tako and Yaki.",False,['True']
multiple,easy,Science &amp; Nature,What is the official name of the star located closest to the North Celestial Pole?,Polaris,"['Eridanus', 'Gamma Cephei', 'Iota Cephei']"
multiple,easy,Science &amp; Nature,Which noble gas has the lowest atomic number?,Helium,"['Neon', 'Argon', 'Krypton']"
multiple,medium,Geography,Which islands below have been claimed by both Japan and Russia?,Kuril Islands,"['Paracel Islands', 'Chagos Islands', 'Spratly Islands']"
multiple,hard,Entertainment: Video Games,In the game &quot;Super Hang-On&quot; which is the top speed WITH the use of turbo?,324 km/h,"['320 km/h', '280 km/h', '286 km/h']"
multiple,hard,Entertainment: Video Games,"In Counter Strike: Global Offensive, what is the code implanted onto the C4 as the Terrorists plant the bomb?",7355608,"['7890728', '7256380', '7726354']"
multiple,medium,Entertainment: Video Games,Which of the following is not a real Pok&eacute;mon?,Luminid,"['Dragalge', 'Mandibuzz', 'Araquanid']"
multiple,medium,Entertainment: Comics,What is Homestuck character Gamzee&#039;s last name?,Makara,"['Makera', 'Makare', 'Makrea']"
multiple,medium,Entertainment: Television,"In Breaking Bad, the initials W.W. refer to which of the following?",Walter White,"['William Wolf', 'Willy Wonka', 'Wally Walrus']"
boolean,medium,History,"In 1967, a magazine published a story about extracting hallucinogenic chemicals from bananas to raise moral questions about banning drugs.",True,['False']
boolean,easy,Entertainment: Video Games,"In Terraria, you can craft the Cell Phone pre-hardmode.",True,['False']
multiple,easy,Entertainment: Television,"In the TV show &quot;Cheers&quot;, Sam Malone was a former relief pitcher for which baseball team?",Boston Red Sox,"['New York Mets', 'Baltimore Orioles', 'Milwaukee Brewers']"
multiple,hard,General Knowledge,What year was the RoboSapien toy robot released?,2004,"['2000', '2001', '2006']"
multiple,medium,Entertainment: Video Games,What is the lowest amount of max health you can have in Team Fortress 2?,70,"['100', '50', '95']"
multiple,easy,Sports,What was the final score of the Germany vs. Brazil 2014 FIFA World Cup match?,7 - 1,"['0 - 1', '3 - 4', '16 - 0']"
multiple,medium,Entertainment: Music,In what film was the Michael Jackson song &quot;Will You Be There&quot; featured?,Free Willy,"['Sleepless in Seattle', 'Men in Black', 'Bad Boys']"
multiple,easy,Entertainment: Video Games,What is the Alien Race in the game &quot;Lego Racers 2&quot; known as?,Ramas,"['Slizers', 'Roboriders', 'Turagas']"
multiple,medium,Geography,Which of the following is not a megadiverse country - one that harbors a high number of the earth&#039;s endemic species?,Thailand,"['Peru', 'Mexico', 'South Africa']"
multiple,medium,Entertainment: Video Games,Who was the first female protagonist in a video game?,Samus Aran,"['Lara Croft', 'Alis Landale', 'Chell']"
boolean,medium,Entertainment: Video Games,David Baszucki was a co-founder of ROBLOX Corporation.,True,['False']
boolean,medium,Animals,Sea sponges can have hearts.,False,['True']
multiple,easy,Entertainment: Video Games,What type of Pok&eacute;mon is Charizard?,Fire/Flying,"['Fire', 'Dragon', 'Fire/Dragon']"
multiple,easy,Science: Mathematics,What&#039;s the square root of 49?,7,"['4', '12', '9']"
multiple,medium,History,What is the name given to the series of confrontations between the UK and Iceland over North Atlantic fishing rights?,The Cod Wars,"['The Lobster Wars', 'The Halibut Wars', 'The Mackerel Wars']"
multiple,hard,Entertainment: Books,What is Ron Weasley&#039;s middle name?,Bilius,"['Arthur', 'John', 'Dominic']"
multiple,easy,General Knowledge,The word &quot;dozen&quot; usually refers to a group of how many objects?,12,"['6', '20', '10']"
multiple,medium,Entertainment: Video Games,"In Call of Duty: United Offensive, what two soldiers share a name of a video game character?",Gordon &amp; Freeman,"['Sam &amp; Fisher', 'Nathan &amp; Drake', 'Dig &amp; Dug']"
multiple,medium,Entertainment: Video Games,This weapon in Counter-Strike: Global Offensive does not exist in real life.,M4A4,"['AWP', 'M4A1', 'MP9']"
multiple,hard,Entertainment: Video Games,How many people can you recruit in the game Suikoden in a single playthrough?,107,"['108', '93', '96']"
boolean,easy,Entertainment: Japanese Anime &amp; Manga,"In the &quot;Toaru Kagaku no Railgun&quot; anime,  espers can only reach a maximum of level 6 in their abilities.",False,['True']
multiple,medium,Entertainment: Video Games,One of the Nintendo Entertainment System voice channels supports playback of sound samples. Which one?,DMC,"['Noise', 'Triangle', 'Square']"
multiple,medium,Mythology,"In African mythology, Anansi is a trickster and storyteller who takes the shape of which animal?",Spider,"['Wild dog', 'Monkey', 'Crocodile']"
boolean,medium,Science &amp; Nature,A person can get sunburned on a cloudy day.,True,['False']
boolean,hard,Mythology,Janus was the Roman god of doorways and passageways.,True,['False']
boolean,medium,Entertainment: Video Games,"As of February 2019, the &quot;Donkey Kong Country&quot; series only had released five games (not counting remakes or ports).",True,['False']
multiple,easy,Entertainment: Music,From which country did the song &quot;Gangnam Style&quot; originate from?,South Korea,"['Japan', 'North Korea', 'China']"
multiple,medium,Science: Computers,When was the programming language &quot;C#&quot; released?,2000,"['1998', '1999', '2001']"
boolean,medium,Entertainment: Video Games,"In the Resident Evil series, Leon S. Kennedy is a member of STARS.",False,['True']
multiple,hard,Entertainment: Video Games,The &#039;D&#039; in the term &quot;D-Mail&quot; from the game &quot;Steins; Gate&quot; is short for what?,DeLorean,"['Deep', 'Demo', 'Dev']"
multiple,easy,Entertainment: Video Games,Who are the original creators of Rachet &amp; Clank?,Insomniac Games,"['PixelTail Games', 'Rare', 'Bethesda']"
boolean,easy,Sports,"In Rugby League, performing a &quot;40-20&quot; is punished by a free kick for the opposing team.",False,['True']
multiple,easy,Entertainment: Video Games,Pok&eacute;mon Go is a location-based augmented reality game developed and published by which company?,Niantic,"['Rovio', 'Zynga', 'Supercell']"
multiple,hard,Entertainment: Video Games,&quot;Exile&quot; and &quot;Revelations&quot; were the third and fourth installments of which PC game series?,Myst,"['Shivers', 'Doom', 'Tropico']"
multiple,easy,General Knowledge,What style of beer will typically have a higher than average hop content?,India Pale Ale,"['Stout', 'Extra Special Bitter', 'Scotch Ale']"
multiple,medium,Science &amp; Nature,"In Psychology, which need appears highest in the &quot;Maslow&#039;s hierarchy of needs&quot; pyramid?",Esteem,"['Love', 'Safety', 'Physiological']"
boolean,easy,Entertainment: Video Games,Each piece in Tetris is called a tetris.,False,['True']
multiple,medium,Science: Mathematics,What numbers are in the 5th row of Pascal&#039;s Triangle?,1 4 6 4 1,"['1 3 3 1', '1 5 10 10 5 1', '1 6 15 20 15 6 1']"
multiple,medium,Entertainment: Video Games,"What is the name of Joel&#039;s daughter in the game, &quot;The Last of Us&quot;? ",Sarah,"['Ellie', 'Tess', 'Marlene']"
multiple,hard,Politics,What is the name of Niccol&ograve; Machiavelli&#039;s work that argued effective leaders needed to crush their opponents at all costs?,The Prince,"['The Rape of Lucrece', 'Will to Power', 'Love&#039;s Labours Lost']"
multiple,medium,Entertainment: Comics,"In Calvin and Hobbes, what is the name of the babysitter&#039;s boyfriend?",Charlie,"['Dave', 'Charles', 'Nathaniel']"
multiple,easy,Entertainment: Film,Which animated movie was first to feature a celebrity as a voice actor?,Aladdin,"['Toy Story', 'James and the Giant Peach', 'The Hunchback of Notre Dame']"
boolean,medium,Entertainment: Music,EDM label Monstercat signs tracks instead of artists.,True,['False']
multiple,easy,Entertainment: Video Games,What vehicle in PUBG has the highest top speed?,Motorcycle,"['PG-117', 'Dacia', 'Buggy']"
multiple,medium,Geography,"Gibraltar, located just south of the Iberian peninsula, is a territory of which West Europe country?",United Kingdom,"['Spain', 'Portugal', 'France']"
multiple,medium,Entertainment: Video Games,"In the Halo series, what fleet was Thel &#039;Vadam supreme commander of before being branded an Arbiter?",Fleet of Particular Justice,"['Fleet of Sacred Consecration', 'Fleet of Furious Redemption', 'Fleet of Righteous Vigilance']"
multiple,medium,History,Which of the following battles is often considered as marking the beginning of the fall of the Western Roman Empire?,Battle of Adrianople,"['Battle of Thessalonica', 'Battle of Pollentia', 'Battle of Constantinople']"
multiple,hard,Entertainment: Musicals &amp; Theatres,"In Les Mis&eacute;rables, who is Prison Code 24601?",Jean Valjean,"['Marius Pontmercy', 'Javert', 'Jean Claude Van Damme']"
multiple,hard,Entertainment: Board Games,What Magic: The Gathering card&#039;s flavor text is just &#039;Ribbit.&#039;?,Turn to Frog,"['Spore Frog', 'Bloated Toad', 'Frogmite']"
multiple,easy,Art,Who painted the Mona Lisa?,Leonardo da Vinci ,"['Pablo Picasso', ' Vincent van Gogh', 'Michelangelo']"
boolean,easy,Animals,A caterpillar has more muscles than humans do.,True,['False']
multiple,hard,Science &amp; Nature,Which constellation contains the center of the Milky Way?,Sagittarius,"['Scorpius', 'Ophiuchus', 'Capricornus']"
multiple,easy,Science &amp; Nature,What is the chemical makeup of water?,H20,"['C12H6O2', 'CO2', 'H']"
boolean,easy,Science: Computers,A Mac is not a PC,False,['True']
boolean,medium,Entertainment: Video Games,"In &quot;Call Of Duty: Zombies&quot;, you can upgrade the &quot;Apothicon Servant&quot; in the &quot;Shadows Of Evil&quot; map.",False,['True']
multiple,easy,General Knowledge,Who is the youngest person to receive a Nobel Prize?,Malala Yousafzai,"['Lawrence Bragg', 'Werner Heisenberg', 'Yasser Arafat']"
multiple,hard,Entertainment: Film,"Before &quot;Jurassic Park III&quot; was finalized and the Spinosaurus was chosen, which dinosaur was going to be the star?",Baryonyx,"['Tyrannosaurus Rex', 'Velociraptor', 'Suchomimus']"
multiple,easy,Entertainment: Video Games,The most graphically violent game to precede the creation of the ESRB (Entertainment Software Rating Board) was...,Mortal Kombat,"['Duke Nukem', 'Resident Evil', 'Doom']"
multiple,medium,Entertainment: Music,Which member of the British pop group &quot;The Spice Girls&quot; was known as Ginger Spice?,Geri Halliwell,"['Melanie Brown', 'Emma Bunton', 'Victoria Beckham']"
multiple,easy,Entertainment: Video Games,Which student in Yandere Simulator is known for asking irritating and stupid questions?,Midori Gurin,"['Kokona Hruka', 'Oka Ruto', 'Pipi Osu']"
multiple,easy,Sports,Who won the 2015 Formula 1 World Championship?,Lewis Hamilton,"['Nico Rosberg', 'Sebastian Vettel', 'Jenson Button']"
multiple,easy,Entertainment: Video Games,In what year was the game &quot;Fallout&quot; released?,1997,"['1998', '1999', '1996']"
boolean,easy,Entertainment: Video Games,"In Team Fortress 2, being disguised as a scout or medic results in a speed boost.",False,['True']
multiple,medium,Entertainment: Television,Alan Reed is known for providing the voice of which character?,Fred Flintstone,"['Bugs Bunny', 'Fangface', 'G.I. Joe']"
multiple,hard,Entertainment: Board Games,"In Magic: The Gathering, what was a tribute card to Jamie Wakefield&#039;s late wife Marilyn, who loved horses?",Timbermare,"['Loyal Pegasus', 'Vryn Wingmare', 'Sungrace Pegasus']"
multiple,medium,History,"Which American civilization is the source of the belief that the world would end or drastically change on December 21st, 2012?",The Mayans,"['The Incas', 'The Aztecs', 'The Navajos']"
boolean,easy,Science: Mathematics,The sum of any two odd integers is odd.,False,['True']
multiple,medium,Entertainment: Film,Which retired American football quarterback played himself in &#039;Ace Ventura: Pet Detective&#039; and &#039;Little Nicky&#039;?,Dan Marino,"['John Elway', 'Tom Brady', 'Joe Montana']"
multiple,medium,Mythology,This Greek mythological figure is the god/goddess of battle strategy (among other things).,Athena,"['Ares', 'Artemis', 'Apollo']"
multiple,easy,General Knowledge,"What was the nickname given to the Hughes H-4 Hercules, a heavy transport flying boat which achieved flight in 1947?",Spruce Goose,"['Noah&#039;s Ark', 'Fat Man', 'Trojan Horse']"
boolean,easy,General Knowledge,Adolf Hitler was born in Australia. ,False,['True']
boolean,medium,History,Theodore Roosevelt Jr. was the only General involved in the initial assault on D-Day.,True,['False']
boolean,medium,General Knowledge,The US emergency hotline is 911 because of the September 11th terrorist attacks.,False,['True']
multiple,easy,History,A collection of Sanskrit hymns and verses known as the Vedas are sacred texts in what religion?,Hinduism,"['Judaism', 'Islam', 'Buddhism']"
multiple,medium,Entertainment: Video Games,"In WarioWare: Smooth Moves, which one of these is NOT a Form?",The Hotshot,"['The Discard', 'The Elephant', 'The Mohawk']"
multiple,medium,History,"Which country attacked the USS Liberty on June 8, 1967?",Israel,"['Syria', 'Saudi Arabia', 'Iran']"
multiple,medium,Science &amp; Nature,Which continent do sweet potatoes originally come from?,South America,"['Asia', 'Africa', 'Europe']"
multiple,easy,Geography,What is the name of the peninsula containing Spain and Portugal?,Iberian Peninsula,"['European Peninsula', 'Peloponnesian Peninsula', 'Scandinavian Peninsula']"
boolean,hard,Entertainment: Video Games,The Paradox Interactive game &quot;Stellaris&quot; was released in 2016.,True,['False']
multiple,medium,Science: Mathematics,What shape does sin(x) or cos(x) make on a graph?,Waves,"['A Parabola', 'A Straight Line', 'Zig-Zags']"
multiple,easy,Entertainment: Video Games,Which company is the one responsible for creating the strategy videogame Stellaris?,Paradox Development Studio,"['Overkill Software', 'Tripwire Interactive LLC', 'Ensemble Studios']"
multiple,easy,General Knowledge,When was Pong released?,"November 29, 1972","['March 29, 2017', 'November 29, 1970', 'December 14, 1974']"
multiple,medium,Entertainment: Music,Which of these artists do NOT originate from France?,The Chemical Brothers,"['Air', 'Justice', 'Daft Punk']"
multiple,medium,Entertainment: Music,In which city did American rap producer DJ Khaled originate from?,Miami,"['New York', 'Detroit', 'Atlanta']"
multiple,medium,Science &amp; Nature,"Which color cannot be produced in Roses, even through genetic alteration?",Blue,"['Black', 'Orange', 'Brown']"
boolean,medium,General Knowledge,Albert Einstein had trouble with mathematics when he was in school.,False,['True']
multiple,medium,Entertainment: Film,"In the 2010 Nightmare on Elm Street reboot, who played Freddy Kruger?",Jackie Earle Haley,"['Tyler Mane', 'Derek Mears', 'Gunnar Hansen']"
boolean,easy,General Knowledge,"Romanian belongs to the Romance language family, shared with French, Spanish, Portuguese and Italian. ",True,['False']
boolean,medium,Entertainment: Video Games,"In &quot;Team Fortress 2&quot;, the &quot;Bill&#039;s Hat&quot; is a reference to the game &quot;Dota 2&quot;.",False,['True']
multiple,hard,Science &amp; Nature,Which Landsat Satellite currently has had the longest operational life?,Landsat 5,"['Landsat 8', 'Landsat 7', 'Landsat 6']"
multiple,medium,Sports,Which player has scored the most goals in the England Premier League (EPL)?,Alan Shearer,"['Wayne Rooney', 'Lionel Messi', 'Didier Drogba']"
multiple,medium,Entertainment: Board Games,Who was world chess champion between 1894 and 1921,Emanuel Lasker,"['Jos&eacute; Ra&uacute;l Capablanca', 'Wilhelm Steinitz', 'Bobby Fischer']"
multiple,hard,General Knowledge,When was &quot;YouTube&quot; founded?,"February 14, 2005","['May 22, 2004', 'September 12, 2005', 'July 19, 2009']"
multiple,medium,Entertainment: Video Games,Which of these game franchises were made by Namco?,Tekken,"['Street Fighter', 'Mortal Kombat', 'Dragon Quest']"
multiple,easy,Science: Computers,What kind of memory is used on memory cache?,SRAM,"['DRAM', 'ROM', 'Flash']"
multiple,hard,Sports,The Mazda 787B won the 24 Hours of Le Mans in what year?,1991,"['1990', '2000', '1987']"
multiple,easy,Sports,When was the first official international game played?,1872,"['1880', '1863', '1865']"
boolean,medium,Entertainment: Film,The movie &quot;Tron&quot; received an Oscar nomination for Best Visual Effects.,False,['True']
multiple,medium,Entertainment: Film,What is the correct phrase for the Latin saying &quot;Romanes Eunt Domus&quot; in Monty Python&#039;s Life of Brian?,Romani Ite Domum,"['Romans Go Home', 'Roxani Ite Domum', 'Tomate Ite Domum']"
multiple,easy,Entertainment: Cartoon &amp; Animations,What is the name of the creatures that the protagonists of the webshow RWBY fight against?,Grimm,"['Reavers', 'Heartless', 'Dark Ones']"
multiple,easy,Geography,Which nation claims ownership of Antarctica?,"No one, but there are claims.","['United States of America', 'United Nations', 'Australia']"
multiple,easy,Sports,Which wrestler won the 2019 Men&rsquo;s Royal Rumble?,Seth Rollins,"['Braun Strowman', 'AJ Styles', 'Andrade']"
multiple,medium,Entertainment: Video Games,"In Minecraft, which of these ingredients is needed to brew a Potion of Water Breathing?",Pufferfish,"['Ink sac', 'Pumpkin', 'Fishing rod']"
multiple,medium,Entertainment: Video Games,The protagonist in the game &quot;Cave Story&quot; is named,Quote,"['Kazuma', 'Curly', 'Arthur']"
multiple,hard,Entertainment: Video Games,"In the game Warframe, what Mastery Rank do you need to have to build the Tigris Prime?",13,"['6', '18', '10']"
multiple,easy,General Knowledge,What nuts are used in the production of marzipan?,Almonds,"['Peanuts', 'Walnuts', 'Pistachios']"
multiple,easy,Entertainment: Books,Under what pseudonym did Stephen King publish five novels between 1977 and 1984?,Richard Bachman,"['J. D. Robb', 'Mark Twain', 'Lewis Carroll']"
boolean,medium,Geography,The Sonoran Desert is located in eastern Africa.,False,['True']
multiple,medium,Science: Computers,What does &quot;LCD&quot; stand for?,Liquid Crystal Display,"['Language Control Design', 'Last Common Difference', 'Long Continuous Design']"
multiple,easy,Science: Gadgets,When was the DVD invented?,1995,"['2000', '1990', '1980']"
multiple,medium,Geography,The World Health Organization headquarters is located in which European country?,Switzerland,"['United Kingdom', 'France', 'Belgium']"
multiple,medium,Entertainment: Comics,What is Hellboy&#039;s true name?,Anung Un Rama,"['Right Hand of Doom', 'Ogdru Jahad', 'Azzael']"
multiple,easy,History,In which country was the Statue of Liberty built and exported to the United States of America?,France,"['Germany', 'Spain', 'England']"
multiple,easy,Vehicles,Where are the cars of the brand &quot;Ferrari&quot; manufactured?,Italy,"['Romania', 'Germany', 'Russia']"
multiple,medium,Entertainment: Music,Which of the following music bands is not from Finland?,Sabaton,"['Apocalyptica', 'Waltari', 'Lordi']"
multiple,medium,General Knowledge,What is the name of the very first video uploaded to YouTube?,Me at the zoo,"['tribute', 'carrie rides a truck', 'Her new puppy from great grandpa vern.']"
multiple,medium,History,What was the total length of the Titanic?,882 ft | 268.8 m,"['759 ft | 231.3 m', '1042 ft | 317.6 m', '825 ft | 251.5 m']"
boolean,medium,Politics,George W. Bush lost the popular vote in the 2004 United States presidential election.,False,['True']
multiple,medium,Entertainment: Music,&#039;74&ndash;&#039;75 is a 1993 single from the album Ring by what American band?,The Connells,"['R.E.M.', 'The Ocean Blue', 'The Bangles']"
multiple,easy,Vehicles,Jaguar Cars was previously owned by which car manfacturer?,Ford,"['Chrysler', 'General Motors', 'Fiat']"
multiple,hard,Science: Gadgets,Which of the following is the standard THX subwoofer crossover frequency?,80 Hz,"['70 Hz', '90 Hz', '100 Hz']"
multiple,easy,Entertainment: Japanese Anime &amp; Manga,What is the last name of Edward and Alphonse in the Fullmetal Alchemist series.,Elric,"['Ellis', 'Eliek', 'Elwood']"
multiple,medium,Entertainment: Japanese Anime &amp; Manga,What is the name of the infamous pachinko machine from &quot;Kaiji&quot;?,The Bog,"['The Devil', 'The Undefeated', 'The Dragon']"
multiple,hard,Entertainment: Books,"In The Lies Of Locke Lamora, what does &quot;Lamora&quot; mean in Throne Therin?",Shadow,"['Thievery', 'Justice', 'Chaos']"
multiple,easy,Entertainment: Japanese Anime &amp; Manga,What is Gatomon&#039;s name in the original Japanese version of Digimon Adventure?,Tailmon,"['Pawmon', 'Catmon', 'Nekomon']"
multiple,medium,General Knowledge,Bob and Mike Bryan were well known brothers in which sport?,Tennis,"['Basketball', 'Football', 'Baseball']"
multiple,medium,Vehicles,Which one of the following is not made by Ford?,Camry,"['Fusion', 'Model A', 'F-150']"
multiple,easy,Entertainment: Film,"In Big Hero 6, what fictional city is the Big Hero 6 from?",San Fransokyo,"['San Tokyo', 'Tokysisco', 'Sankyo']"
multiple,medium,Entertainment: Film,Which actor and martial artist starred as Colonel Guile in the 1994 action film adaptation of Street Fighter?,Jean-Claude Van Damme,"['Chuck Norris', 'Steven Seagal', 'Scott Adkins']"
multiple,medium,Entertainment: Film,Which actor plays the role of the main antagonist in the 2011 movie &quot;Tower Heist?&quot;,Alan Alda,"['Eddie Murphy', 'Alec Baldwin', 'Kevin Nealon']"
multiple,hard,History,When was Finland&#039;s 100th year of being independent?,2017,"['2016', '2018', '2015']"
boolean,medium,Geography,You could walk from Norway to North Korea while only passing through Russia.,True,['False']
multiple,medium,Geography,What is the capital of Seychelles?,Victoria,"['Luanda', 'N&#039;Djamena', 'Tripoli']"
multiple,medium,Entertainment: Video Games,What is the name of the first level in &quot;Call of Duty: World at War&quot;?,Semper Fi,"['Ring of Steel', 'Vendetta', 'Eviction']"
multiple,hard,Science &amp; Nature,An organic compound is considered an alcohol if it has what functional group?,Hydroxyl,"['Carbonyl', 'Alkyl', 'Aldehyde']"
multiple,hard,Entertainment: Cartoon &amp; Animations,"Which of the following films was Don Bluth both the writer, director, and producer for?",All Dogs Go To Heaven,"['Titan A.E.', 'Anastasia', 'The Land Before Time']"
multiple,medium,Entertainment: Video Games,"In the &quot;S.T.A.L.K.E.R.&quot; series, which of these items can&#039;t be used to lower the player&#039;s accumulated radiation?",Radioprotectant,"['Anti-rad', 'Medkit', 'Vodka']"
multiple,medium,Geography,Which of these countries is not written in its native language?,Slova&scaron;ko,"['Suomi', 'Schweiz', 'Ell&aacute;da']"
multiple,medium,History,Where and when was the first cardboard box made for industrial use?,"England, 1817","['United States, 1817', 'England, 1917', 'United States, 1917']"
multiple,medium,Entertainment: Television,What is the name of the race horse that Tony Soprano becomes attached to?,Pie-O-My,"['Man o&#039; war', 'Bada Bing', 'Honest Earnings']"
multiple,medium,Celebrities,"In 2014, this new top 100 rapper who featured in &quot;Computers&quot; and &quot;Body Dance&quot; was arrested in a NYPD sting for murder.",Bobby Shmurda,"['DJ Snake', 'Swae Lee', 'Young Thug']"
multiple,hard,Entertainment: Cartoon &amp; Animations,"In the 1969 Cartoon show &quot;Dastardly and Muttley in Their Flying Machines&quot;, which were NOT one of the lyrics in the opening theme?",Stab him,"['Nab him', 'Jab him', 'Tab him']"
multiple,medium,Geography,How many independent countries are there within the continent of South America?,12,"['8', '9', '10']"
multiple,easy,Science: Computers,What does the term USB stand for?,Universal Serial Bus,"['Universal Simtex Blot', 'Unified Signal Bus', 'Unityped Semtex Backer']"
multiple,medium,Entertainment: Video Games,In which country&#039;s version of Half-Life are the HECU Marines replaced with robots?,Germany,"['Japan', 'China', 'France']"
multiple,hard,Entertainment: Music,Chino Moreno is the lead singer of which alternative metal band?,Deftones,"['Tool', 'Korn', 'Type O Negative']"
multiple,easy,Science &amp; Nature,Which of the following blood vessels carries deoxygenated blood?,Pulmonary Artery,"['Pulmonary Vein', 'Aorta', 'Coronary Artery']"
multiple,easy,Entertainment: Video Games,When was &quot;Luigi&#039;s Mansion 3&quot; released?,"October 31st, 2019","['January 13th, 2019', 'September 6th, 2018', 'October 1st, 2019']"
multiple,medium,Entertainment: Japanese Anime &amp; Manga,What year did the popular Vocaloid: Hatsune Miku come out?,2007,"['2000', '2008', '2010']"
multiple,medium,Entertainment: Video Games,The rights to the &quot;Rayman&quot; series are owned by which company?,Ubisoft,"['Nintendo', 'EA', 'Sony']"
multiple,easy,Entertainment: Music,"What was the name of singer Frank Ocean&#039;s second studio album, which was released on August 20, 2016?",Blonde,"['Brunette', 'Black', 'Burgundy']"
multiple,easy,Entertainment: Cartoon &amp; Animations,Which of these is NOT a Disney cartoon character?,Daffy Duck,"['Donald Duck', 'Daisy Duck', 'Scrooge McDuck']"
multiple,hard,Geography,"What national museum will you find in Cooperstown, New York?",National Baseball Hall of Fame,"['Metropolitan Museum of Art', 'National Toy Hall of Fame', 'Museum of Modern Art']"
boolean,easy,Entertainment: Musicals &amp; Theatres,IMAX stands for Image Maximum.,True,['False']
multiple,easy,Entertainment: Music,Which genre of music is John Coltrane primarily associated with?,Jazz,"['Rock and Roll', 'Death Metal', 'Folk']"
multiple,hard,Entertainment: Video Games,"In the game Enter the Gungeon, which one of these is not a playable character?",The Wizard,"['The Bullet', 'The Robot', 'The Cultist']"
multiple,easy,Entertainment: Film,What is the oldest Disney film?,Snow White and the Seven Dwarfs,"['Pinocchio', 'Dumbo', 'Fantasia']"
boolean,easy,History,The United States was a member of the League of Nations.,False,['True']
multiple,hard,History,Which English king was married to Eleanor of Aquitaine?,Henry II,"['Richard I', 'Henry I', 'Henry V']"
multiple,hard,History,What was the name of the German offensive operation in October 1941 to take Moscow before winter?,Operation Typhoon,"['Operation Sunflower', 'Operation Barbarossa', 'Case Blue']"
multiple,medium,Entertainment: Video Games,"In World of Warcraft lore, who was first to have the title &quot;The Ashbringer&quot;?",Alexandros Mograine,"['Tirion Fordring', 'Arthas Menethil', 'Uther the Lightbringer']"
multiple,easy,Sports,What was the year of estabilishment of the Bari Italian Football Club?,1908,"['1945', '2014', '1895']"
multiple,medium,Entertainment: Music,Which artist curated the official soundtrack for &quot;The Hunger Games: Mockingjay - Part 1&quot;?,Lorde,"['Kanye West', 'Tove Lo', 'Charli XCX']"
multiple,easy,History,The idea of Socialism was articulated and advanced by whom?,Karl Marx,"['Vladimir Lenin', 'Joseph Stalin', 'Vladimir Putin']"
multiple,hard,Entertainment: Video Games,Which of the following games in the The Legend of Zelda franchise was released in Japan before North America?,The Legend of Zelda: The Minish Cap,"['The Legend of Zelda: Twilight Princess', 'The Legend of Zelda: Spirit Tracks', 'The Legend of Zelda: Four Swords']"
multiple,medium,Entertainment: Video Games,The city of Rockport is featured in which of the following video games?,Need for Speed: Most Wanted (2005),"['Infamous 2', 'Saints Row: The Third', 'Burnout Revenge']"
multiple,easy,Art,What is another name for La Gioconda / La Joconde?,The Mona Lisa,"['The Girl with a Pearl Earring', 'The Starry Night', 'Sunflowers']"
multiple,easy,Science: Computers,What is the code name for the mobile operating system Android 7.0?,Nougat,"['Ice Cream Sandwich', 'Jelly Bean', 'Marshmallow']"
boolean,easy,Entertainment: Video Games,Rebecca Chambers does not appear in any Resident Evil except for the original Resident Evil and the Gamecube remake.,False,['True']
multiple,medium,History,"What was the name of one of the surviving palaces of Henry VIII located near Richmond, London?",Hampton Court,"['St James&#039;s Palace', 'Buckingham Palace', 'Coughton Court']"
boolean,medium,Science: Computers,"To bypass US Munitions Export Laws, the creator of the PGP published all the source code in book form. ",True,['False']
boolean,medium,Animals,"The Ceratosaurus, a dinosaur known for having a horn on the top of its nose, is also known to be a decendent of the Tyrannosaurus Rex.",False,['True']
multiple,medium,Entertainment: Books,By what name was the author Eric Blair better known?,George Orwell,"['Aldous Huxley', 'Ernest Hemingway', 'Ray Bradbury']"
boolean,medium,Science: Gadgets,The Western Electric Model 500 telephone uses tone dialing to dial phone numbers.,False,['True']
boolean,easy,Geography,The Republic of Malta is the smallest microstate worldwide.,False,['True']
multiple,easy,Entertainment: Video Games,"The games Cry of Fear, Natural Selection and Counter-Strike were originally mods for what video game?",Half-Life,"['Warcraft III', 'Arma 2', 'Doom']"
multiple,easy,Science: Mathematics,Which two men are credited with independently discovering differential calculus? ,Newton and Leibnitz,"['Plato and Aristotle', 'Asiimov and Rutherford', 'Dvorak and Smith']"
multiple,hard,Geography,Which country is completely landlocked by South Africa?,Lesotho,"['Swaziland', 'Botswana', 'Zimbabwe']"
multiple,medium,General Knowledge,What do the Dutch call their language?,Nederlands,"['Dansk', 'Deutsch', 'Hollander']"
multiple,hard,Art,Which art movement was Pablo Picasso known for co-founding?,Cubism,"['Futurism', 'Expressionism', 'Impressionism']"
multiple,easy,Entertainment: Film,In the movie &quot;Cast Away&quot; the main protagonist&#039;s best friend while on the island is named,Wilson,"['Carson', 'Jackson', 'Willy']"
boolean,hard,Entertainment: Video Games,"In the game &quot;Melty Blood Actress Again Current Code&quot;, you can enter Blood Heat mode in Half Moon style.",False,['True']
multiple,hard,General Knowledge,"Before the 19th Century, the &quot;Living Room&quot; was originally called the...",Parlor,"['Open Room', 'Sitting Room', 'Loft']"
multiple,easy,Entertainment: Music,Which music publication is often abbreviated to NME?,New Musical Express,"['New Metro Entertainment', 'Next Musical Enterprise', 'North Manchester Express']"
multiple,medium,Entertainment: Music,Who is the frontman of Muse?,Matt Bellamy,"['Dominic Howard', 'Thom Yorke', 'Jonny Greenwood']"
multiple,easy,Science &amp; Nature,"What is the thin, outermost layer of the Earth?",Crust,"['Exosphere', 'Mantle', 'Outer Core']"
multiple,easy,Entertainment: Television,"In the show &quot;Dragonball Z&quot;, what is the name of Cell&#039;s most powerful attack?",Solar Kamehameha,"['Super Kamehameha', 'Cell Kamehameha', 'Android Kamehameha']"
boolean,easy,History,The French Kingdom helped the United States gain their independence over Great Britain during the Revolutionary War.,True,['False']
multiple,medium,History,All of the following are names of the Seven Warring States EXCEPT:,Zhai (翟),"['Zhao (趙)', 'Qin (秦)', 'Qi (齊)']"
multiple,hard,Entertainment: Film,What was Humphrey Bogart&#039;s middle name?,DeForest,"['DeWinter', 'Steven', 'Bryce']"
multiple,hard,Geography,Which of the following Inuit languages was the FIRST to use a unique writing system not based on the Latin alphabet?,Inuktitut,"['Inuinnaqtun', 'Greenlandic', 'Inupiat']"
multiple,medium,Entertainment: Music,The song &quot;Twin Size Mattress&quot; was written by which band?,The Front Bottoms,"['Twenty One Pilots', 'The Wonder Years', 'The Smith Street Band']"
multiple,medium,Politics,What are the first names of the first father and son pair that were both Prime Ministers of Canada?,Justin and Pierre,"['John and Louis', 'Brian and Justin', 'Brian and Pierre']"
boolean,hard,Science &amp; Nature,Albert Einstein won a noble prize for his theory of relativity.,False,['True']
multiple,easy,Science &amp; Nature,What lies at the center of our galaxy?,A black hole,"['A wormhole', 'A supernova', 'A quasar']"
multiple,medium,Entertainment: Books,Which poet wrote &quot;The Ballad of Reading Gaol&quot; whilst imprisoned for being gay?,Oscar Wilde,"['Lord Byron', 'William Blake', 'Wilfred Owen']"
multiple,easy,Science: Mathematics,How many square faces does a cube have?,6,"['4', '8', '10']"
multiple,easy,Entertainment: Music,What was the subject of the 2014 song &quot;CoCo&quot; by American rapper O. T. Genasis?,Cocaine,"['Conan O&#039;Brien', 'Cobalt(II) carbonate', 'Coconut cream pie']"
multiple,easy,Entertainment: Video Games,Who in this list is one of the co-founders of Valve?,Gabe Newell,"['Robin Walker', 'Marc Laidlaw', 'Ray Ueno']"
multiple,medium,Entertainment: Music,"In The Bangles&#039; &#039;Manic Monday&#039;, what time is it already?",Six o&#039;clock,"['Five o&#039;clock', 'Four o&#039;clock', 'Seven o&#039;clock']"
multiple,medium,General Knowledge,Which of these words means &quot;idle spectator&quot;?,Gongoozler,"['Gossypiboma', 'Jentacular', 'Meupareunia']"
multiple,medium,Entertainment: Video Games,Which game was the first time Mario was voiced by Charles Martinet?,Mario&#039;s Game Gallery,"['Super Mario 64', 'Mario Tennis', 'Dr. Mario 64']"
multiple,easy,Sports,In what sport is a &quot;shuttlecock&quot; used?,Badminton,"['Table Tennis', 'Rugby', 'Cricket']"
multiple,easy,Entertainment: Video Games,How many times do you fight Gilgamesh in &quot;Final Fantasy 5&quot;?,6,"['4', '5', '3']"
multiple,easy,Entertainment: Music,"What is the stage name of English female rapper Mathangi Arulpragasam, who is known for the song &quot;Paper Planes&quot;?",M.I.A.,"['K.I.A.', 'C.I.A.', 'A.I.A.']"
multiple,easy,Art,Who painted The Starry Night?,Vincent van Gogh,"['Pablo Picasso', 'Leonardo da Vinci', 'Michelangelo']"
multiple,medium,Sports,"In Formula 1, the Virtual Safety Car was introduced following the fatal crash of which driver?",Jules Bianchi,"['Ayrton Senna', 'Ronald Ratzenberger', 'Gilles Villeneuve']"
multiple,hard,Geography,Which country was NOT formerly part of Yugoslavia?,Albania,"['Croatia', 'Serbia', 'Macedonia']"
multiple,hard,History,The son of which pope supposedly held a lecherous f&ecirc;te involving 50 courtesans in the papal palace?,Alexander VI,"['Innocent V', 'Urban II', 'Pius III']"
multiple,hard,General Knowledge,Disney&#039;s Haunted Mansion is home to a trio of Hitchhiking Ghosts. Which of these is NOT one of them?,Harry,"['Gus', 'Phineas', 'Ezra']"
boolean,hard,Entertainment: Music,The singer Billie Holiday was also known as &quot;Lady Day&quot;.,True,['False']
multiple,medium,Geography,The Japanese district Akihabara is also known by what nickname?,Electric Town,"['Moon Walk River', 'Otaku Central ', 'Big Eyes']"
multiple,medium,Entertainment: Cartoon &amp; Animations,"Before becoming the Autobot leader, Optimus Prime was known by what name on Cybertron?",Orion Pax,"['Long Haul', 'P-138', 'Teletran-1']"
multiple,easy,History,"Which famous military commander marched an army, which included war elephants, over the Alps during the Second Punic War?",Hannibal,"['Garmanicus', 'Alexander the Great', 'Tiberius']"
multiple,easy,Entertainment: Music,Brian May was the guitarist for which band?,Queen,"['Pink Floyd', 'Rolling Stones', 'The Doors']"
multiple,hard,Science &amp; Nature,Muscle fiber is constructed of bundles small long organelles called what?,Myofibrils,"['Epimysium', 'Myofiaments', 'Myocardium']"
multiple,easy,General Knowledge,Which of the following is not the host of a program on NPR?,Ben Shapiro,"['Terry Gross', 'Ira Glass', 'Peter Sagal']"
multiple,medium,Entertainment: Video Games,"In the 2000 video game &quot;Crimson Skies,&quot; what was the name of the protagonists&#039; zeppelin?",Pandora,"['Helios', 'Icarus', 'Orion']"
boolean,easy,Science: Mathematics,An isosceles triangle has two sides of equal length as opposed to three.,True,['False']
multiple,hard,Entertainment: Comics,"In 1978, Superman teamed up with what celebrity, to defeat an alien invasion?",Muhammad Ali,"['Mike Tyson', 'Sylvester Stallone', 'Arnold Schwarzenegger']"
multiple,easy,Entertainment: Video Games,"In the PAYDAY series, who betrayed the PAYDAY gang that got Hoxton arrested?",Hector,"['Vlad', 'The Dentist', 'The Elephant']"
multiple,easy,Entertainment: Japanese Anime &amp; Manga,"In the anime &quot;My Hero Academia&quot;, which character is shown with the ability to manipulate gravity?",Uraraka,"['Bakugo', 'Deku', 'Asui ']"
multiple,hard,Geography,What year is on the flag of the US state Wisconsin?,1848,"['1634', '1783', '1901']"
multiple,medium,Animals,Which of these species is not extinct?,Komodo dragon,"['Japanese sea lion', 'Tasmanian tiger', 'Saudi gazelle']"
boolean,medium,Vehicles,Bugatti was an Italian car manufacturer.,False,['True']
multiple,hard,Entertainment: Video Games,Which game in the &quot;Monster Hunter&quot; series introduced the monster &quot;Gobul&quot;?,Monster Hunter Tri,"['Monster Hunter Freedom Unite', 'Monster Hunter Frontier', 'Monster Hunter Generations']"
multiple,medium,Entertainment: Video Games,"What is the name of the common, gun-toting enemies of the &quot;Oddworld&quot; video game series?",Sligs,"['Scrabs', 'Slogs', 'Glukkons']"
multiple,hard,Science &amp; Nature,What is the scientific name of the knee cap?,Patella,"['Femur', 'Foramen Magnum', 'Scapula']"
multiple,medium,History,Who was the only US President to be elected four times?,Franklin Roosevelt,"['Theodore Roosevelt', 'George Washington', 'Abraham Lincoln']"
multiple,easy,General Knowledge,What is the shortest month of the year?,February,"['December', 'April', 'September']"
multiple,medium,Entertainment: Video Games,"In &quot;Call of Duty: Zombies&quot;, what group does Doctor Maxis work for?",Group 935,"['Group Reanimate', 'Group Rezurrection', 'Division 9']"
boolean,easy,Entertainment: Music,To become a &quot;one-hit wonder&quot; artist needs to release only one song per year.,False,['True']
boolean,easy,Science: Computers,"In most programming languages, the operator ++ is equivalent to the statement &quot;+= 1&quot;.",True,['False']
multiple,medium,Entertainment: Comics,What is the real full name of Captain America?,Steven Grant Rogers ,"['Steven John Rogers', 'Steven Peggy Rogers', 'Steven William Rogers']"
multiple,hard,General Knowledge,What is the romanized Chinese word for &quot;airplane&quot;?,Feiji,"['Qiche', 'Zongxian', 'Huojian']"
multiple,easy,Art,"Who painted &quot;Swans Reflecting Elephants&quot;, &quot;Sleep&quot;, and &quot;The Persistence of Memory&quot;?",Salvador Dali,"['Jackson Pollock', 'Vincent van Gogh', 'Edgar Degas']"
multiple,easy,History,How many manned moon landings have there been?,6,"['1', '3', '7']"
multiple,hard,Science: Computers,What vulnerability ranked #1 on the OWASP Top 10 in 2013?,Injection ,"['Broken Authentication', 'Cross-Site Scripting', 'Insecure Direct Object References']"
multiple,hard,General Knowledge,"Originally another word for poppy, coquelicot is a shade of what?",Red,"['Green', 'Blue', 'Pink']"
multiple,easy,History,What war did George Orwell famously volunteer for and nearly died in?,Spanish Civil War,"['World War I', 'World War II', 'Russian Civil War']"
multiple,easy,Politics,Which of the following Pacific Islander countries is ruled by a constitutional monarchy?,Tonga,"['Palau', 'Fiji', 'Kiribati']"
boolean,easy,Science: Computers,The Python programming language gets its name from the British comedy group &quot;Monty Python.&quot;,True,['False']
multiple,hard,Geography,The Maluku islands (informally known as the Spice Islands) belong to which country?,Indonesia,"['Chile', 'New Zealand', 'Fiji']"
multiple,medium,General Knowledge,What is the currency of Poland?,Złoty,"['Ruble', 'Euro', 'Krone']"
boolean,hard,Entertainment: Video Games,"In &quot;Minecraft&quot;, gold tools are faster than diamond tools.",True,['False']
multiple,medium,Entertainment: Music,What was Raekwon the Chefs debut solo album?,Only Built 4 Cuban Linx,"['Shaolin vs Wu-Tang', 'The Wild', 'The Lex Diamond Story']"
multiple,hard,General Knowledge,The word &quot;abulia&quot; means which of the following?,The inability to make decisions,"['The inability to stand up', 'The inability to concentrate on anything', 'A feverish desire to rip one&#039;s clothes off']"
multiple,medium,Entertainment: Film,Which actor plays the character &quot;Tommy Jarvis&quot; in &quot;Friday the 13th: The Final Chapter&quot; (1984)?,Corey Feldman,"['Macaulay Culkin', 'Mel Gibson', 'Mark Hamill']"
multiple,easy,General Knowledge,What is the famous Papa John&#039;s last name?,Schnatter,"['Chowder', 'Williams', 'ANDERSON']"
multiple,hard,Entertainment: Video Games,"In Terraria, which debuff does the ankh charm not provide immunity to?",Venom,"['Cursed', 'Bleeding', 'Slow']"
boolean,medium,Entertainment: Television,"In AMC&#039;s &quot;The Walking Dead,&quot; the characters Rick, Carl, Daryl, Morgan, Carol and Maggie were introduced in Season 1.",False,['True']
multiple,hard,Geography,Which of these is NOT a province in China?,Yangtze,"['Fujian', 'Sichuan', 'Guangdong']"
multiple,easy,Science: Computers,How many values can a single byte represent?,256,"['8', '1', '1024']"
multiple,hard,Entertainment: Video Games,In what year was the game &quot;Eliminator&quot; released?,1998,"['2000', '1999', '2001']"
boolean,easy,Entertainment: Musicals &amp; Theatres,&quot;The Crucible&quot; was written by William Shakespeare.,False,['True']
multiple,easy,Entertainment: Television,In AMC&#039;s TV Series &quot;The Walking Dead&quot; what are &quot;Zombies&quot; referred to as?,Walkers,"['Creepers', 'Maggots', 'Hell Pigs']"
multiple,medium,Sports,Which of the following Grand Slam tennis tournaments occurs LAST?,US Open,"['French Open', 'Wimbledon', 'Australian Open']"
multiple,easy,Science &amp; Nature,How many moons does the Earth have?,1,"['0', '2', '3']"
multiple,easy,Entertainment: Musicals &amp; Theatres,Who wrote the award winning musical &quot;In The Heights&quot;?,Lin-Manuel Miranda,"['Steven Sondheim', 'Francis Scott Key', 'John Phillips Sousa']"
multiple,easy,General Knowledge,The &ldquo;fairy&rdquo; type made it&rsquo;s debut in which generation of the Pokemon core series games?,6th,"['2nd', '7th', '4th']"
multiple,medium,General Knowledge,Who is the founder of &quot;The Lego Group&quot;?,Ole Kirk Christiansen,"[' Jens Niels Christiansen', 'Kirstine Christiansen', ' Gerhardt Kirk Christiansen']"
multiple,hard,Celebrities,Gabe Newell was born in which year?,1962 ,"['1970', '1960', '1972']"
boolean,medium,Geography,Seoul is the capital of North Korea.,False,['True']
multiple,medium,Entertainment: Video Games,Who composed the soundtrack for the game VVVVVV?,Magnus P&aring;lsson,"['Terry Cavanagh', 'Danny Baranowsky', 'Joel Zimmerman']"
multiple,medium,Entertainment: Cartoon &amp; Animations,Which &quot;Toy Story&quot; character was voiced by Don Rickles?,Mr. Potato Head,"['Slinky Dog', 'Hamm', 'Rex']"
boolean,easy,History,Adolf Hitler was a german soldier in World War I.,True,['False']
multiple,easy,Entertainment: Video Games,Who is the main character in &quot;The Stanley Parable&quot;?,Stanley,"['The Adventure Line', 'The Narrator', 'The Boss']"
multiple,easy,Entertainment: Video Games,Gordon Freeman is said to have burnt and destroyed what food in the break room microwave?,Casserole,"['Sub Sandwich', 'Chicken Soup', 'Pepperoni Pizza']"
multiple,hard,Entertainment: Video Games,What vault in the video game &quot;Fallout 3&quot; is the home of multiple clones named Gary?,Vault 108,"['Vault 101', 'Vault 87', 'Vault 21']"
multiple,easy,Science &amp; Nature,What is the hottest planet in the Solar System?,Venus,"['Mars', 'Mercury', 'Jupiter']"
multiple,easy,History,Who led the Communist Revolution of Russia?,Vladimir Lenin,"['Joseph Stalin', 'Vladimir Putin', 'Mikhail Gorbachev']"
multiple,medium,Entertainment: Music,Which song made by MAN WITH A MISSION was used as the opening for the anime &quot;Log Horizon&quot;?,&quot;Database&quot;,"['&quot;Dead End in Tokyo&quot;', '&quot;Raise Your Flag&quot;', '&quot;Out of Control&quot;']"
multiple,hard,Entertainment: Books,Which of these does Charlie NOT read in The Perks of Being a Wallflower?,The Grapes of Wrath,"['Hamlet', 'The Great Gatsby', 'Peter Pan']"
multiple,easy,Entertainment: Video Games,"In the Street Fighter franchise, what&#039;s Ken&#039;s surname?",Masters,"['Mitchell', 'Michaels', 'Morrison']"
multiple,hard,Sports,How many times did Martina Navratilova win the Wimbledon Singles Championship?,Nine,"['Ten', 'Seven', 'Eight']"
multiple,hard,Entertainment: Video Games,"In Diablo lore, this lesser evil spawned from one of the seven heads of Tathamet, and was known as the Maiden of Anguish.",Andariel,"['Valla', 'Malthael', 'Kashya']"
multiple,medium,Entertainment: Music,What was the title of Sakamoto Kyu&#039;s song &quot;Ue o Muite Arukou&quot; (I Look Up As I Walk) changed to in the United States?,Sukiyaki,"['Takoyaki', 'Sushi', 'Oden']"
multiple,easy,Entertainment: Music,Who is the lead singer of Green Day?,Billie Joe Armstrong,"['Mike Dirnt', 'Sean Hughes', 'Tr&eacute; Cool']"
multiple,easy,Entertainment: Television,Which of these Disney shows is classified as an anime?,Stitch!,"['Cory in the House', 'The Emperor&#039;s New School', 'Hannah Montana']"
boolean,easy,Animals,Kangaroos keep food in their pouches next to their children.,False,['True']
multiple,medium,Entertainment: Television,"The fictional movie &#039;Rochelle, Rochelle&#039; features in which sitcom?",Seinfeld,"['Frasier', 'Cheers', 'Friends']"
multiple,easy,General Knowledge,The Canadian $1 coin is colloquially known as a what?,Loonie,"['Boolie', 'Foolie', 'Moodie']"
multiple,hard,History,Which of the following physicists did NOT work on the Manhattan project?,Murray Gell-Mann,"['Richard Feynman', 'J. Robert Oppenheimer', 'John Von-Neumann']"
multiple,medium,Entertainment: Video Games,"In &quot;Call of Duty: Black Ops III&quot; Zombies, what does completing all the main easter eggs reward you with?","1,000,000 XP","['Juggernog at the start of each game', '50 Liquid Diviniums', 'All three options.']"
multiple,medium,Entertainment: Video Games,Which was the first &quot;Call Of Duty: Zombies&quot; map to introduce the &quot;Wunderwaffe DG-2&quot;?,Shi No Numa,"['Tranzit', 'Kino Der Toten', 'Der Riese']"
multiple,medium,General Knowledge,Macintosh has named six of its operating systems after big cats. What big cat did Macintosh name their 2007 release after? ,Leopard,"['Tiger', 'Panther', 'Puma']"
multiple,hard,Geography,The Svalbard Archipelago is a dependency of which country?,Norway,"['Denmark', 'Iceland', 'Russia']"
multiple,hard,History,Which of the following Physicists aided Nazi Germany in their production of a nuclear weapon?,Werner Heisenberg,"['John von Neumann', 'Albert Einstein', 'Max Planck']"
multiple,easy,Entertainment: Music,"The band Muse released their first album, Showbiz, in what year?",1999,"['1998', '2000', '2001']"
multiple,hard,Art,What nationality was the famous artist Van Gogh?,Dutch,"['French', 'Russian', 'Polish']"
multiple,medium,Sports,Which of these jersey numbers has Shaquille O&#039;Neal never worn?,35,"['36', '33', '32']"
multiple,easy,Celebrities,What was the cause of Marilyn Monroes suicide?,Drug Overdose,"['Knife Attack', 'House Fire', 'Gunshot']"
multiple,easy,General Knowledge,"What country has had prime ministers named Eden, Major, Peel, Law, Brown and Heath?",United Kingdom,"['Australia', 'New Zealand', 'Canada']"
multiple,medium,Entertainment: Film,Which animated film did Steven Lisberger direct in 1980 before going on to direct Tron?,Animalympics,"['The Fox and the Hound', 'The Black Cauldron', 'The Great Mouse Detecive']"
multiple,hard,Entertainment: Television,Which race enjoys a glass of warm baghol in &quot;Star Trek&quot;?,Klingon,"['Vulcan', 'Human', 'Botha']"
multiple,hard,Entertainment: Books,Which author co-wrote &quot;The Communist Manifesto&quot; alongside Karl Marx?,Friedrich Engels,"['Robert Owen', 'Alexander Kerensky', 'Paul Lafargue']"
multiple,easy,Entertainment: Video Games,Which of the following games has the largest map size?,Just Cause 2,"['Grand Theft Auto 5', 'The Elder Scrolls 4:  Oblivion', 'The Witcher 3:  Wild Hunt']"
multiple,medium,Entertainment: Film,Who plays the Nemesis in the Resident Evil movies?,Matthew Taylor,"['Jason Dip', 'Eric Mabius', 'Jimmy Matts']"
multiple,medium,Celebrities,"What is the real name of &quot;moot&quot;, founder of the imageboard 4chan?",Christopher Poole,"['Mark Zuckerberg', 'Allison Harvard', 'Catie Wayne']"
multiple,easy,Entertainment: Video Games,M.U.G.E.N. is the name for what type of Game Engine?,Fighting Game,"['Platforming Game', 'Shooter Game', 'Puzzle Game']"
multiple,medium,Entertainment: Cartoon &amp; Animations,What is Scooby-Doo&#039;s real name?,Scoobert,"['Scooter', 'Scrappy', 'Shooby']"
boolean,medium,General Knowledge,The pickled gherkin was first added to hamburgers because a US health law required all fast-food to include a source of Vitamin C.,False,['True']
multiple,easy,Entertainment: Video Games,Which Nintendo 64 game did NOT have Luigi in it?,Super Mario 64,"['Mario Party 2', 'Paper Mario', 'Super Smash Bros.']"
multiple,medium,Science: Computers,Which coding language was the #1 programming language in terms of usage on GitHub in 2015?,JavaScript,"['C#', 'Python', 'PHP']"
multiple,easy,History,In what year did the nuclear power plant in Chernobyl melt down?,1986,"['1991', '1975', '1998']"
multiple,easy,History,Which one of these tanks was designed and operated by the United Kingdom?,Tog II,"['M4 Sherman', 'Tiger H1', 'T-34']"
multiple,medium,Entertainment: Music,Which one of these people has been in the band &#039;&#039;Metallica&#039;&#039; in the past?,Dave Mustaine,"['Kurt Cobain', 'Joey Belladonna', 'Dave Lombardo']"
multiple,medium,Entertainment: Musicals &amp; Theatres,When was the play &quot;Macbeth&quot; written?,1606,"['1605', '1723', '1628']"
multiple,easy,Science: Computers,"The Electron computer was released in Britain during 1983 for the home computing market, by which company? ",Acorn Computers,"['Sinclair Research', 'Amstrad PLC', 'Commodore Business Machines']"
multiple,easy,General Knowledge,What is &quot;dabbing&quot;?,A dance,"['A medical procedure', 'A sport', 'A language']"
boolean,easy,Science: Computers,The programming language &quot;Python&quot; is based off a modified version of &quot;JavaScript&quot;.,False,['True']
multiple,medium,Entertainment: Music,"In music theory, how many notes are in a seventh chord?",4,"['3', '7', '2']"
boolean,medium,Sports,Tennis was once known as Racquetball.,False,['True']
boolean,medium,General Knowledge,&quot;Santa Claus&quot; is a variety of melon.,True,['False']
multiple,easy,Entertainment: Japanese Anime &amp; Manga,In the anime Seven Deadly Sins what is the name of one of the sins?,Diane,"['Sakura', 'Ayano', 'Sheska']"
multiple,medium,Entertainment: Film,Peter Jackson&#039;s film series &quot;The Lord of the Rings&quot; was shot entirely in which country?,New Zealand,"['Scotland', 'Canada', 'Iceland']"
multiple,easy,Geography,What is the Capital of the United States?,"Washington, D.C.","['Los Angelas, CA', 'New York City, NY', 'Houston, TX']"
multiple,medium,Entertainment: Video Games,"In the video game series &quot;Disgaea&quot;, what word does the character Prinny have to include in all sentences they speak?",&quot;Dood&quot;,"['&quot;Master&quot;', '&quot;Plip&quot;', '&quot;Boom&quot;']"
multiple,medium,Geography,Which of the following language families is the most controversial amongst modern linguists?,Altaic,"['Sino-Tibetan', 'Dravidian', 'Indo-European']"
boolean,medium,Science: Computers,The HTML5 standard was published in 2014.,True,['False']
multiple,medium,Entertainment: Video Games,Who is the main antagonist of Silent Hill 4?,Walter Sullivan,"['Alessa Gillespie', 'Pyramid Head', 'Claudia Wolf']"
multiple,medium,Science: Gadgets,"What is the most significant side venture the popular firearms company, Remington, has pursued?",Typewriters,"['Blenders', 'Ceiling Fans', 'Door Knobs']"
multiple,medium,Entertainment: Video Games,When was Nintendo&#039;s Virtual Boy released?,1995,"['1989', '1997', '1992']"
multiple,hard,Entertainment: Japanese Anime &amp; Manga,"In the anime, &quot;Hunter X Hunter&quot;, what is the main protagonist&#039;s name?",Gon,"['Gin', 'Gan', 'Gen']"
multiple,easy,Geography,What is the capital of Romania?,Bucharest,"['Bratislava', 'Belgrade', 'Budapest']"
multiple,easy,Entertainment: Video Games,What were the first two blocks in &quot;Minecraft&quot;?,Grass and Cobblestone,"['Grass and Stone', 'Crafting Table and Cobblestone', 'Cobblestone and Stone']"
multiple,easy,Geography,The country of Belize borders which country?,Guatemala,"['Laos', 'Per&uacute;', 'Kenya']"
multiple,easy,History,"During WWII, in 1945, the United States dropped atomic bombs on the two Japanese cities of Hiroshima and what other city?",Nagasaki,"['Kawasaki', 'Tokyo', 'Kagoshima']"
multiple,easy,Entertainment: Video Games,What is the maximum HP in Terraria?,500,"['400', '1000', '100']"
multiple,medium,History,What number does the Roman numeral &quot;D&quot; stand for?,500,"['100', '1000', '50']"
boolean,easy,Science: Gadgets,The communication protocol NFC stands for Near-Field Control.,False,['True']
multiple,easy,Sports,"In baseball, how many fouls are an out?",0,"['5', '3', '2']"
boolean,easy,General Knowledge,Dihydrogen Monoxide was banned due to health risks after being discovered in 1983 inside swimming pools and drinking water.,False,['True']
multiple,medium,General Knowledge,Whose greyscale face is on the kappa emoticon on Twitch?,Josh DeSeno,"['Justin DeSeno', 'John DeSeno', 'Jimmy DeSeno']"
multiple,medium,Science &amp; Nature,What mineral has the lowest number on the Mohs scale?,Talc,"['Quartz', 'Diamond', 'Gypsum']"
multiple,easy,Geography,Where would you find the &quot;Spanish Steps&quot;?,"Rome, Italy","['Barcelona, Spain', 'Berlin, Germany', 'London, England']"
multiple,medium,Entertainment: Video Games,"Of the following space shooter games, which came out first?",Space Invaders,"['Galaxian', 'Galaga', 'Sinistar']"
multiple,easy,Entertainment: Music,The tuba is a part of which musical family?,Brass,"['Percussion', 'Strings', 'Woodwind']"
multiple,easy,Entertainment: Video Games,In what year was the first &quot;Mass Effect&quot; game released?,2007,"['2008', '2009', '2010']"
boolean,easy,Science: Computers,JavaScript derives from a later version of Java,False,['True']
multiple,medium,Celebrities,Which actress&#039;s real name was Frances Ethel Gumm?,Judy Garland,"['Doris Day', 'Julie Andrews', 'Marilyn Monroe']"
multiple,medium,Entertainment: Video Games,When was the video game publisher &quot;Ubisoft&quot; founded ?,March 1986,"['April 1990', 'June 2001', 'August 1956']"
boolean,medium,Entertainment: Video Games,The Ace Attorney trilogy was suppose to end with &quot;Phoenix Wright: Ace Attorney &minus; Trials and Tribulations&quot; as its final game.,True,['False']
multiple,easy,Entertainment: Video Games,Which race in Guild Wars 2 believes in the Eternal Alchemy?,Asura,"['Humans', 'Norn', 'Charr']"
multiple,medium,Entertainment: Music,&#039;Don&#039;t You Want Me?&#039; was a number one hit in 1981 for which electropop band?,Human League,"['Depeche Mode', 'Pet Shop Boys', 'Eurythmics']"
multiple,easy,Entertainment: Television,British actor David Morrissey stars as which role in &quot;The Walking Dead&quot;?,The Governor,"['Negan', 'Rick Grimes', 'Daryl Dixon']"
multiple,medium,History,What day did the Battle of Gettysburg begin?,"July 1, 1863","['September 17, 1862', 'July 21, 1861', 'Apr 30, 1863']"
multiple,easy,Entertainment: Film,What was the first feature-length computer-animated movie?,Toy Story,"['Tron', 'Lion king', '101 Dalmatians']"
multiple,easy,Geography,What is the largest country in the world ?,Russian Federation,"['China', 'Canada', 'Brazil']"
multiple,medium,Entertainment: Video Games,"In Skylanders Giants, why was Zaps&#039; Wow Pow named &quot;For Riley&quot; ?",As a tribute to a fan who passed away,"['As a reference to a film', 'After one of the writers of the game', 'After a voice actor']"
multiple,medium,Entertainment: Music,A piccolo is a smaller version of what instrument?,Flute,"['Trumpet', 'Harp', 'Violin']"
multiple,easy,Entertainment: Music,Which rap group released the album &quot;Straight Outta Compton&quot;?,N.W.A,"['Wu-Tang Clan', 'Run-D.M.C.', 'Beastie Boys']"
multiple,medium,Entertainment: Television,On the NBC show Community what was Star Burns&#039; real name?,Alex,"['Todd', 'Neal', 'Grimus']"
multiple,hard,Art,The painting &quot;Guernica&quot; by Pablo Picasso expressed emotions of dread in response to which war?,Spanish Civil War,"['World War I', 'The Crimean War', 'Spanish-American War']"
multiple,medium,Entertainment: Books,The book &quot;Fahrenheit 451&quot; was written by whom?,Ray Bradbury,"['R. L. Stine', 'Wolfgang Amadeus Mozart', 'Stephen King']"
boolean,easy,Entertainment: Japanese Anime &amp; Manga,"In the &quot;To Love-Ru&quot; series, Golden Darkness is sent to kill Lala Deviluke.",False,['True']
multiple,medium,General Knowledge,Death Valley&#039;s Badwater Basin is North America&#039;s point of lowest elevation at how many feet below sea level?,282 feet,"['79 feet', '1,640 feet', '12,092 feet']"
multiple,easy,Geography,Which US state is also known as the &quot;Lone Star State&quot;?,Texas,"['Alabama', 'Tennessee', 'Kentucky']"
multiple,medium,Entertainment: Video Games,"What former MOBA, created by Waystone Games and published by EA, was shut down in 2014?",Dawngate,"['Strife', 'League of Legends', 'Heroes of Newerth']"
multiple,medium,History,Who was the last Roman emperor in the Year of Four Emperors (69 AD)?,Vespasian,"['Vitellius', 'Otho', 'Galba']"
multiple,easy,Entertainment: Comics,This Marvel superhero is often called &quot;The man without fear&quot;.,Daredevil,"['Thor', 'Wolverine', 'Hulk']"
multiple,medium,Science &amp; Nature,"Which NASA Space Shuttle broke apart during atmospheric re-entry on February 1, 2003? ",Columbia,"['Challenger', 'Discovery', 'Endeavour']"
multiple,medium,Geography,How many sovereign states are members of the United Nations?,195,"['201', '153', '178']"
boolean,medium,General Knowledge,Coca-Cola&#039;s original colour was green.,False,['True']
boolean,hard,General Knowledge,"Spoon theory is a theory, utilizing &quot;Spoons&quot; as a metaphor for energy they can use in a day.",True,['False']
multiple,easy,Science: Computers,Which computer language would you associate Django framework with?,Python,"['C#', 'C++', 'Java']"
multiple,medium,Geography,What are the four corner states of the US?,"Utah, Colorado, Arizona, New Mexico","['Oregon, Idaho, Nevada, Utah', 'Kansas, Oklahoma, Arkansas, Louisiana', 'South Dakota, Minnesota, Nebraska, Iowa']"
multiple,hard,Animals,Which of these is a colony of polyps and not a jellyfish?,Portuguese Man-of-War,"['Sea Wasp', 'Irukandji', 'Sea Nettle']"
multiple,medium,Entertainment: Music,Saul Hudson (Slash) of the band Guns N&#039; Roses is known for playing what type of guitar?,Les Paul Standard,"['Fender Stratocaster', 'LsL Mongrel', 'Gretsch Falcon']"
multiple,medium,Entertainment: Television,Which WWF wrestler had the nickname &quot;The Ayatollah of Rock &#039;N&#039; Rolla&quot;?,Chris Jericho,"['Marty Jannetty', 'Scott Hall', 'Shawn Michaels']"
multiple,medium,Entertainment: Film,"What is the name of the foley artist who designed the famous sounds of Star Wars, including Chewbacca&#039;s roar and R2-D2&#039;s beeps and whistles?",Ben Burtt,"['Ken Burns', 'Ralph McQuarrie', 'Miranda Keyes']"
multiple,medium,Entertainment: Music,How many semitones are in an octave?,12,"['7', '11', '14']"
multiple,medium,Mythology,What is the name of the first human being in Norse mythology?,Ask,"['Asmund', 'Ake', 'Asger']"
multiple,easy,Vehicles,Which Italian city is home of the car manufacturer &#039;Fiat&#039;?,Turin,"['Maranello', 'Modena', 'Rome']"
multiple,easy,Entertainment: Board Games,How many dice are used in the game of Yahtzee?,Five,"['Four', 'Six', 'Eight']"
multiple,medium,Entertainment: Film, In what movie does Eddie Murphy swap identities with Dan Aykroyd?,Trading Places,"['Ghostbusters', 'Coming to America', 'The Blues Brothers']"
boolean,easy,Science &amp; Nature,Not including false teeth; A human has two sets of teeth in their lifetime.,True,['False']
boolean,easy,Geography,Portugal&#039;s modern territory was once a part of the Roman Empire.,True,['False']
multiple,medium,Celebrities,What year did radio icon Howard Stern start a job at radio station WNBC?,1982,"['1985', '1984', '1995']"
boolean,easy,History,The United States Department of Homeland Security was formed in response to the September 11th attacks.,True,['False']
boolean,medium,Entertainment: Video Games,"In &quot;Mother 3,&quot; the bird on the Ultimate Chimera&#039;s head is there only for decoration.",False,['True']
boolean,easy,Entertainment: Video Games,"In &quot;Need for Speed: Porsche Unleashed&quot;, the player can only drive cars manufactured by Porsche.",True,['False']
multiple,medium,General Knowledge,What Latin phrase roughly translates to &quot;seize the day&quot;?,Carpe diem,"['Memento mori', 'Plus ultra', 'Sic semper tyrannis']"
multiple,medium,Geography,Which of these is NOT a city in Saudi Arabia?,Dubai,"['Riyadh', 'Mecca', 'Medina']"
boolean,medium,Science &amp; Nature,Type 1 diabetes is a result of the liver working improperly.,False,['True']
multiple,easy,Entertainment: Television,What country is Cory in the House set in?,The United States of America,"['Canada', 'Venezuala', 'England']"
multiple,hard,Science: Mathematics,What is the fourth digit of &pi;?,1,"['2', '3', '4']"
boolean,easy,Sports,Peyton Manning retired after winning Super Bowl XLIX.,False,['True']
multiple,medium,Entertainment: Books,"What is the name of the gang that Ponyboy is a part of in the book, The Outsiders?",The Greasers,"['The Outsiders', 'The Mafia', 'The Socs']"
multiple,easy,General Knowledge,"In past times, what would a gentleman keep in his fob pocket?",Watch,"['Money', 'Keys', 'Notebook']"
multiple,medium,Geography,What island in the Canary Islands was the scene of one of the worst air disasters in history with the collision of two jumbo jets?,Tenerife,"['Fuerteventura', 'Gran Canaria', 'Maui']"
multiple,easy,Entertainment: Video Games,How many Chaos Emeralds are there in the &quot;Sonic the Hedgehog&quot; universe?,7,"['6', '8', '14']"
multiple,medium,History,What year did the Vietnam War end?,1975,"['1978', '1967', '1969']"
multiple,medium,Entertainment: Video Games,"In Portal 2, which solar system body did Wheatley end up orbiting?",The moon,"['Earth', 'Jupiter', 'Mars']"
boolean,hard,General Knowledge,NCIS stands for &quot;Navy Corps Investigative Service&quot;,False,['True']
multiple,medium,Entertainment: Video Games,Where was the Sniper character in Team Fortress 2 born?,New Zealand,"['South Africa', 'Antarctica', 'Australia']"
multiple,easy,Entertainment: Video Games,Who is Sonic&#039;s sidekick?,Tails,"['Shadow', 'Amy', 'Knuckles']"
multiple,medium,History,Joseph Stalin had a criminal past doing what?,Robbing Trains,"['Murder for Hire', 'Tax Evasion', 'Identity Fraud']"
multiple,medium,Entertainment: Music,Which of the following rappers were NOT part of the hip-hop group Odd Future?,Vince Staples,"['Tyler, the Creator', 'Frank Ocean', 'Mike G']"
multiple,medium,Entertainment: Video Games,Which soccer player is featured on the cover of EA Sport&#039;s FIFA 18?,Cristiano Ronaldo,"['Lionel Messi', 'Neymar', 'Harry Kane']"
multiple,medium,Entertainment: Video Games,"In the game &quot;Red Dead Redemption&quot;, what is the name of John Marston&#039;s dog?",Rufus,"['Rutus', 'Finn', 'Apollo']"
multiple,medium,Entertainment: Cartoon &amp; Animations,"In &quot;SpongeBob SquarePants&quot;, what is the name of Sandy Cheek&#039;s place of residence?",Sandy&#039;s Treedome,"['&quot;The Dome&quot;', 'Sandy&#039;s Bubble', 'Auquatic Reseach Centre']"
multiple,medium,General Knowledge,"Which slogan did the fast food company, McDonald&#039;s, use before their &quot;I&#039;m Lovin&#039; It&quot; slogan?",We Love to See You Smile,"['Why Pay More!?', 'Have It Your Way', 'Making People Happy Through Food']"
multiple,medium,Entertainment: Video Games,How many playable characters were there in Street Fighter II: Champion Edition?,12,"['16', '8', '17']"
multiple,medium,Entertainment: Music,What is the real name of prominent electronic musician Aphex Twin?,Richard D. James,"['Richard M. Hall', 'Richard W. Wright', 'Richard H. Blackmore']"
multiple,medium,General Knowledge,What was the soft drink Pepsi originally introduced as?,Brad&#039;s Drink,"['Pepsin Pop', 'Carolina Cola', 'Pepsin Syrup']"
multiple,easy,Entertainment: Video Games,Which of these is NOT a map included in the game Counter-Strike: Global Offensive?,Oilrig,"['Assault', 'Mirage', 'Cache']"
multiple,hard,History,In what year did the Battle of Verdun take place?,1916,"['1917', '1915', '1918']"
multiple,medium,Geography,All of the following countries have official claims to territory in Antartica EXCEPT:,United States,"['Australia', 'Chile', 'Norway']"
multiple,medium,History,"What was the transfer of disease, crops, and people across the Atlantic shortly after the discovery of the Americas called?",The Columbian Exchange,"['Triangle Trade', 'Transatlantic Slave Trade', 'The Silk Road']"
multiple,medium,Entertainment: Video Games,Sean Bean voices the character of &quot;Martin Septim&quot; in which Elder Scrolls game?,The Elder Scrolls IV: Oblivion,"['The Elder Scrolls V: Skyrim', 'The Elder Scrolls III: Morrowind ', 'The Elder Scrolls Online']"
multiple,medium,Science: Computers,"In programming, the ternary operator is mostly defined with what symbol(s)?",?:,"['??', 'if then', '?']"
multiple,medium,Entertainment: Musicals &amp; Theatres,Who played Marquis de Lafayette and Thomas Jefferson in the original Broadway run of Hamilton?,Daveed Diggs,"['Lin-Manuel Miranda', 'Javier Mu&ntilde;oz', 'Wayne Brady']"
multiple,hard,Entertainment: Music,Who was the previous drummer of blink-182 before Travis Barker?,Scott Raynor,"['Atom Willard', 'Ilan Rubin', 'Derek Grant']"
boolean,medium,General Knowledge,Ecuador uses the Mexican Peso as its currency.,False,['True']
multiple,hard,History,When was the &quot;Siege of Leningrad&quot; lifted during World War II?,January 1944,"['September 1943', 'November 1943', 'March 1944']"
multiple,hard,Entertainment: Video Games,"How long are all the cutscenes from Metal Gear Solid 4 (PS3, 2008) combined?",8 hours,"['4 hours', '12 hours', '5 hours']"
boolean,medium,General Knowledge,SCP-173 was the first SCP article written for the web-based collaborative fiction project known as the &quot;SCP Foundation&quot;,True,['False']
multiple,medium,Entertainment: Cartoon &amp; Animations,Who voiced Finn in Adventure Time?,Jeremy Shada,"['Nolan North', 'John DiMaggio', 'Tom Kenny']"
boolean,easy,Entertainment: Japanese Anime &amp; Manga,"In Kill La Kill, the weapon of the main protagonist is a katana. ",False,['True']
multiple,medium,Entertainment: Books,"In the Lord of the Rings, who is the father of the dwarf Gimli?",Gloin,"['Thorin Oakenshield', 'Bombur', 'Dwalin']"
multiple,easy,History,These two countries held a commonwealth from the 16th to 18th century.,Poland and Lithuania,"['Hutu and Rwanda', 'North Korea and South Korea', 'Bangladesh and Bhutan']"
multiple,easy,Entertainment: Video Games,Which of these is NOT a team available in the game Pok&eacute;mon Go?,Team Rocket,"['Team Instinct', 'Team Valor', 'Team Mystic']"
multiple,easy,Entertainment: Film,What name did Tom Hanks give to his volleyball companion in the film `Cast Away`?,Wilson,"['Friday', 'Jones', 'Billy']"
multiple,hard,Politics,"Who was the longest-serving senator in US history, serving from 1959 to 2010?",Robert Byrd,"['Daniel Inouye', 'Strom Thurmond', 'Joe Biden']"
multiple,easy,Sports,What is the name of Manchester United&#039;s home stadium?,Old Trafford,"['Anfield', 'City of Manchester Stadium', 'St James Park']"
multiple,medium,Entertainment: Cartoon &amp; Animations,Which Hanna-Barbera cartoon character travelled with a canine companion named Beegle Beagle?,Grape Ape,"['Boss Gator', 'Wally Gator', 'Yogi Bear']"
multiple,hard,Entertainment: Video Games,"What is the highest level that you can reach in &quot;The Elder Scrolls 4: Oblivion&quot; without considering skill levels, class, and birthsign?",50,"['No limit', '80', '100']"
boolean,easy,Entertainment: Music,"In 1993, Prince changed his name to an unpronounceable symbol because he was unhappy with his contract with Warner Bros.",True,['False']
boolean,hard,Entertainment: Books,"Harry Potter was born on July 31st, 1980.",True,['False']
multiple,medium,Entertainment: Video Games,What year was the video game streaming platform TwitchTV founded?,2011,"['2012', '2010', '2014']"
multiple,hard,Science &amp; Nature,What is the standard SI unit for luminous intensity?,Candela,"['Lumen', 'Faraday', 'Coulomb']"
multiple,medium,Politics,"Before 2011, &quot;True Capitalist Radio&quot; was known by a different name. What was that name?",True Conservative Radio,"['True Republican Radio', 'Texan Capitalist Radio', 'United Capitalists']"
multiple,medium,Entertainment: Video Games,"In &quot;Kingdom Hearts&quot;, who abducts Jasmine in the Lamp Chamber?",Riku,"['Riku Replica', 'Xaldin', 'Captain Hook']"
boolean,easy,Science: Mathematics,"A universal set, or a set that contains all sets, exists.",False,['True']
multiple,medium,Entertainment: Music,Which of these is NOT an album released by The Beatles?,The Wall,"['Abbey Road', 'Magical Mystery Tour', 'Revolver']"
multiple,easy,Entertainment: Japanese Anime &amp; Manga,What is the name of the stuffed lion in Bleach?,Kon,"['Jo', 'Urdiu', 'Chad']"
multiple,medium,Entertainment: Cartoon &amp; Animations,"The character White Diamond from Steven Universe, is voiced by who?",Christine Ebersole,"['Ellen McLain', 'Aly Michalka', 'Rihanna']"
multiple,easy,Animals,"By definition, where does an abyssopelagic animal live?",At the bottom of the ocean,"['In the desert', 'On top of a mountain', 'Inside a tree']"
multiple,medium,Entertainment: Video Games,"In the MMO RPG &quot;Realm of the Mad God&quot;, what class is known for having the highest possible defense?",The Knight,"['The Wizard', 'The Archer', 'The Warrior']"
multiple,medium,Entertainment: Music,What French artist/band is known for playing on the midi instrument &quot;Launchpad&quot;?,Madeon,"['Daft Punk ', 'Disclosure', 'David Guetta']"
multiple,easy,Entertainment: Video Games,The football video game series &quot;Pro Evolution Soccer&quot; is developed by which company?,Konami,"['Square Enix', 'Electronic Arts', 'THQ']"
multiple,medium,Entertainment: Japanese Anime &amp; Manga,"In &quot;JoJo&#039;s Bizarre Adventure: Stardust Crusaders&quot;, what is the last name of the protagonist Jotaro?",Kujo,"['Cujoh', 'Joestar', 'Higashikata']"
multiple,hard,Entertainment: Books,What is Hermione Granger&#039;s middle name?,Jean,"['Jane', 'Emma', 'Jo']"
multiple,medium,Science &amp; Nature,Which portion of the Marijuana plant produces the psychoactive substance known as THC?,Female Flower,"['Leaves', 'Male Flower', 'Root Ball']"
boolean,easy,Entertainment: Film,The movie &quot;The Nightmare before Christmas&quot; was all done with physical objects.,True,['False']
multiple,hard,Entertainment: Video Games,&quot;Banjo-Kazooie&quot; originally started its development as a totally different game for the SNES under which codename?,Project Dream,"['Project Ukulele', 'Project Land', 'Project BK']"
multiple,easy,Entertainment: Books,Who wrote the young adult novel &quot;The Fault in Our Stars&quot;?,John Green,"['Stephenie Meyer', 'Suzanne Collins', 'Stephen Chbosky']"
multiple,hard,Entertainment: Film,What was the first superhero film James Gunn was involved with?,The Specials,"['Super', 'Guardians of the Galaxy', 'Brightburn']"
multiple,hard,Animals,"Unlike on most salamanders, this part of a newt is flat?",Tail,"['Head', 'Teeth', 'Feet']"
multiple,medium,Science &amp; Nature,What cell organelle is known as &quot;the powerhouse of the cell?&quot;,Mitochondria,"['Nucleus', 'Golgi apparatus', 'Endoplasmic reticulum']"
multiple,hard,Entertainment: Board Games,What do you declare in Rīchi Mahjong when you&#039;ve drawn your winning tile?,Tsumo,"['Ron', 'Rīchi', 'Kan']"
multiple,easy,Entertainment: Video Games,Who is the protagonist in Dead Rising (2006)?,Frank West,"['Chuck Greene', 'John North', 'Jason Grey']"
multiple,easy,Science: Computers,If you were to code software in this language you&#039;d only be able to type 0&#039;s and 1&#039;s.,Binary,"['JavaScript', 'C++', 'Python']"
boolean,easy,Entertainment: Film,George Lucas directed the entire original Star Wars trilogy.,False,['True']
multiple,easy,Geography,What is the largest hot desert in the world?,Sahara,"['Gobi', 'Mojave', 'Kalahari']"
multiple,hard,Entertainment: Television,"In &quot;Star Trek&quot;, what is the Klingon delicacy of &quot;gagh&quot; made from?",Serpent worms,"['Earthworms', 'Spaghetti noodles', 'Klingworms']"
multiple,medium,Entertainment: Video Games,Which Sonic the Hedgehog game introudced Knuckles the Echidna?,Sonic the Hedgehog 3,"['Sonic the Hedgehog 2', 'Sonic &amp; Knuckles', 'Sonic Adventure']"
multiple,medium,Celebrities,Nikki Diamond portrayed which Gladiator in the 1992 TV show &quot;Gladiators&quot;?,Scorpio,"['Jet', 'Nightshade', 'Falcon']"
multiple,medium,Science &amp; Nature,Deionized water is water with which of the following removed?,Iron,"['Oxygen', 'Hydrogen', 'Uncharged atoms']"
multiple,medium,Sports,Which country is hosting the 2022 FIFA World Cup?,Qatar,"['Uganda', 'Vietnam', 'Bolivia']"
multiple,medium,History,Which of the following Soviet revolutionaries was exiled from the USSR and later assassinated in 1940 for criticizing Stalinism?,Leon Trotsky,"['Lev Kamenev', 'Mikhail Kalinin', 'Vladimir Lenin']"
multiple,medium,Entertainment: Video Games,"In the Super Mario Bros. series, what game is the  &quot;Carrot&quot; power-up from?",Super Mario Land 2: The 6 Golden Coins,"['Super Mario World', 'Super Mario Land', 'Super Mario 3D Land']"
multiple,hard,Entertainment: Video Games,What was the name of the game created by Masahiro Sakurai and Satoru Iwata that would eventually evolve into &quot;Super Smash Bros.&quot;?,Dragon King: The Fighting Game,"['Nintendo Legends: Fight!', 'Martial Arts: King of the Hill', 'Aerial Warriors: Supreme Battle']"
multiple,medium,Entertainment: Film,Actress Susan Sarandon caught pneumonia during filming of which movie?,The Rocky Horror Picture Show,"['Thelma and Louise', 'Dead Man Walking', 'Enchanted']"
multiple,medium,Entertainment: Video Games,"In &quot;World of Warcraft,&quot; what dragon appears in the human guise of Lord Victor Nefarius?",Nefarian,"['Nefarius', 'Neltharion', 'Nefaran']"
multiple,medium,Science &amp; Nature,Which desert is the only desert in the world where the &quot;Saguaro&quot; cactus grows indigenously?,The Sonoran Desert,"['The Gobi Desert', 'The Yuma Desert', 'The Arabian Desert']"
multiple,medium,General Knowledge,Amsterdam Centraal station is twinned with what station?,London Liverpool Street,"['Frankfurt (Main) Hauptbahnhof', 'Paris Gare du Nord', 'Brussels Midi']"
multiple,medium,Entertainment: Television,What actor portrays Hogan &quot;Wash&quot; Washburne in the TV Show Firefly?,Alan Tudyk,"['Adam Baldwin', 'Nathan Fillion', 'Sean Maher']"
multiple,hard,Entertainment: Video Games,How many aces can be shot down through the entirety of &quot;Ace Combat Zero: The Belkan War&quot;?,169,"['100', '132', '245']"
multiple,medium,Geography,Where is Hadrian&#039;s Wall located?,"Carlisle, England","['Rome, Italy', 'Alexandria, Egypt', 'Dublin, Ireland']"
multiple,easy,Geography,Which of these African countries list &quot;Spanish&quot; as an official language?,Equatorial Guinea,"['Guinea', 'Cameroon', 'Angola']"
multiple,easy,Entertainment: Cartoon &amp; Animations,Who voices for Ruby in the animated series RWBY?,Lindsay Jones,"['Tara Strong', 'Jessica Nigri', 'Hayden Panettiere']"
multiple,easy,Science: Computers,What is the name of Layer 7 of the OSI model?,Application,"['Session', 'Network', 'Present']"
multiple,hard,Science &amp; Nature,The core of the Sun can reach which temperature?,27&deg; Million F (15&deg; Million C),"['938,000&deg; F (521093.3&deg; C)', '8&deg; Billion F (&deg;4.4 Billion C)', 'Absolute Zero (Both F and C)']"
multiple,hard,Entertainment: Video Games,"In the Kingdom Hearts series, which is not an optional boss you can fight?",Master Yen Sid,"['Sephiroth', 'Julius', 'Kurt Zisa']"
multiple,medium,Entertainment: Video Games,What was the first interactive movie video game?,Astron Belt,"['Dragon&#039;s Lair', 'Cube Quest', 'M.A.C.H. 3']"
multiple,easy,Vehicles,"During World War 2, with tank was the most fear by the allies?",PanzerKampfwagen V Panther,"['Marder III', 'Mks Matilda II', 'PanzerKampfwagen VI Tiger ']"
boolean,easy,Science &amp; Nature,An average human can go two weeks without water.,False,['True']
multiple,easy,Entertainment: Japanese Anime &amp; Manga,What is the name of the corgi in Cowboy Bebop?,Einstein,"['Edward', 'Rocket', 'Joel']"
multiple,hard,Animals,Which species of Brown Bear is not extinct?,Syrian Brown Bear,"['California Grizzly Bear', 'Atlas Bear', 'Mexican Grizzly Bear']"
multiple,medium,Entertainment: Books,Which American author was also a budding travel writer and wrote of his adventures with his dog Charley?,John Steinbeck,"['F. Scott Fitzgerald', 'Ernest Hemingway', 'William Faulkner']"
boolean,easy,Vehicles,The full English name of the car manufacturer BMW is Bavarian Motor Works,True,['False']
multiple,easy,Entertainment: Film,Which year was the first official Youtube Rewind released?,2010,"['2012', '2011', '2013']"
multiple,medium,History,Hong Kong was a part of which country&#039;s territory before Britain regained it in 1945?,Japan,"['China', 'Phillipines', 'French Indonesia']"
multiple,hard,Entertainment: Video Games,Which of the following games was NOT included in Valve&#039;s Orange Box?,Counter-Strike,"['Portal', 'Half-Life 2: Episode Two', 'Team Fortress 2']"
multiple,easy,Science: Computers,The numbering system with a radix of 16 is more commonly referred to as ,Hexidecimal,"['Binary', 'Duodecimal', 'Octal']"
multiple,easy,Entertainment: Video Games,What power does Max Caulfield from &quot;Life is Strange&quot; have?,Rewinding Time,"['Invisibility', 'Telepathy', 'Super Strength']"
multiple,medium,Politics,"Due to the Nagoya Resolution, China agreed to allow Taiwan to compete separately in international sporting events under what name?",Chinese Taipei,"['Chinese Taiwan', 'Republic of Taiwan', 'Republic of Taipei ']"
multiple,easy,Entertainment: Music,"According to a song by Belinda Carlisle, Heaven is a place on what?",Earth,"['Venus', 'Mars', 'Uranus']"
multiple,medium,Entertainment: Television,"In &quot;The Simpsons&quot;, what is the real name of &quot;Comic Book Guy&quot;?",Jeff Albertson,"['Comic Book Guy', 'Edward Stone', 'Jack Richardson']"
multiple,easy,History,Which of these landmarks is not included in the original &#039;Seven Wonders of the Ancient World&#039;?,Great Wall of China,"['Great Pyramid of Giza', 'Colossus of Rhodes', 'Hanging Gardens of Babylon']"
multiple,hard,Entertainment: Music,"Dallon Weekes, former touring basist of Panic! At the Disco, created his own band in 2016 called...",I Don&#039;t Know How But They Found Me,"['Cheats At Hide And Seek', 'Where Did You All Come From?', 'Run Away From The People']"
multiple,easy,General Knowledge,Which American president appears on a one dollar bill?,George Washington,"['Thomas Jefferson', 'Abraham Lincoln', 'Benjamin Franklin']"
multiple,medium,Entertainment: Video Games,What is the main character of Metal Gear Solid 2?,Raiden,"['Solidus Snake', 'Big Boss', 'Venom Snake']"
multiple,easy,General Knowledge,"In the video-game franchise Kingdom Hearts, the main protagonist, carries a weapon with what shape?",Key,"['Sword', 'Pen', 'Cellphone']"
multiple,medium,History,In what year was the last natural case of smallpox documented?,1977,"['1982', '1980', '1990']"
multiple,hard,Entertainment: Film,"In 2012, which movie won every category in the 32nd &quot;Golden Raspberry Awards&quot;?",Jack and Jill,"['The Girl with the Dragon Tattoo', 'Thor', 'The King&#039;s Speech']"
boolean,medium,Entertainment: Cartoon &amp; Animations,Nutcracker Suite was one of the musical pieces featured in Disney&#039;s 1940&#039;s film Fantasia.,True,['False']
boolean,medium,Entertainment: Television,"In &quot;Star Trek: The Next Generation&quot;, Data is the only android in existence.",False,['True']
multiple,easy,Entertainment: Japanese Anime &amp; Manga,"What caused the titular mascot of Yo-Kai Watch, Jibanyan, to become a yokai?",Being run over by a truck,"['Ate one too many chocobars', 'Through a magical ritual', 'When he put on the harmaki']"
multiple,easy,Entertainment: Video Games,Which of the following characters from the game &quot;Overwatch&quot; was revealed to be homosexual in December of 2016?,Tracer,"['Widowmaker', 'Sombra', 'Symmetra']"
multiple,hard,Geography,Which of the following is a castle?,Elizabeth Castle,"['Frank Castle', 'Richard Castle', 'Olivia Castle']"
multiple,medium,Geography,How many rivers are in Saudi Arabia?,0,"['1', '2', '3']"
boolean,easy,Politics,Denmark has a monarch.,True,['False']
multiple,easy,Entertainment: Film,Who plays the character of Po in the Kung Fu Panda movies?,Jack Black,"['Mirana Jonnes', 'McConahey Ramses', 'Jim Petersson']"
multiple,easy,Entertainment: Comics,What&#039;s the race of Invincible&#039;s father?,Viltrumite,"['Kryptonian', 'Kree', 'Irken']"
multiple,hard,Art,Painter Piet Mondrian (1872 - 1944) was a part of what movement?,Neoplasticism,"['Precisionism', 'Cubism', 'Impressionism']"
multiple,easy,Geography,What is the Polish city known to Germans as Danzig?,Gdańsk,"['Warsaw', 'Zakopane', 'Poznań']"
multiple,easy,Entertainment: Video Games,"In the lore of the PAYDAY series, which criminal was arrested and then latered rescued by the PAYDAY gang?",Hoxton,"['Dallas', 'Wolf', 'Chains']"
multiple,medium,History,"What happened on June 6, 1944?",D-Day,"['Atomic bombings of Hiroshima and Nagasaki', 'Attack on Pearl Harbor', 'The Liberation of Paris']"
multiple,medium,History,In what year was the video game company Electronic Arts founded?,1982,"['1999', '1981', '2005']"
multiple,medium,Entertainment: Comics,What otherworldly land does Thor come from?,Asgard,"['Midgard', 'Jotunheim', 'Sovengarde']"
multiple,hard,Entertainment: Video Games,"Counting the Blood and Wine DLC, how many Hero Cards are there in total in The Witcher 3?",25,"['30', '20', '15']"
multiple,easy,History,The Ottoman Empire was dissolved after their loss in which war?,World War I,"['Crimean War', 'Serbian Revolution', 'Second Balkan War']"
multiple,easy,Entertainment: Television,Who played Agent Fox Mulder in the TV sci-fi drama &quot;The X-Files&quot;?,David Duchovny,"['Gillian Anderson', 'Robert Patrick', 'Mitch Pileggi']"
multiple,hard,History,Pianist Fr&eacute;d&eacute;ric Chopin was a composer of which musical era?,Romantic,"['Classic', 'Baroque', 'Renaissance']"
multiple,medium,Entertainment: Video Games,What American city was featured in the 1999 PC game Midtown Madness?,Chicago,"['Washington D.C.', 'San Francisco', 'New York City']"
multiple,medium,Entertainment: Music,When was the Prince album &quot;Purple Rain&quot; released?,1984,"['1979', '1983', '1981']"
multiple,medium,Vehicles,Which car brand does NOT belong to General Motors?,Ford,"['Buick', 'Cadillac', 'Chevrolet']"
boolean,easy,Entertainment: Video Games,Luigi is taller than Mario?,True,['False']
multiple,medium,Entertainment: Television,What breed of dog is &quot;Scooby Doo&quot;?,Great Dane,"['Pit bull', 'Boxer', 'Doberman Pinscher']"
multiple,easy,Science &amp; Nature,Who is the chemical element Curium named after?,Marie &amp; Pierre Curie,"['The Curiosity Rover', 'Curious George', 'Stephen Curry']"
boolean,easy,Science &amp; Nature,An Astronomical Unit is the distance between Earth and the Moon.,False,['True']
boolean,easy,Geography,Tokyo is the capital of Japan.,True,['False']
multiple,medium,Entertainment: Television,Which of the following Autobot names in Michael Bay&#039;s movies was NOT a name for a Transformer in the original 1980&#039;s cartoon?,Mudflap,"['Skids', 'Sideswipe', 'Ratchet']"
boolean,easy,History,Former United States Presidents John Adams and Thomas Jefferson died within hours of each other.,True,['False']
multiple,easy,Entertainment: Cartoon &amp; Animations,The song &#039;Little April Shower&#039; features in which Disney cartoon film?,Bambi,"['Cinderella', 'Pinocchio', 'The Jungle Book']"
multiple,easy,Science &amp; Nature,Who discovered the Law of Gravity?,Sir Isaac Newton,"['Galileo Galilei', 'Charles Darwin', 'Albert Einstein']"
multiple,easy,History,What is widely considered to be the oldest civilization known to mankind?,Sumeria,"['Babylon', 'Assyria', 'Phoenicia']"
multiple,hard,Entertainment: Japanese Anime &amp; Manga,"Which of these anime have over 7,500 episodes?",Sazae-san,"['Naruto', 'One Piece', 'Chibi Maruko-chan']"
multiple,hard,Entertainment: Japanese Anime &amp; Manga,"In &quot;One Piece&quot;, who is the girl who overcame her enslaved past and became an agent of an army to fight the corrupt government?",Koala,"['Boa Hancock', 'Nico Robin', 'Emporio Ivankov ']"
multiple,hard,History,Who was the first man to travel into outer space twice?,Gus Grissom,"['Vladimir Komarov', 'Charles Conrad', 'Yuri Gagarin']"
multiple,medium,Entertainment: Film,Who is the director of the 1991 film &quot;Silence of the Lambs&quot;?,Jonathan Demme,"['Stanley Kubrick', 'Frank Darabont', 'Michael Bay']"
multiple,hard,Entertainment: Video Games,"What Touhou Project character&#039;s first ever appearance was as a midboss in the eighth game, Imperishable Night?",Tewi Inaba,"['Mystia Lorelei', 'Kaguya Houraisan', 'Rumia']"
multiple,easy,Science: Computers,"In &quot;Hexadecimal&quot;, what color would be displayed from the color code? &quot;#00FF00&quot;?",Green,"['Red', 'Blue', 'Yellow']"
boolean,easy,Entertainment: Film,In Alfred Hitchcock&#039;s film &#039;Psycho&#039; it is said he used chocolate syrup to simulate the blood in the famous shower scene from ,True,['False']
multiple,easy,Entertainment: Video Games,Which Final Fantasy game consisted of a female-only cast of party members?,Final Fantasy X-2,"['Final Fantasy IX', 'Final Fantasy V', 'Final Fantasy XIII-2']"
multiple,medium,Sports,Which NBA player won Most Valuable Player for the 1999-2000 season?,Shaquille O&#039;Neal,"['Allen Iverson', 'Kobe Bryant', 'Paul Pierce']"
multiple,medium,Entertainment: Music,Who was the lead singer and frontman of rock band R.E.M?,Michael Stipe,"['Chris Martin', 'Thom Yorke', 'George Michael']"
boolean,easy,Entertainment: Video Games,"In Heroes of the Storm, the Cursed Hollow map gimmick requires players to kill the undead to curse the enemy team.",False,['True']
multiple,hard,Science: Gadgets,Who built the first laser?,Theodore Harold Maiman,"['Nikola Tesla', 'Jack Kilby', 'Edith Clarke']"
boolean,hard,Science: Mathematics,The binary number &quot;101001101&quot; is equivalent to the Decimal number &quot;334&quot;,False,['True']
multiple,easy,Entertainment: Video Games,"In the Assassin&#039;s Creed series,what was the name of Desmond Miles given by Abstergo?",Subject 17,"['Subject 16', 'Subject 18', 'Alta&iuml;r Ibn-La&#039;Ahad']"
multiple,medium,History,Who was the first explorer to sail to North America?,Leif Erikson,"['Christopher Columbus', 'Amerigo Vespucci', 'Ferdinand Magellan']"
multiple,easy,Entertainment: Japanese Anime &amp; Manga,Who is the armored titan in &quot;Attack On Titan&quot;?,Reiner Braun,"['Armin Arlelt', 'Mikasa Ackermann', 'Eren Jaeger']"
multiple,easy,Entertainment: Video Games,"In Animal Crossing, who is the manager of the town shop?",Tom Nook,"['Mr. Resetti', 'Gracie', 'K.K. Slider']"
multiple,medium,Geography,What is the capital of Senegal?,Dakar,"['Nouakchott', 'Conakry', 'Monrovia']"
multiple,medium,Entertainment: Video Games,Who is the main character in most of the games of the YS series?,Adol Christin ,"['Character doesn&#039;t have a name', 'Estelle Bright', 'Roger Wilco']"
multiple,easy,Entertainment: Japanese Anime &amp; Manga,Who is the true moon princess in Sailor Moon?,Sailor Moon,"['Sailor Venus', 'Sailor Mars', 'Sailor Jupiter']"
multiple,medium,Entertainment: Japanese Anime &amp; Manga,"In &quot;JoJo&#039;s Bizarre Adventure&quot;, which of the following Stands does NOT have a time-based ability?",20th Century Boy,"['Made in Heaven', 'Star Platinum', 'The World']"
multiple,medium,Entertainment: Music,Which country does the electronic music duo &quot;The Knife&quot; originate from?,Sweden,"['Finland', 'Denmark', 'Norway']"
multiple,medium,Science: Computers,Which of the following is a personal computer made by the Japanese company Fujitsu?,FM-7,"['PC-9801', 'Xmillennium ', 'MSX']"
multiple,easy,Entertainment: Television,"In &quot;Star Trek: Voyager&quot;, which episode did Voyager establish real-time communication with Starfleet Headquarters?",Pathfinder,"['Message In A Bottle', 'Someone To Watch Over Me', 'Counterpoint']"
boolean,hard,Entertainment: Musicals &amp; Theatres,"The protagonist&#039;s names in &#039;Who&#039;s Afraid of Virginia Woolf&#039;, George and Martha, were derived from George Washington and his wife.",True,['False']
multiple,medium,Entertainment: Music,"According to a Beatles song, who kept her face in a jar by the door?",Eleanor Rigby,"['Loretta Martin', 'Molly Jones', 'Lady Madonna']"
multiple,medium,Entertainment: Music,Which of the following stars was not mentioned in the lyrics of Madonna&#039;s &quot;Vogue&quot;?,Mae West,"['Marlene Dietrich', 'Lana Turner', 'Grace Kelly']"
multiple,medium,General Knowledge,What is the world&#039;s most expensive spice by weight?,Saffron,"['Cinnamon', 'Cardamom', 'Vanilla']"
multiple,easy,Science &amp; Nature,What is the elemental symbol for mercury?,Hg,"['Me', 'Mc', 'Hy']"
multiple,easy,Entertainment: Japanese Anime &amp; Manga,Who was a voice actor for the English dubbing of HOWL&#039;S MOVING CASTLE (2004)?,Christian Bale,"['Matt Damon', 'Joseph Gordon-Levitt', 'Willem Dafoe']"
multiple,hard,Science &amp; Nature,Which of the following is a major muscle of the back?,Trapezius,"['Trapezium', 'Trapezoid', 'Triquetrum']"
multiple,medium,Entertainment: Video Games,How many regular Sunken Sea Scrolls are there in &quot;Splatoon&quot;?,27,"['32', '30', '5']"
multiple,easy,Entertainment: Video Games,How many carbon cars are there in Burnout Paradise?,6,"['4', '3', '5']"
multiple,medium,General Knowledge,Which item of clothing is usually worn by a Scotsman at a wedding?,Kilt,"['Skirt', 'Dress', 'Rhobes']"
boolean,easy,Science &amp; Nature,The Earth revolves around the Sun in one year.,True,['False']
boolean,medium,Entertainment: Video Games,"In World of Warcraft lore, Thrall is the original wielder of &quot;Doomhammer&quot;.",False,['True']
multiple,hard,History,"In the Seven Wonders of the World, which wonder is the only that has survived to this day?",Great Pyramid of Giza,"['Colossus of Rhodes', 'Lighthouse of Alexandria', 'Statue of Zeus at Olympia']"
multiple,medium,General Knowledge,Only 9% of US Households owned a television in ,1950,"['1965', '1913', '1969']"
multiple,hard,Geography,"Bir Tawil, an uninhabited track of land claimed by no country, is located along the border of which two countries?",Egypt and Sudan,"['Israel and Jordan', 'Chad and Libya', 'Iraq and Saudi Arabia']"
multiple,easy,Entertainment: Video Games,What was Frank West&#039;s job in &quot;Dead Rising&quot;?,Photojournalist,"['Janitor', 'Chef', 'Taxi Driver']"
multiple,hard,Sports,Which of these NHL players have never won a Hart Trophy for Regular Season MVP?,Steve Yzerman,"['Chris Pronger', 'Jose Theodore', 'Henrik Sedin']"
multiple,easy,General Knowledge,What is the currency of India and Pakistan as well as a few other Asian countries?,Rupee,"['Riyal', 'Peso', 'Dinar']"
multiple,easy,General Knowledge,The tale of Robin Hood originates from which country?,England,"['France', 'Portugal', 'Scotland']"
multiple,medium,Animals,What is the scientific name of the Common Chimpanzee?,Pan troglodytes,"['Gorilla gorilla', 'Pan paniscus', 'Panthera leo']"
multiple,medium,Entertainment: Video Games,In the video game &quot;League of Legends&quot; which character is known as &quot;The Sinister Blade&quot;?,Katarina,"['Shaco', 'Akali', 'Zed']"
boolean,easy,Politics,The 2016 United States Presidential Election is the first time Hillary Clinton has run for President.,False,['True']
multiple,medium,Entertainment: Cartoon &amp; Animations,"In the show &quot;Fat Albert and the Cosby Kids&quot;, what is the name of the characters&#039; fictional gang?",The Junkyard Gang,"['The Trash Troupe', 'The Scrapyard Seven', 'The Rotten Posse']"
multiple,hard,Entertainment: Comics,"In the Marvel Universe, the planet of Svartalfheim is home to what race?",Dark Elves,"['Frost Giants', 'Kronans', 'Skrulls']"
multiple,medium,Entertainment: Video Games,"In the game &quot;Subnautica&quot;, which feature was removed due to performance issues in 2016?",Terraforming,"['Building', 'Crafting', 'Multiplayer']"
multiple,medium,Entertainment: Video Games,Which Touhou character is a Hell Raven?,Utsuho Reiuji,"['Flandre Scarlet', 'Marisa Kirisame', 'Aya Shameimaru']"
multiple,medium,Science &amp; Nature,A positron is an antiparticle of a what?,Electron,"['Neutron', 'Proton', 'Photon']"
multiple,medium,Entertainment: Video Games,Which game is NOT part of the Science Adventure series by 5pb. and Nitroplus?,Occultic; Nine,"['Steins; Gate', 'Robotics; Notes', 'Chaos; Child']"
boolean,easy,General Knowledge,Dihydrogen Monoxide is a dangerous chemical.,False,['True']
multiple,easy,Mythology,The Nike apparel and footwear brand takes it&#039;s name from the Greek goddess of what?,Victory,"['Courage', 'Strength', 'Honor']"
boolean,easy,General Knowledge,The disease cancer in itself is not contagious.,True,['False']
multiple,medium,Entertainment: Video Games,How many Mudokons are rescuable in &quot;Oddworld: New &#039;N&#039; Tasty&quot;?,299,"['301', '50', '300']"
multiple,medium,Geography,A lion brandishing a sword is depicted on the national flag of which country?,Sri Lanka,"['Albania', 'Zambia', 'Moldova']"
multiple,easy,Entertainment: Music,How many albums did King Gizzard &amp; the Lizard Wizard release in 2017?,5,"['3', '6', '2']"
multiple,medium,Politics,"In United States history, how many vice presidents did Franklin D. Roosevelt have during his time in office as president?",3,"['1', '2', '0']"
multiple,medium,Entertainment: Books,Who wrote the &quot;A Song of Ice And Fire&quot; fantasy novel series?,George R. R. Martin,"['George Lucas', 'George Orwell', 'George Eliot']"
multiple,easy,Entertainment: Music,"What is the name of Metallica&#039;s debut album, released in 1983?",Kill &#039;Em All,"['...And Justice for All', 'Master of Puppets', 'Countdown to Extinction']"
multiple,easy,Entertainment: Film,Which of the following was not one of &quot;The Magnificent Seven&quot;?,Clint Eastwood,"['Steve McQueen', 'Charles Bronson', 'Robert Vaughn']"
boolean,easy,Entertainment: Television,&quot;The Simpsons&quot; family is named after creator Matt Groening&#039;s real family.,True,['False']
boolean,medium,Entertainment: Music,&quot;Rumble&quot; by Link Wray is the only instrumental song to ever have been banned from US radio.,True,['False']
multiple,medium,History,Who was a military strategist in the Eastern Zhou period?,Sun Tzu,"['Lu Bu', 'Genghis Khan', 'Vlad The Impaler']"
multiple,medium,Entertainment: Video Games,"In the beginning of the game &quot;Sonic Adventure&quot;, what color Chaos Emerald does Tails own?",Purple,"['Red', 'Green', 'Blue']"
multiple,hard,General Knowledge,Which of these banks are NOT authorized to issue currency notes in Hong Kong?,OCBC,"['HSBC', 'Standard Chartered', 'Bank of China']"
multiple,easy,General Knowledge,How many letters are in the English alphabet?,26,"['30', '17', '5']"
multiple,easy,Science &amp; Nature,What is the hottest planet in the solar system,Venus,"['Jupiter', 'Mercury ', 'Mars']"
multiple,hard,Entertainment: Japanese Anime &amp; Manga,Who is One Punch Man voiced by in the Japanese version.,Makoto Furukawa,"['Zach Aguilar', 'Kaito Ishikawa', 'Max Mittelman ']"
multiple,medium,Entertainment: Television,"In the Netflix show, Stranger Things, what song would Will sing to himself as he was missing?",Should I Stay or Should I Go?,"['Love Will Tear Us Apart', 'This Charming Man', 'Africa']"
multiple,easy,Entertainment: Video Games,What ingredients are required to make a cake in Minecraft?,"Milk, Sugar, Egg, and Wheat","['Milk, Bread, Egg, and Wheat', 'Milk, Sugar Cane, Egg, and Wheat', 'Milk, Sugar, and Wheat']"
multiple,easy,Science &amp; Nature,What is the largest animal currently on Earth?,Blue Whale,"['Orca', 'Colossal Squid', 'Giraffe']"
multiple,hard,Entertainment: Board Games,"In standard Monopoly, what&#039;s the rent if you land on Park Place with no houses?",$35,"['$30', '$50', '$45']"
multiple,easy,Entertainment: Video Games,Who is the main antagonist in the Portal franchise?,GLaDOS,"['Chell', 'Wheatley', 'Rick']"
multiple,medium,Entertainment: Video Games,The video game publishers known as &quot;tinyBuild&quot; published which of these games?,Clustertruck,"['Don&#039;t Starve', 'Stardew Valley', 'Slime Rancher']"
multiple,easy,History,Who rode on horseback to warn the Minutemen that the British were coming during the U.S. Revolutionary War?,Paul Revere,"['Thomas Paine', 'Henry Longfellow', 'Nathan Hale']"
multiple,medium,Science &amp; Nature,At what temperature does water boil?,212&deg;F,"['200&deg;F', '181&deg;F', '178&deg;F']"
multiple,medium,Entertainment: Music,Where does &quot;Gasolina&quot; rapper Daddy Yankee originate from?,Puerto Rico,"['Cuba', 'Mexico', 'Spain']"
multiple,hard,History,Who was the first man to travel into outer space?,Yuri Gagarin,"['Virgil Ivan &quot;Gus&quot; Grissom', 'Neil Armstrong', 'Buzz Aldrin']"
multiple,easy,History,"In 1939, Britain and France declared war on Germany after it invaded which country?",Poland,"['Czechoslovakia', 'Austria', 'Hungary']"
multiple,hard,Entertainment: Musicals &amp; Theatres,What is the name of Broadway&#039;s first &quot;long-run&quot; musical?,The Elves,"['Wicked', 'Hamilton', 'The Book of Mormon']"
multiple,hard,Entertainment: Video Games,"In the &quot;Halo&quot; series, what is the name of the race of aliens humans refer to as &quot;Grunts&quot;?",Unggoy,"['Huragok', 'Sangheili', 'Yanme&#039;e']"
boolean,hard,Mythology,Rannamaari was a sea demon that haunted the people of the Maldives and had to be appeased monthly with the sacrifice of a virgin girl.,True,['False']
multiple,medium,General Knowledge,"In the Morse code, which letter is indicated by 3 dots? ",S,"['O', 'A', 'C']"
boolean,medium,Entertainment: Music,Norwegian producer Kygo released a remix of the song &quot;Sexual Healing&quot; by Marvin Gaye.,True,['False']
multiple,medium,General Knowledge,Which of the following correctly describes Japanese word order?,Subject Object Verb,"['Subject Verb Object', 'Verb Subject Object', 'Verb Object Subject']"
multiple,hard,Science &amp; Nature,"In quantum physics, which of these theorised sub-atomic particles has yet to be observed?",Graviton,"['Z boson', 'Tau neutrino', 'Gluon']"
multiple,medium,Science &amp; Nature,What are the smallest blood vessels in the human body?,Capillaries,"['Arterioles', 'Veinules', 'Lymphatics']"
multiple,medium,Science: Computers,Which of the following languages is used as a scripting language in the Unity 3D game engine?,C#,"['Java', 'C++', 'Objective-C']"
multiple,hard,Geography,Where is the fast food chain &quot;Panda Express&quot; headquartered?,"Rosemead, California","['Sacramento, California', 'Fresno, California', 'San Diego, California']"
multiple,easy,Entertainment: Video Games,What minimum level in the Defence skill is needed to equip Dragon Armour in the MMO RuneScape?,60,"['65', '55', '70']"
multiple,medium,Entertainment: Video Games,Which football player is featured on the international cover version of the video game FIFA 16?,Lionel Messi,"['Cristiano Ronaldo', 'Wayne Rooney', 'David Beckham']"
multiple,hard,Science: Computers,What is the name of the process that sends one qubit of information using two bits of classical information?,Quantum Teleportation,"['Super Dense Coding', 'Quantum Entanglement', 'Quantum Programming']"
multiple,hard,Entertainment: Video Games,"In the Lego Island trilogy, who taught Pepper Roni how to read?",Officer Laura Brick,"['Papa Brickolini', 'Officer Nick Brick', 'Mama Brickolini']"
multiple,easy,Science &amp; Nature,What is the powerhouse of the cell?,Mitochondria,"['Ribosome', 'Redbull', 'Nucleus']"
multiple,easy,Entertainment: Film,What breed of dog was Marley in the film &quot;Marley &amp; Me&quot; (2008)?,Labrador Retriever,"['Golden Retriever', 'Dalmatian', 'Shiba Inu']"
multiple,easy,Entertainment: Cartoon &amp; Animations,"In the show &quot;Steven Universe&quot;, who are the main two employees of The Big Donut?",Sadie and Lars,"['Steven and James', 'Erik and Julie', 'Bob and May']"
multiple,easy,Entertainment: Film,Which movie released in 2016 features Superman and Batman fighting?,Batman v Superman: Dawn of Justice,"['Batman v Superman: Superapocalypse', 'Batman v Superman: Black of Knight', 'Batman v Superman: Knightfall']"
boolean,medium,Entertainment: Television,"Klingons respect their disabled comrades, and those who are old, injuried, and helpless.",False,['True']
multiple,medium,Entertainment: Comics,"In Bionicle, who was formerly a Av-Matoran and is now the Toa of Light?",Takua,"['Jaller', 'Vakama', 'Tahu']"
multiple,easy,Science: Mathematics,What is the least number of sides a polygon can have?,3,"['1', '2', '7']"
multiple,medium,Entertainment: Books,Which of these books was NOT written by the Czech author Karel Čapek?,Journey to the Center of the Earth,"['The War with the Newts', 'R.U.R. (Rossum&#039;s Universal Robots)', 'Dashenka, or the Life of a Puppy']"
multiple,easy,General Knowledge,What is the perimeter of a circle more commonly known as?,Circumference,"['Diameter', 'Radius', 'Arc']"
boolean,easy,Geography,Vatican City is a country.,True,['False']
boolean,medium,Science &amp; Nature,"If you dip a dry towel into a tub full of water, water will climb up the towel by a phenomenon called &quot;Cartillary Action&quot;",False,['True']
multiple,medium,Entertainment: Music,Who is the lead singer of Silverchair?,Daniel Johns,"['Ben Gillies', 'Chris Joannou', 'George Costanza']"
multiple,medium,Entertainment: Video Games,"In the Half-Life 2 universe, how long did it take for the Combine to take complete control of the earth?",7 hours,"['3 months', '24 hours', '1 week']"
multiple,medium,Entertainment: Video Games,What video game genre were the original Warcraft games?,RTS (Real Time Strategy),"['RPG (Role Playing Game)', 'TBS (Turn Based Strategy)', 'MMO (Massively Multiplayer Online)']"
multiple,medium,Entertainment: Video Games,"Which of these characters was almost added into Super Smash Bros. Melee, but not included as the game was too far in development?",Solid Snake,"['Pit', 'Meta Knight', 'R.O.B.']"
multiple,hard,Entertainment: Board Games,"What was the development code name for the &quot;Weatherlight&quot; expansion for &quot;Magic: The Gathering&quot;, released in 1997?",Mocha Latte,"['Decaf', 'Frappuccino', 'Macchiato']"
multiple,medium,Entertainment: Video Games,Which of these stages is not playable in &quot;Super Smash Bros. for Wii U&quot;?,Fountain of Dreams,"['Bridge of Eldin', '75m', 'Miiverse']"
multiple,medium,History,During what war did the &quot;Cuban Missile Crisis&quot; occur?,Cold War,"['World War I', 'World War II', 'Revolutionary War']"
boolean,easy,Science &amp; Nature,All planets in the Solar System orbit the Sun.,True,['False']
boolean,medium,Entertainment: Television,The author behind the acclaimed novel &quot;Leaving Las Vegas&quot; also wrote an episode of Rugrats.,True,['False']
multiple,medium,Entertainment: Cartoon &amp; Animations,"In the animated series RWBY, what is the name of the weapon used by Weiss Schnee?",Myrtenaster,"['Gambol Shroud', 'Crescent Rose', 'Ember Celica']"
multiple,easy,Entertainment: Film,The 2002 film &quot;28 Days Later&quot; is mainly set in which European country?,United Kingdom,"['France', 'Italy', 'Germany']"
multiple,medium,Entertainment: Japanese Anime &amp; Manga,What year does Part 7 of &quot;JoJo&#039;s Bizarre Adventure&quot; take place in?,1890,"['1888', '1999', '2003']"
multiple,easy,History,What country joined the EU in 2013?,Croatia,"['Bulgaria', 'Slovenia', 'Turkey']"
boolean,hard,Entertainment: Music,The song Scatman&#039;s World was released after Scatman (Ski-Ba-Bop-Ba-Dop-Bop).,True,['False']
multiple,easy,Entertainment: Music,Which of the following songs was not originally released by Sir Elton John? ,You&#039;ll Be In My Heart,"['Crocodile Rock', 'Candle in the Wind', 'I Don&#039;t Wanna Go On With You Like That']"
multiple,medium,Entertainment: Japanese Anime &amp; Manga,"In &quot;One Piece&quot;, which one of the following is NOT an Ancient Weapon?",Jupiter,"['Uranus', 'Poseidon', 'Pluton']"
multiple,medium,General Knowledge,What is the last letter of the Greek alphabet?,Omega,"['Mu', 'Epsilon', 'Kappa']"
multiple,hard,History,What Southeast Asian country was formerly known as &#039;Lan Xang&#039;?,Laos,"['Cambodia', 'Vietnam', 'Thailand']"
multiple,medium,Geography,What is the smallest country in South America by area?,Suriname,"['Brazil', 'Uruguay', 'Chile']"
boolean,hard,Science: Computers,Apple was on the verge of bankruptcy in 1997 and was saved by Microsoft,True,['False']
multiple,easy,Entertainment: Video Games,Which company developed the free battle royale game Fortnite?,Epic Games,"['Valve', 'Ubisoft', 'Square Enix']"
boolean,medium,History,Martin Luther King Jr. and Anne Frank were born the same year. ,True,['False']
boolean,easy,General Knowledge,All strawberries are red.,False,['True']
multiple,medium,Entertainment: Video Games,"In the video game DOTA 2, which of these is NOT a hero?",Dragon Champion,"['Dark Seer', 'Keeper of the Light', 'Mirana']"
multiple,medium,Entertainment: Video Games,"In the Mass Effect trilogy, who is the main protagonist?",Shepard,"['Mordin', 'Garrus', 'Thane']"
multiple,hard,Entertainment: Video Games,What device allows Tracer to manipulate her own time in the game &quot;Overwatch&quot;?,Chronal Accelerator,"['B.L.I.N.K', 'Spacial Displacement Manipulator', 'TMD (Time Manipulation Device)']"
multiple,easy,Science &amp; Nature,What is the standard SI unit for mass?,Kilogram,"['Tonne', 'Pound', 'Gram']"
multiple,medium,Entertainment: Music,What was the birthplace of musical artist &#039;Sir Robert Bryson Hall II&#039; (aka. Logic)?,"Maryland, United States","['Atlanta, United States', 'London, United Kingdom', ' Botswana, Africa']"
multiple,easy,Entertainment: Video Games,How do you tame a horse in Minecraft?,By continually mounting it,"['By feeding it Wheat', 'By feeding it Sugar', 'By petting it']"
boolean,hard,Geography,"Switzerland has four national languages, English being one of them.",False,['True']
multiple,medium,Geography,Which state of the United States is the smallest?,Rhode Island ,"['Maine', 'Vermont', 'Massachusetts']"
boolean,medium,Entertainment: Video Games,"In &quot;Super Mario World&quot;, the rhino mini-boss, Reznor, is named after the lead singer of the band &quot;Nine Inch Nails&quot;.",True,['False']
boolean,easy,General Knowledge,"When you cry in space, your tears stick to your face.",True,['False']
multiple,medium,Entertainment: Japanese Anime &amp; Manga,"How does the character Dragowizard, Qinus Axia&#039;s from the anime &quot;Buddyfight&quot; differ between the Japanese and English dubs?",Different Gender,"['Different Body Proportions', 'Different Backstory', 'Different Appearance']"
boolean,easy,Politics,The S in Harry S. Truman stands for &quot;Samuel&quot;.,False,['True']
multiple,medium,Entertainment: Film,"What type of cheese, loved by Wallace and Gromit, had it&#039;s sale prices rise after their successful short films?",Wensleydale,"['Cheddar', 'Moon Cheese', 'Edam']"
multiple,hard,Entertainment: Video Games,Which of these is NOT a possible drink to be made in the game &quot;VA-11 HALL-A: Cyberpunk Bartender Action&quot;?,Sour Appletini,"['Fringe Weaver', 'Piano Man', 'Bad Touch']"
multiple,hard,General Knowledge,"In &quot;Battle Cats&quot;, what is Moneko / MISS Moneko&#039;s critical percentage rate?",15%,"['20%', '10%', '25%']"
multiple,medium,General Knowledge,What is the romanized Russian word for &quot;winter&quot;?,Zima,"['Leto', 'Vesna', 'Osen&#039;']"
multiple,hard,Geography,What is the area of Vatican City?,0.44km^2,"['0.10km^2', '0.86km^2', '12.00km^2']"
multiple,medium,Entertainment: Television,Which of the following was not an actor/actress on the American television show &quot;Saturday Night Live&quot; in Season 42?,Tina Fey,"['Mikey Day', 'Kate McKinnon', 'Sasheer Zamata']"
multiple,medium,Entertainment: Video Games,Which of these games was NOT a Nintendo Switch launch title in the United States? ,Voez,"['Just Dance 2017', 'Snipperclips', 'Fast RMX']"
multiple,hard,Geography,Which of these countries is NOT a part of the Asian continent?,Suriname,"['Georgia', 'Russia', 'Singapore']"
multiple,medium,Politics,Who succeeded Joseph Stalin as General Secretary of the Communist Party of the Soviet Union?,Nikita Khrushchev,"['Leonid Brezhnev', 'Mikhail Gorbachev', 'Boris Yeltsin']"
multiple,medium,Entertainment: Video Games,What is a Tetris piece called?,Tetromino,"['Tetratile', 'Tetris', 'Tetripiece']"
boolean,medium,Geography,The third largest country (by square kilometres) in South America is Colombia.,False,['True']
multiple,easy,Entertainment: Film,The Queen song `A Kind Of Magic` is featured in which 1986 film?,Highlander,"['Flash Gordon', 'Labyrinth', 'Howard the Duck']"
boolean,medium,Science &amp; Nature,Sound can travel through a vacuum.,False,['True']
boolean,medium,Entertainment: Japanese Anime &amp; Manga,"In Full Metal Panic!, Whispered are those who are capable of creating Black Technology.",True,['False']
multiple,easy,General Knowledge,What is the Spanish word for &quot;donkey&quot;?,Burro,"['Caballo', 'Toro', 'Perro']"
boolean,medium,History,There are 13 months in the Ethiopian calendar.,True,['False']
multiple,easy,Sports,How many players are there in an association football/soccer team?,11,"['10', '9', '8']"
multiple,easy,Entertainment: Video Games,How many games in the Crash Bandicoot series were released on the original Playstation?,5,"['4', '3', '6']"
multiple,medium,History,On which day did the attempted coup d&#039;etat of 1991 in the Soviet Union begin?,August 19,"['August 21', 'December 26', 'December 24']"
multiple,hard,Entertainment: Video Games,"In the game Cry of Fear, which enemy can cause the player to kill themselves if they are wielding a loaded firearm?",Drowned,"['Suicider', 'Citalopram', 'Psycho']"
multiple,medium,Science: Gadgets,"Apple&#039;s Voice Assistant, Siri, debuted on which iPhone?",iPhone 4S,"['iPhone 6S', 'iPhone 3GS', 'iPhone 5S']"
boolean,easy,Entertainment: Film,Actor Tommy Chong served prison time.,True,['False']
multiple,hard,Science: Mathematics,Which of these numbers is closest to the total number of possible states for an army standard Enigma Machine?,1.58 x 10^20,"['1.58 x 10^22', '1.58 x  10^18', '1.58 x 10^24']"
multiple,easy,Entertainment: Cartoon &amp; Animations,"In The Simpsons, which war did Seymour Skinner serve in the USA Army as a Green Beret?",Vietnam War,"['World War 2', 'World War 1', 'Cold War']"
multiple,easy,Entertainment: Video Games,What is the name of the playable character in the 2018 video game Deltarune: Chapter 1?,Kris,"['Frisk', 'Chara', 'Gaster']"
multiple,easy,General Knowledge,Area 51 is located in which US state?,Nevada,"['Arizona', 'New Mexico', 'Utah']"
multiple,medium,Entertainment: Video Games,"In the game Destiny, who succeeded Peter Dinklage in voicing the protagonist&#039;s &quot;Ghost&quot;?",Nolan North,"['John DiMaggio', 'Mark Hamill', ' Troy Baker']"
multiple,hard,Entertainment: Music,Panic! At the Disco&#039;s sixth album &quot;Pray For The Wicked&quot; was released on which date?,"June 22, 2018","['May 9, 2018', 'March 13, 2018', 'February 21, 2018']"
multiple,medium,Entertainment: Comics,What is the name of the main character in the webcomic Gunnerkrigg Court by Tom Siddell?,Antimony,"['Bismuth', 'Mercury', 'Cobalt']"
multiple,medium,Entertainment: Video Games,What snowy mob was added in Minecraft 1.10?,Polar bears,"['Eskimos', 'Penguins', 'Walking TNT']"
multiple,easy,Science &amp; Nature,Which is the longest bone in the human body? ,Femur,"['Scapula', 'Fibula', 'Ulna']"
multiple,medium,Celebrities,Who out of these actresses is the youngest?,Kiernan Shipka,"['Ariel Winter', 'Emma Watson', 'Bonnie Wright']"
multiple,medium,Entertainment: Music,Which British band did Keith Moon play in until his death in 1978?,The Who,"['The Kinks', 'The Yardbirds', 'The Small Faces']"
boolean,medium,Entertainment: Video Games,"In the Disgaea series, any character can equip any weapon.",False,['True']
multiple,medium,History,Who led France during the &quot;Reign of Terror&quot; ?,Maximilien Robespierre,"['Napoleon Bonaparte', 'Jean-Paul Marat', 'Louis XVI']"
multiple,easy,Entertainment: Video Games,In which mall does &quot;Dead Rising&quot; take place?,Willamette Parkview Mall,"['Liberty Mall', 'Twin Pines Mall', 'Central Square Shopping Center']"
multiple,medium,Entertainment: Television,"At which university do &quot;The Big Bang Theory&quot; characters Mr. Wolowitz and Drs. Cooper, Hofstadter and Koothrappali work?",Caltech,"['UCLA', 'MIT', 'UC Berkeley ']"
multiple,medium,Entertainment: Music,In what year did US band Weezer release Weezer (The White Album)?,2016,"['2001', '2008', '2019']"
multiple,medium,History,Which of these countries was NOT a part of the Soviet Union?,Afghanistan,"['Turkmenistan', 'Kazakhstan', 'Uzbekistan']"
boolean,easy,Entertainment: Video Games,In the Mortal Kombat series the &quot;Deadly Alliance&quot; consists of Shang Tsung and Quan Chi,True,['False']
multiple,easy,Entertainment: Video Games,"In Need for Speed: Most Wanted (2005), what was the name of the main antagonist?",Clarence &quot;Razor&quot; Callahan,"['Hector &quot;Ming&quot; Domingo', 'Toru &quot;Bull&quot; Sato', 'Karl &quot;Baron&quot; Smit']"
multiple,medium,Entertainment: Music,Who had hits in the 70s with the songs &quot;Lonely Boy&quot; and &quot;Never Let Her Slip Away&quot;?,Andrew Gold,"['Elton John', 'Leo Sayer', 'Barry White ']"
multiple,hard,History,When did Canada leave the confederation to become their own nation?,"July 1st, 1867","['July 1st, 1763', 'July 1st, 1832', 'July 1st, 1902']"
boolean,hard,Entertainment: Video Games,Unturned originally started as a Roblox game.,True,['False']
multiple,medium,Entertainment: Video Games,What system was &quot;Touhou: Highly Responsive to Prayers&quot; released on?,PC-98,"['OSX 10.9.5', 'Windows ME', 'Windows 98']"
multiple,hard,Science: Computers,America Online (AOL) started out as which of these online service providers?,Quantum Link,"['CompuServe', 'Prodigy', 'GEnie']"
multiple,hard,Entertainment: Video Games,The map featured in Arma 3 named &quot;Altis&quot; is based off of what Greek island?,Lemnos,"['Ithaca', 'Naxos', 'Anafi']"
multiple,easy,Science &amp; Nature,The biggest distinction between a eukaryotic cell and a prokaryotic cell is:,The presence or absence of a nucleus,"['The overall size', 'The presence or absence of certain organelles', 'The mode of reproduction']"
multiple,easy,Entertainment: Cartoon &amp; Animations,Which of these is NOT a catchphrase used by Rick Sanchez in the TV show &quot;Rick and Morty&quot;?,"Slam dunk, nothing but net!","['Hit the sack, Jack!', 'Rikki-Tikki-Tavi, biatch!', 'Wubba-lubba-dub-dub!']"
multiple,medium,Entertainment: Japanese Anime &amp; Manga,What year did &quot;Attack on Titan&quot; Season 2 begin airing?,2017,"['2018', '2019', '2020']"
multiple,hard,Entertainment: Japanese Anime &amp; Manga,"In the superhero anime, &quot;One Punch Man&quot;, what is the main protagonist&#039;s Hero name?",Caped Baldy,"['Strong Fist', 'Mad Boxer', 'Justice Puncher']"
multiple,easy,Entertainment: Video Games,Which Animal Crossing game was for the Nintendo Wii?,Animal Crossing: City Folk,"['Animal Crossing: New Leaf', 'Animal Crossing: Wild World', 'Animal Crossing: Population Growing!']"
multiple,easy,Entertainment: Video Games,In &quot;Phoenix Wright: Ace Attorney&quot; which character is the District Chief of Police?,Damon Gant,"['Miles Edgeworth', 'Lana Skye', 'Mike Meekins']"
multiple,hard,Science &amp; Nature,Which of the following is NOT a word used to describe an earthquake?,Drop-slide,"['Foreshock', 'Strike-slip', 'Temblor']"
multiple,easy,Entertainment: Television,Which company has exclusive rights to air episodes of the &quot;The Grand Tour&quot;?,Amazon,"['Netflix', 'BBC', 'CCTV']"
multiple,easy,Entertainment: Japanese Anime &amp; Manga,"In the anime Black Butler, who is betrothed to be married to Ciel Phantomhive?",Elizabeth Midford,"['Rachel Phantomhive', 'Alexis Leon Midford', 'Angelina Dalles']"
multiple,medium,Geography,What is the largest Muslim country in the world?,Indonesia,"['Pakistan', 'Saudi Arabia', 'Iran']"
multiple,easy,Sports,The UEFA Champions League is an annual club football competition featuring clubs from which continent?,Europe,"['South America', 'Africa', 'Asia']"
multiple,easy,Entertainment: Television,Which of the following won the first season of American Idol in 2002?,Kelly Clarkson,"['Justin Guarini', 'Ruben Studdard', 'Chris Daughtry']"
multiple,hard,Entertainment: Books,"In the Beatrix Potter books, what type of animal is Tommy Brock?",Badger,"['Fox', 'Frog', 'Rabbit']"
multiple,medium,Entertainment: Film,"In the Mad Max franchise, what type of car is the Pursuit Special driven by Max?",Ford Falcon,"['Holden Monaro', 'Chrysler Valiant Charger', 'Pontiac Firebird']"
multiple,medium,General Knowledge,"Out of these four buildings, which one is the tallest, with a height of 1,250 ft (381 m)?","Empire State Building, United States","['Bank of China Tower, Hong Kong', 'Federation Tower, Russia', 'Gevora Hotal, United Arab Emirates']"
multiple,medium,Sports,What cricketing term denotes a batsman being dismissed with a score of zero?,Duck,"['Bye', 'Beamer', 'Carry']"
multiple,easy,Entertainment: Music,"According to the American rapper Nelly, what should you do when its hot in here?",Take off all your clothes,"['Take a cool shower', 'Drink some water', 'Go skinny dipping']"
multiple,hard,Entertainment: Video Games,"Which of these characters was considered, but ultimately not included, for Super Smash Bros. Melee?",James Bond,"['Diddy Kong', 'Mega Man', 'Wave Racer']"
boolean,medium,Animals,Finnish Lapphund dogs were used for herding reindeer.,True,['False']
boolean,easy,General Knowledge,The mitochondria is the powerhouse of the cell.,True,['False']
multiple,medium,Science: Computers,Approximately how many Apple I personal computers were created?,200,"['100', '500', '1000']"
multiple,easy,Entertainment: Video Games,What year was the game &quot;Overwatch&quot; revealed?,2014,"['2015', '2011', '2008']"
multiple,medium,Science: Mathematics,"In the complex plane, multiplying a given function by i rotates it anti-clockwise by how many degrees?",90,"['180', '270', '0']"
multiple,medium,Science: Computers,How many bytes are in a single Kibibyte?,1024,"['2400', '1000', '1240']"
multiple,easy,Entertainment: Books,What is the title of the first Sherlock Holmes book by Arthur Conan Doyle?,A Study in Scarlet,"['The Sign of the Four', 'A Case of Identity', 'The Doings of Raffles Haw']"
multiple,easy,Entertainment: Music,Which member of the Foo Fighters was previously the drummer for Nirvana?,Dave Grohl,"['Taylor Hawkins', 'Nate Mendel', 'Chris Shiflett']"
multiple,medium,Geography,"What is the capital of British Columbia, Canada?",Victoria,"['Vancouver', 'Hope', 'Kelowna']"
boolean,medium,Entertainment: Television,"In &quot;Star Trek&quot;, Klingons are commonly referred to as &quot;Black Elves&quot;.",False,['True']
multiple,medium,Geography,Lake Titicaca is located between which two nations?,Peru and Bolivia,"['Kenya and Uganda', 'Mexico and the United States', 'India and Bangladesh']"
multiple,medium,Geography,Which of these countries is located the FURTHEST away from the South China Sea?,Bangladesh,"['Malaysia', 'Vietnam', 'Philippines']"
boolean,easy,Entertainment: Video Games,"In Pok&eacute;mon, Arbok evolves into Seviper.",False,['True']
multiple,hard,Sports,Who won the 1998 Daytona 500?,Dale Earnhardt,"['John Anderson', 'Jeff Gordon', 'Michael Walltrip']"
multiple,easy,Science: Mathematics,What is the mathematician Euler&#039;s first name?,Leonhard,"['Lionel', 'Andrin', 'Ajan']"
boolean,easy,Entertainment: Japanese Anime &amp; Manga,The name of the attack &quot;Kamehameha&quot; in Dragon Ball Z was named after a famous king of Hawaii.,True,['False']
multiple,easy,Entertainment: Television,"In the Star Trek universe, what color is Vulcan blood?",Green,"['Blue', 'Red', 'Purple']"
multiple,medium,General Knowledge,"What is the name of the popular animatronic singing fish prop, singing such hits such as &quot;Don&#039;t Worry, Be Happy&quot;?",Big Mouth Billy Bass,"['Big Billy Bass', 'Singing Fish', 'Sardeen']"
multiple,medium,Entertainment: Board Games,Which of the following characters is not in the board game Clue?,Mister Indigo,"['Colonel Mustard', 'Reverend Green', 'Miss Scarlet']"
multiple,easy,Entertainment: Video Games,What is the name of the main character in &quot;Life is Strange&quot;?,Maxine Caulfield,"['Victoria Chase', 'Stella Hill', 'Chloe Price']"
multiple,easy,Entertainment: Video Games,What company created and developed the game &quot;Overwatch&quot;?,Blizzard Entertainment,"['Valve', 'Hi-Rez Studios', 'Gearbox Software']"
multiple,medium,Geography,The land mass of modern day Turkey is called what?,Anatolia,"['Ismuth of Ottoma', 'Ottoma', 'Ismuth of Anatolia']"
multiple,medium,Science &amp; Nature,The medical condition osteoporosis affects which part of the body?,Bones,"['Skin', 'Brain', 'Heart']"
multiple,easy,Entertainment: Music,Who was the most streamed artist on Spotify in 2019?,Post Malone,"['Billie Eilish', 'Ariana Grande', 'Drake']"
boolean,easy,Geography,Alaska and Hawaii are the only US states that have their own timezones.,True,['False']
multiple,medium,Entertainment: Books,"J.K. Rowling completed &quot;Harry Potter and the Deathly Hallows&quot; in which hotel in Edinburgh, Scotland?",The Balmoral,"['The Dunstane Hotel', 'Hotel Novotel', 'Sheraton Grand Hotel &amp; Spa']"
multiple,medium,Politics,Who was the only president to not be in office in Washington D.C?,George Washington,"['Abraham Lincoln', 'Richard Nixon', 'Thomas Jefferson']"
multiple,easy,Entertainment: Books,What&#039;s Harry Potter&#039;s dad&#039;s name?,James Potter,"['Joey Potter', 'Frank Potter', 'Hairy Potter Sr.']"
multiple,easy,General Knowledge,Five dollars is worth how many nickels?,100,"['50', '25', '69']"
multiple,hard,Entertainment: Video Games,"In the game Danganronpa: Happy Trigger Havoc, the character Aoi Asahina&#039;s ultimate ability is what?",Ultimate Swimmer,"['Ultimate Detective', 'Ultimate Gambler', 'Ultimate Dancer']"
multiple,easy,History,Which of the following was Brazil was a former colony under?,Portugal,"['Spain', 'The Netherlands', 'France']"
boolean,medium,General Knowledge,Cucumbers are usually more than 90% water.,True,['False']
multiple,medium,Entertainment: Music,Which of these songs did Jimi Hendrix cover?,All of these songs,"['Sgt. Pepper&#039;s Lonely Hearts Club Band', 'All Along the Watchtower', 'House of the Rising Sun']"
boolean,easy,Entertainment: Film,"Samuel L. Jackson had the words, &#039;Bad Motherf*cker&#039; in-scripted on his lightsaber during the filming of Star Wars.",True,['False']
multiple,medium,Geography,What is the capital of the US state Nevada?,Carson City,"['Las Vegas', 'Henderson', 'Reno']"
multiple,medium,Entertainment: Video Games,Which unlockable character in Super Smash Bros. For Wii U and 3DS does not have to be fought to be unlocked?,Mii Fighters,"['Ness', 'R.O.B.', 'Mewtwo']"
boolean,easy,Entertainment: Cartoon &amp; Animations,Waylon Smithers from &quot;The Simpsons&quot; was originally black when he first appeared in the series.,True,['False']
boolean,hard,Politics,Joko Widodo has appeared in the cover of a TIME magazine.,True,['False']
boolean,easy,Entertainment: Board Games,"When setting up a chess board, the king is placed on a square of his own color.",False,['True']
multiple,easy,Entertainment: Music,Where does the Mac part of the name Fleetwood Mac come from?,John McVie,"['Christine McVie', 'Mac McAnally', 'David Tennant']"
multiple,hard,History,What micro-state is considered to have the oldest constitution still in effect?,San Marino,"['Andorra', 'Monaco', 'Saint Kitts and Nevis']"
multiple,easy,Geography,Which city is the capital of the United States of America?,Washington D.C,"['Seattle', 'Albany', 'Los Angeles']"
multiple,hard,Entertainment: Video Games,"In &quot;Starbound&quot;, according to the asset files, the description of the &quot;Erchius Ghost&quot; is the same as which other assets?",Spookit,"['Petricub', 'Trictus', 'Pyromantle']"
multiple,easy,Celebrities,Aubrey Graham is better known as,Drake,"['Travis Scott', 'Lil Wayne', '2 Chainz']"
multiple,medium,Entertainment: Film,Which of these Disney classics was released in 1970?,The Aristocats,"['One Hundred and One Dalmatians', 'The Fox and the Hound', 'The Little Mermaid']"
boolean,medium,Entertainment: Video Games,"In Rocket League, you can play Basketball.",True,['False']
multiple,medium,Entertainment: Music,Pearl Jam was originally named after which sports figure?,Mookie Blaylock,"['Oil Can Boyd', 'Danger Fourpence', 'Blue Moon Odom']"
multiple,medium,Vehicles,What nickname was given to Air Canada Flight 143 after it ran out of fuel and glided to safety in 1983?,Gimli Glider,"['Gimli Microlight', 'Gimli Chaser', 'Gimli Superb']"
multiple,medium,Entertainment: Music,&quot;Make You Feel My Love&quot; was originally written and performed by which singer-songwriter?,Bob Dylan,"['Elvis', 'Adele', 'Billy Joel']"
multiple,easy,Entertainment: Video Games,Which member of the Velvet Room is not a playable character in Persona 4 Arena Ultimax?,Theodore,"['Elizabeth', 'Margaret', 'Marie']"
multiple,easy,Science &amp; Nature,How many chromosomes are in your body cells?,23,"['21', '22', '24']"
multiple,medium,Entertainment: Books,"Of the following, which Stephen King novel was published earliest?",&quot;Cujo&quot;,"['&quot;Misery&quot;', '&quot;Christine&quot;', '&quot;IT&quot;']"
multiple,medium,Entertainment: Video Games,What animal is featured in &quot;Bloons TD Battles&quot;?,Monkeys,"['Alligators', 'Pigeons', 'Lizards']"
multiple,easy,Art,What is a fundamental element of the Gothic style of architecture?,pointed arch,"['coffered ceilings', 'fa&ccedil;ades surmounted by a pediment ', 'internal frescoes']"
multiple,medium,Entertainment: Film,"In the 1999 movie Fight Club, which of these is not a rule of the &quot;fight club&quot;?",Always wear a shirt,"['You do not talk about FIGHT CLUB', 'Only two guys to a fight', 'Fights will go on as long as they have to']"
boolean,easy,General Knowledge,The color orange is named after the fruit.,True,['False']
multiple,easy,Entertainment: Video Games,What was the first video game in the Batman &quot;Arkham&quot; series?,Arkham Asylum,"['Arkham Knight', 'Arkham City', 'Arkham Origins']"
boolean,medium,Entertainment: Video Games,"In career mode of &quot;Need for Speed: Underground 2&quot;, the first car the player can drive is the BMW M3 GTR.",False,['True']
boolean,easy,Entertainment: Film,"In the movie The Revenant, DiCaprio&#039;s character hunts down the killer of his son.",True,['False']
multiple,easy,Science: Mathematics,How many degrees make a full circle?,360,"['180', '90', '720']"
multiple,medium,Science &amp; Nature,How old is the universe?,13.8 Billion Years,"['4.5 Billion Years', '7.9 Billion Years', '16.2 Billion Years']"
multiple,easy,Entertainment: Music,Which group performs the song &quot;Crash into Me&quot;?,Dave Matthews Band,"['Phish', 'The Grateful Dead', 'Destiny&#039;s Child']"
multiple,medium,Entertainment: Television,Who sang the theme song for the TV show &#039;Rawhide&#039;?,Frankie Laine,"['Guy Mitchell', ' Tennessee Ernie Ford', 'Slim Whitman']"
multiple,medium,Entertainment: Film,"In Tron: Legacy, Kevin Flynn wrote a program to create the perfect system. What was the program&#039;s name?",Clu,"['Tron', 'MCP', 'Quorra']"
multiple,medium,Geography,What is the official language of Bhutan?,Dzongkha,"['Ladakhi', 'Karen', 'Groma']"
multiple,hard,Entertainment: Video Games,"In World of Warcraft lore, who organized the creation of the Paladins?",Alonsus Faol,"['Uther the Lightbringer', 'Alexandros Mograine', 'Sargeras, The Daemon Lord']"
multiple,easy,Sports,Which African American is in part responsible for integrating  Major League baseball?,Jackie Robinson,"['Curt Flood', 'Roy Campanella', 'Satchell Paige']"
boolean,medium,Politics,"During the 2016 United States presidential election, the State of California possessed the most electoral votes, having 55.",True,['False']
multiple,hard,Entertainment: Video Games,What is the real name of &quot;Warhead&quot; in the Sega Genesis game &quot;Vectorman&quot;?,Raster,"['Peacehead', 'Vectorkid', 'Bitmap']"
multiple,easy,Entertainment: Film,"In &quot;ALF&quot;, what was ALF&#039;s real name?",Gordon Shumway,"['Gordon Milipp', 'Gordon Foster', 'Gordon von Gam']"
multiple,medium,History,Where was Abraham Lincoln when he was assassinated by John Wilkes Booth in 1865?,At the theatre,"['On a boat', 'On his horse', 'In bed']"
multiple,medium,History,Which WWII tank ace is credited with having destroyed the most tanks?,Kurt Knispel,"['Michael Wittmann', 'Walter Kniep', 'Otto Carius']"
multiple,hard,Entertainment: Japanese Anime &amp; Manga,In which manga did the &quot;404 Girl&quot; from 4chan originate from?,Yotsuba&amp;!,"['Azumanga Daioh', 'Lucky Star', 'Clover']"
multiple,medium,Science: Mathematics,How many books are in Euclid&#039;s Elements of Geometry?,13,"['8', '10', '17']"
multiple,medium,Entertainment: Video Games,Danganronpa Another Episode: Ultra Despair Girls is set after which Danganronpa game?,Danganronpa: Trigger Happy Havoc,"['Danganronpa 2: Goodbye Despair', 'Danganronpa V3: Killing Harmony', 'Danganronpa 3: The End of Hope&#039;s Peak High School']"
multiple,medium,Entertainment: Books,"In the children&#039;s book series, where is Paddington Bear originally from?",Peru,"['India', 'Iceland', 'Canada']"
multiple,hard,Entertainment: Japanese Anime &amp; Manga,"In the Naruto manga, what is the last name of Tsunade?",Senju,"['Haruno', 'Uzumaki', 'Yamanaka']"
multiple,medium,Sports,The F1 season of 1994 is remembered for what tragic event?,Death of Ayrton Senna (San Marino),"['The Showdown (Australia)', 'Verstappen on Fire (Germany)', 'Schumacher&#039;s Ban (Britain)']"
multiple,easy,Vehicles,What are the cylinder-like parts that pump up and down within the engine?,Pistons,"['Leaf Springs', 'Radiators', 'ABS']"
multiple,medium,Entertainment: Music,What year was Red Hot Chill Pepper&#039;s album &quot;Californication&quot; released?,1999,"['1997', '2000', '1992']"
multiple,hard,Entertainment: Japanese Anime &amp; Manga,"In the anime Initial D, how does Takumi Fujiwara describe a drift?",&#039;. . . the front tires slide so the car won&#039;t face the inside&#039;,"['&#039;. . . the wheels lose traction, making the car slide sideways&#039;', '&#039;. . . the car oversteers through a curve, causing it to turn faster&#039;', '&#039;. . . you turn a lot&#039;']"
multiple,medium,Entertainment: Music,In what year was the smash hit song &quot;Scatman&#039;s World&quot; released?,1995,"['1996', '1994', '1993']"
multiple,medium,General Knowledge,In what year was McDonald&#039;s founded?,1955,"['1964', '1951', '1947']"
multiple,medium,Geography,Which country claims ownership of the disputed state Kosovo?,Serbia,"['Croatia', 'Albania', 'Macedonia']"
multiple,easy,Entertainment: Video Games,What is the most expensive weapon in Counter-Strike: Global Offensive?,Scar-20/G3SG1,"['M4A1', 'AWP', 'R8 Revolver']"
multiple,easy,Entertainment: Video Games,"In the video game Team Fortress 2, which of these is NOT a primary?",Medigun,"['Scattergun', 'Grenade Launcher', 'Rocket Launcher']"
multiple,hard,Art,Albrecht D&uuml;rer&#039;s birthplace and place of death were in...,N&uuml;rnberg,"['Augsburg', 'Bamberg', 'Berlin']"
multiple,medium,Entertainment: Film,What is the birth name of Michael Keaton?,Michael Douglas,"['Michael Fox', 'Michael Richards', 'Michael Kane']"
boolean,easy,Entertainment: Film,"The film &quot;2001: A Space Odyssey&quot; was released on December 31st, 2000.",False,['True']
multiple,easy,Entertainment: Cartoon &amp; Animations,Who voiced the Genie in Disney&#039;s &quot;Aladdin&quot;?,Robin Williams,"['Billy Crystal', 'Adam Sandler', 'Jim Carrey']"
multiple,medium,Geography,What is the capital of Ecuador?,Quito,"['Bogota', 'Santiago', 'Santa F&eacute;']"
multiple,hard,Science &amp; Nature,Which is not a type of neuron?,Perceptual Neuron,"['Sensory Neuron', 'Motor Neuron', 'Interneuron']"
multiple,easy,Entertainment: Japanese Anime &amp; Manga,"Who is the main heroine of the anime, Full Metal Panic!",Kaname Chidori,"['Teletha Testarossa', 'Melissa Mao', 'Kyoko Tokiwa']"
multiple,medium,Entertainment: Music,Which Aerosmith album featured &quot;Walk This Way&quot;?,Toys in the Attic,"['Rocks', 'Get Your Wings', 'Draw the Line']"
multiple,hard,Entertainment: Video Games,What was the world&#039;s first video game?,Draughts,"['Spacewar!', 'Pong', 'Space Travel']"
multiple,medium,Science: Computers,All of the following programs are classified as raster graphics editors EXCEPT:,Inkscape,"['Paint.NET', 'GIMP', 'Adobe Photoshop']"
boolean,medium,General Knowledge,Haggis is traditionally ate on Burns Night.,True,['False']
multiple,easy,Entertainment: Video Games,What&#039;s the name of the main protagonist in the &quot;Legend of Zelda&quot; franchise?,Link,"['Mario', 'Zelda', 'Pit']"
boolean,easy,Entertainment: Film,"&quot;Foodfight!&quot; earned less than $80,000 at box office.",True,['False']
multiple,hard,Vehicles,Which of these is NOT a car model produced by Malaysian car manufacturer Proton?,Kelisa,"['Saga', 'Perdana', 'Inspira']"
multiple,hard,Geography,What is the capital of Burkina Faso?,Ouagadougou,"['Yaound&eacute;', 'Yamoussoukro', 'Abidjan']"
multiple,easy,Entertainment: Video Games,What&#039;s the Team Fortress 2 Scout&#039;s city of origin?,Boston,"['Sydney', 'Detroit', 'New York']"
multiple,medium,Entertainment: Video Games,"In No Man&#039;s Sky (as of the Beyond update), what two resources do you need to craft Antimatter?",Condensed Carbon and Chromatic Metal,"['Starship Launch Fuel and Condensed Carbon', 'Pure Ferrite and Sodium', 'Storm Crystal and Antimatter Housing']"
multiple,hard,Art,Which of these is not an additional variation of the color purple?,Kobicha,"['Byzantium', 'Pomp and Power', 'Palatinate']"
multiple,medium,Entertainment: Television,Dee from &quot;It&#039;s Always Sunny in Philadelphia&quot; has dated all of the following guys EXCEPT,Matthew &quot;Rickety Cricket&quot; Mara,"['Colin the Thief', 'Ben the Soldier', 'Kevin Gallagher aka Lil&#039; Kevin']"
multiple,easy,Mythology,The ancient Roman god of war was commonly known as which of the following?,Mars,"['Jupiter', 'Juno', 'Ares']"
boolean,easy,Entertainment: Japanese Anime &amp; Manga,"In the &quot;Melancholy of Haruhi Suzumiya&quot; series, the narrator goes by the nickname Kyon.",True,['False']
multiple,easy,Entertainment: Musicals &amp; Theatres,How many plays is Shakespeare generally considered to have written?,37,"['18', '54', '25']"
multiple,easy,Entertainment: Video Games,Who created the digital distribution platform Steam?,Valve,"['Pixeltail Games', 'Ubisoft', 'Electronic Arts']"
boolean,medium,History,"Sargon II, a king of the Neo-Assyrian Empire, was a direct descendant of Sargon of Akkad.",False,['True']
boolean,easy,Entertainment: Film,The word &quot;Inception&quot; came from the 2010 blockbuster hit &quot;Inception&quot;.,False,['True']
multiple,medium,General Knowledge,When was Hubba Bubba first introduced?,1979,"['1984', '1972', '1980']"
multiple,hard,Entertainment: Film,What is the species of the &quot;Predator&quot; in the 1987 movie &quot;Predator&quot;?,Yautja,"['Xenomorph', 'Praetorian', 'Phocrex']"
multiple,easy,Entertainment: Video Games,What is the code name of Morgana the cat in Persona 5?,Mona,"['Panther', 'Nightstalker', 'Zorro']"
multiple,medium,Entertainment: Video Games,What is the name of the creature that the main character befriends in &quot;The Last Guardian&quot;?,Trico,"['Nico', 'Wolf', 'Andazi']"
multiple,medium,Science &amp; Nature,Which of these is NOT a bone found in the human arm?,Tibia,"['Humerus', 'Ulna', 'Radius']"
multiple,medium,Art,What nationality was the surrealist painter Salvador Dali?,Spanish,"['Italian', 'French', 'Portuguese']"
multiple,easy,Entertainment: Television,What is the name of the main character in &quot;The Flash&quot; TV series?,Barry Allen,"['Oliver Queen', 'Bart Allen', 'Bruce Wayne']"
multiple,easy,Art,Which artist is famous for cutting off his ear?,Vincent van Gogh,"['Salvador Dali', 'Rembrandt', 'Michelangelo']"
multiple,hard,Entertainment: Musicals &amp; Theatres,"Which Shakespeare play features the stage direction &quot;Enter a messenger, with two heads and a hand&quot;?",Titus Andronicus,"['Othello', 'Macbeth', 'King Lear']"
multiple,medium,History,How many years did the Hundred Years&#039; War last?,116,"['100', '90', '101']"
multiple,hard,Entertainment: Video Games,"In &quot;Call Of Duty: Zombies&quot;, which map&#039;s opening cutscene shows &quot;Richtofen&quot; killing another version of himself?",The Giant,"['Shadows Of Evil', 'Der Eisendrache', 'Moon']"
multiple,hard,History,"Who is the creator of the soft drink, Dr. Pepper?",Charles Alderton,"['James Wellington', 'Johnson Hinsin', 'Boris Heviltik']"
multiple,easy,Entertainment: Comics,Which universe crossover was introduced in the &quot;Sonic the Hedgehog&quot; comic issue #247?,Mega Man,"['Super Mario Brothers', 'Alex Kidd', 'Super Monkey Ball']"
multiple,hard,Science &amp; Nature,"In physics, conservation of energy and conservation of momentum are both consequences of which of the following?",Noether&#039;s Theorem,"['Bell&#039;s Theorem', 'Wick&#039;s Theorem', 'Carnot&#039;s Theorem']"
boolean,hard,Celebrities,Lady Gaga&#039;s real name is Stefani Joanne Angelina Germanotta.,True,['False']
boolean,easy,Science &amp; Nature,Upwelling in the ocean provides colder nutrient rich water for plants and decomposers.,True,['False']
boolean,easy,Entertainment: Video Games,The 2005 video game &quot;Call of Duty 2: Big Red One&quot; is not available on PC.,True,['False']
boolean,easy,Vehicles,The Honda Motor Corporation originates in Japan,True,['False']
multiple,medium,Science: Computers,On which computer hardware device is the BIOS chip located?,Motherboard,"['Hard Disk Drive', 'Central Processing Unit', 'Graphics Processing Unit']"
boolean,easy,Entertainment: Film,Brandon Routh plays the titular character in the movie &quot;John Wick&quot;.,False,['True']
multiple,easy,Science: Mathematics,How many sides does a trapezium have?,4,"['3', '5', '6']"
multiple,hard,Entertainment: Video Games,"In the Fallout series, on which date did The Great War happen?","October 23rd, 2077","['May 15th, 2058', 'December 14th, 2069', 'November 5th, 2076']"
boolean,medium,Science &amp; Nature,The planet Mars has two moons orbiting it.,True,['False']
multiple,medium,Entertainment: Film,Which of the following movies was not based on a book?,Citizen Kane,"['The Godfather', 'Forrest Gump', 'Jurassic Park']"
multiple,easy,Entertainment: Video Games,Valve Corporation is an American video game developer located in which city?,"Bellevue, Washington","['Austin, Texas', 'Seattle, Washington', 'San Francisco, California']"
multiple,easy,Entertainment: Video Games,Rincewind from the 1995 Discworld game was voiced by which member of Monty Python?,Eric Idle,"['John Cleese', 'Terry Gilliam', 'Michael Palin']"
multiple,medium,Entertainment: Music,Which novelty band was best known for their UK chart hits &quot;Combine Harvester&quot; and &quot;I Am a Cider Drinker&quot; in 1976?,The Wurzels,"['Goldie Lookin Chain', 'Bonzo Dog Doo-Dah Band', 'The Firm']"
multiple,medium,History,In what year did the Berlin Wall fall?,1989,"['1987', '1991', '1993']"
multiple,easy,Entertainment: Video Games,"As of the year 2026, how many known moons does Jupiter have?",97,"['11', '43', '104']"
multiple,easy,Science: Gadgets,Which buzzword did Apple Inc. use to describe their removal of the headphone jack?,Courage,"['Innovation', 'Revolution', 'Bravery']"
multiple,hard,Entertainment: Video Games,"In &quot;Sonic the Hedgehog 2&quot; for the Sega Genesis, what do you input in the sound test screen to access the secret level select?",The Lead Programmer&#039;s birthday,"['The first release date of &quot;Sonic the Hedgehog&quot;', 'The date Sonic Team was founded', 'The first release date of &quot;Sonic the Hedgehog 2&quot;']"
multiple,easy,Science: Mathematics,The metric prefix &quot;atto-&quot; makes a measurement how much smaller than the base unit?,One Quintillionth,"['One Billionth', 'One Quadrillionth', 'One Septillionth']"
multiple,easy,Sports,Who won the UEFA Champions League in 2016?,Real Madrid C.F.,"['FC Bayern Munich', 'Atletico Madrid', 'Manchester City F.C.']"
multiple,medium,History,In which year did the First World War begin?,1914,"['1930', '1917', '1939']"
multiple,medium,Entertainment: Video Games,"In the Pok&eacute;mon series, which type is Sudowoodo, the Imitation Pok&eacute;mon?",Rock,"['Grass', 'Bug', 'Ground']"
multiple,hard,Vehicles,The difference between the lengths of a Boeing 777-300ER and an Airbus A350-1000 is closest to:,0.1m,"['1m', '10m ', '100m']"
multiple,medium,Sports,Who has played the most tournaments on the Brazilian national soccer team?,Cafu,"['Ronaldo', 'Kak&aacute;', 'Roberto Carlos']"
multiple,medium,Science: Computers,What does RAID stand for?,Redundant Array of Independent Disks,"['Rapid Access for Indexed Devices', 'Range of Applications with Identical Designs', 'Randomized Abstract Identification Description']"
multiple,medium,Sports,Which sport is NOT traditionally played during the Mongolian Naadam festival?,American Football,"['Wrestling', 'Archery', 'Horse-Racing']"
multiple,medium,Art,Which of these paintings did Johannes Vermeer not paint?,Bacchus,"['Girl with a Pearl Earring', 'The Milkmaid', 'The Lacemaker']"
multiple,medium,Entertainment: Books,Where does Stephen King&#039;s &quot;IT&quot; take place?,"Derry, Maine","['Rockford, Illinois', 'Innsmouth, Massachusetts', 'Kingsland, Texas']"
boolean,easy,Entertainment: Video Games,Faust is a playable character in &quot;Guilty Gear Xrd Revelator&quot;.,True,['False']
boolean,easy,Science: Computers,RAM stands for Random Access Memory.,True,['False']
boolean,medium,Animals,Tigers have one colour of skin despite the stripey fur.,False,['True']
multiple,hard,Entertainment: Television,Which PBS station was the first station to air &quot;Monty Python&#039;s Flying Circus&quot; (1969-1974) in the United States?,KERA (Dallas-Fort Worth),"['KLCS (Los Angeles)', 'WETA (Washington D.C.)', 'WNET (New York City)']"
multiple,hard,Entertainment: Board Games,What is the sum of all the tiles in a standard box of Scrabble?,187,"['207', '197', '177']"
multiple,easy,History,Which game was the Game of the Year in 2018?,God of War,"['Detroit: Become Human', 'Red Dead Redemption 2', 'A Way Out']"
multiple,medium,General Knowledge,Which mountain has the highest peak in North America?,"Denali, USA","['Mount Saint Elias, US/Canada border', 'Mount Logan, Canada', 'Pico de Orizaba, Mexico']"
multiple,easy,Geography,In which country is the city of Rio de Janeiro?,Brazil,"['Peru', 'Chile', 'Venezuela']"
multiple,hard,Geography,What is the tallest mountain in Canada?,Mount Logan,"['Mont Tremblant', 'Whistler Mountain', 'Blue Mountain']"
multiple,medium,Entertainment: Video Games,Which of these songs does NOT play during the Ruins segments of the 2015 game &quot;Undertale&quot;?,Another Medium,"['Anticipation', 'Unnecessary Tension', 'Ruins']"
multiple,medium,Entertainment: Japanese Anime &amp; Manga,"In &quot;Highschool DxD&quot;, what is the name of the item some humans are born with?",Sacred Gear,"['Imperial Arm', 'Hallowed Relic', 'Blessed Artifact']"
multiple,easy,Mythology,Who was the King of Gods in Ancient Greek mythology?,Zeus,"['Apollo', 'Hermes', 'Poseidon']"
multiple,medium,Entertainment: Video Games,Who is the developer of the game &quot;Rocket League&quot;?,Psyonix,"['People can fly', 'Digital Happiness', 'Roll7']"
multiple,medium,General Knowledge,What is the highest number of Michelin stars a restaurant can receive?,Three,"['Four', 'Five', 'Six']"
multiple,medium,Entertainment: Video Games,"In &quot;The Binding of Isaac&quot;, what is the name of the final boss that you fight in The Void?",Delirium,"['Mega Satan', 'Hush', 'The Lamb']"
multiple,hard,History,When was Adolf Hitler appointed as Chancellor of Germany?,"January 30, 1933","['September 1, 1939', 'February 27, 1933', 'October 6, 1939']"
boolean,easy,Science &amp; Nature,The Sun is considered a star.,True,['False']
multiple,easy,General Knowledge,"On a dartboard, what number is directly opposite No. 1?",19,"['20', '12', '15']"
multiple,hard,Science &amp; Nature,The Western Lowland Gorilla is scientifically know as?,Gorilla Gorilla Gorilla,"['Gorilla Gorilla Diehli', 'Gorilla Beringei Graueri', 'Gorilla Beringei Beringei']"
multiple,medium,Geography,What was the African nation of Zimbabwe formerly known as?,Rhodesia,"['Zambia', 'Mozambique', ' Bulawayo']"
multiple,medium,Entertainment: Video Games,Which musical artist was NOT featured as playable avatars in the game &quot;DJ Hero&quot;?,Dr. Dre,"['DJ Shadow', 'Daft Punk', 'Grandmaster Flash']"
boolean,medium,Entertainment: Cartoon &amp; Animations,"In &quot;Avatar: The Last Airbender&quot; and &quot;The Legend of Korra&quot;, Lavabending is a specialized bending technique of Firebending.",False,['True']
multiple,medium,Entertainment: Video Games,Toby Fox&#039;s &quot;Megalovania&quot; was first used where?,Radiation&#039;s Earthbound Halloween Hack,"['Homestuck: [S] Wake', 'Undertale', 'Mother: Cognitive Dissonance']"
multiple,medium,Science: Computers,How fast is USB 3.1 Gen 2 theoretically?,10 Gb/s,"['5 Gb/s', '8 Gb/s', '1 Gb/s']"
multiple,medium,History,"In the War of the Pacific (1879 - 1883), Bolivia lost its access to the Pacific Ocean after being defeated by which South American country?",Chile,"['Peru', 'Brazil', 'Argentina']"
multiple,medium,Science: Gadgets,What are the base station trackers used for the HTC Vive called?,Lighthouse,"['Motion', 'Constellation ', 'Trackers']"
multiple,easy,Entertainment: Comics,Who is the creator of the comic series &quot;The Walking Dead&quot;?,Robert Kirkman,"['Stan Lee', 'Malcolm Wheeler-Nicholson', 'Robert Crumb']"
multiple,easy,Entertainment: Television,How many seasons did the Sci-Fi television show &quot;Stargate Universe&quot; have?,2,"['10', '5', '3']"
boolean,easy,Entertainment: Board Games,Snakes and Ladders was originally created in India?,True,['False']
multiple,easy,General Knowledge,Which of the following is the IATA code for Manchester Airport?,MAN,"['EGLL', 'LHR', 'EGCC']"
multiple,medium,Entertainment: Music,Which of these artists has NOT been a member of dancehall group Major Lazer?,Skrillex,"['Diplo', 'Jillionaire', 'Walshy Fire']"
multiple,hard,Geography,Where is the city of Haarlem located?,The Netherlands,"['Germany', 'United States', 'Switzerland']"
multiple,hard,Sports,"Which Italian footballer told Neuer where he&#039;s putting his shot and dragging it wide, during the match Italy-Germany, UEFA EURO 2016?",Pelle,"['Insigne', 'Barzagli', 'Giaccherini']"
boolean,easy,Entertainment: Video Games,"In &quot;Super Mario Bros.&quot;, the clouds and bushes have the same artwork and are just different colors.",True,['False']
multiple,easy,Science &amp; Nature,How many planets are there in the Solar System?,8,"['9', '11', '10']"
multiple,medium,Entertainment: Music,&quot;The Genius&quot; is the original and secondary name of which Wu-Tang Clan member?,GZA,"['Ghostface Killah', 'Ol&#039; Dirty Bastard', 'Raekwon the Chef']"
multiple,easy,Entertainment: Video Games,"In the Video Game, Half-life, what type of US military force starts clearing out the Black Mesa Research Facility?",The HECU,"['Navy Seals', 'The Combine', 'The Marines']"
multiple,medium,Entertainment: Music,The Proclaimers - I&#039;m Gonna Be (500 Miles) reached what position on the US Hot 100 Charts in 1993?,3rd,"['8th', '1st', '5th']"
multiple,medium,General Knowledge,What is the romanized Japanese word for &quot;university&quot;?,Daigaku,"['Toshokan', 'Jimusho', 'Shokudou']"
multiple,hard,General Knowledge,What is the airspeed velocity of an unladen swallow?,24 MPH,"['15 MPH', '20 MPH', '200 MPH']"
multiple,medium,History,"In World War I, what was the name of the alliance of Germany, Austria-Hungary, the Ottoman Empire, and Bulgaria?",The Central Powers,"['The Axis Powers', 'The Federation of Empires', 'Authoritarian Alliance']"
multiple,medium,Entertainment: Music,Who was the first white band to play the Apollo Theater?,Buddy Holly and The Crickets,"['Chuck Berry', 'The Beatles', 'Elvis']"
boolean,easy,Science &amp; Nature,Psychology is the science of behavior and mind.,True,['False']
multiple,easy,Animals,What colour is the female blackbird?,Brown,"['Black', 'White', 'Yellow']"
multiple,medium,Entertainment: Cartoon &amp; Animations,Which episode from The Amazing World Of Gumball won the Childrens Choice Award at the British Animation Awards in 2016?,The Shell,"['The Limit', 'The Kids', 'The Gripes']"
boolean,easy,Entertainment: Books,Shub-Niggurath is a creature that was created by J. R. R. Tolkien in his novel &quot;The Lord of The Rings&quot;.,False,['True']
boolean,medium,Animals,The Platypus is a mammal.,True,['False']
boolean,medium,Entertainment: Video Games,The Fiat Multipla is a drivable car in &quot;Forza Horizon 3&quot;.,False,['True']
multiple,medium,Vehicles,When was Cadillac founded?,1902,"['1964', '1898', '1985']"
multiple,hard,Entertainment: Musicals &amp; Theatres,Who wrote the lyrics for Leonard Bernstein&#039;s 1957 Brodway musical West Side Story?,Stephen Sondheim,"['Himself', 'Oscar Hammerstein', 'Richard Rodgers']"
boolean,medium,Entertainment: Video Games,"In the rules of the Danganronpa franchise, it states that a nighttime curfew for certain areas occurs between 12am and 8am.",False,['True']
multiple,medium,Geography,What&#039;s the first National Park designated in the United States?,Yellowstone,"['Sequoia ', 'Yosemite', 'Rocky Mountain']"
boolean,easy,Entertainment: Music,A Saxophone is a brass instrument.,False,['True']
boolean,hard,Entertainment: Video Games,"All of these maps were in &quot;Tom Clancy&#039;s Rainbow Six Siege&quot; on its initial release: House, Clubhouse, Border, Consulate.",False,['True']
multiple,medium,Entertainment: Video Games,Which of the following is not a playable race in the MMORPG Guild Wars 2? ,Tengu,"['Sylvari', 'Charr', 'Asura ']"
multiple,hard,General Knowledge,How many notes are there on a standard grand piano?,88,"['98', '108', '78']"
multiple,medium,Entertainment: Video Games,Which company developed the video game &quot;Borderlands&quot;?,Gearbox Software,"['2K Games', 'Activision', 'Rockstar Games']"
multiple,easy,Entertainment: Film,Which James Bond film had the theme song written and performed by English singer-songwriter Adele?,Skyfall,"['Casino Royale', 'Quantum Solace', 'Spectre']"
boolean,medium,Vehicles,The snowmobile was invented by Canadian Joseph-Armand Bombardier in 1937.,True,['False']
multiple,medium,Entertainment: Video Games,"In &quot;Overwatch,&quot; what is the hero McCree&#039;s full name?",Jesse McCree,"['Jack &quot;McCree&quot; Morrison', 'Gabriel Reyes', 'Jamison &quot;Deadeye&quot; Fawkes']"
multiple,easy,Entertainment: Film,Which of these movies did Jeff Bridges not star in?,The Hateful Eight,"['Tron: Legacy', 'The Giver', 'True Grit']"
multiple,easy,Science: Mathematics,What type of angle is greater than 90&deg;?,Obtuse,"['Acute', 'Right', 'Straight']"
multiple,easy,Entertainment: Television,The &quot;Psycho&quot; series of videos on YouTube was created by which of the following?,RiDGiD STUDiOS,"['Dan Bell', 'Billy Familia', 'VeganGainz']"
multiple,easy,Entertainment: Music,What is the name of Rivers Cuomo&#039;s wife?,Kyoko Ito,"['Yoko Ono', 'Kyary Pamyu Pamyu', 'LiSA']"
multiple,medium,Entertainment: Comics,What&#039;s the weakness of american vampires (Scott Snyder&#039;s American Vampire)?,Gold,"['Sunlight', 'Wood', 'Silver']"
multiple,hard,Entertainment: Music,Where was Nicki Minaj born?,Trinidad and Tobago,"['Haiti', 'Saint Lucia', 'Grenada']"
multiple,medium,General Knowledge,Which language is NOT Indo-European?,Hungarian,"['Russian', 'Greek', 'Latvian']"
boolean,easy,Entertainment: Video Games,"In 2019, Minecraft outsold Tetris to become the world&#039;s best-selling video game.",True,['False']
multiple,easy,Entertainment: Film,Which of these Movies was NOT released in 1996?,Gladiator,"['Independence Day', 'The Rock', 'Mission: Impossible']"
multiple,medium,Geography,Montreal is in which Canadian province?,Quebec,"['Ontario', 'Nova Scotia', 'Alberta']"
multiple,medium,Geography, What is the only nation that borders both Uruguay and Venezuela?,Brazil,"['Mexico', 'Chile', 'Panama']"
multiple,easy,Entertainment: Video Games,The &quot;Day of Defeat&quot; series of games take place during which war?,World War II,"['World War I', 'Vietnam War', 'Iraq War']"
multiple,medium,History,Which of these facilities was not present on the Titanic?,Fainting room,"['Turkish bath', 'Kennel', 'Squash court']"
multiple,easy,Entertainment: Video Games,"In the game &quot;Dead Rising&quot;, what is the profession of the main character Frank West?",Photojournalist,"['Motorbike Performer', 'Bartender', 'Mechanic']"
multiple,medium,Science &amp; Nature,Which of these is a type of stretch/deep tendon reflex?,Ankle jerk reflex,"['Gag reflex', 'Pupillary light reflex', 'Scratch reflex']"
multiple,easy,General Knowledge,"If you are traveling at a speed of 80 mph, how long will it take you to drive 80 miles?",60 minutes,"['90 minutes', '30 minutes', '50 minutes']"
boolean,medium,Entertainment: Video Games,"TF2: The Heavy&#039;s voice actor, Gary Schwartz, voices the Demoman as well ",True,['False']
multiple,medium,Entertainment: Video Games,Which Dota 1 hero changed gender when ported to Dota 2?,Legion Commander,"['Axe', 'Keeper of the Light', 'Templar Assassin']"
boolean,easy,General Knowledge,It is automatically considered entrapment in the United States if the police sell you illegal substances without revealing themselves.,False,['True']
multiple,easy,History,What was the official German currency until 2002?,Mark,"['Frank', 'Pound sterling', 'Reichtoken']"
multiple,hard,Science: Computers,What is the codename of the eighth generation Intel Core micro-architecture launched in October 2017?,Coffee Lake,"['Sandy Bridge', 'Skylake', 'Broadwell']"
multiple,medium,Entertainment: Japanese Anime &amp; Manga,The character Plum from &quot;No Game No Life&quot; is of what race?,Dhampir,"['Fl&uuml;gel', 'Imanity', 'Seiren']"
multiple,medium,General Knowledge,What is the unit of currency in Laos?,Kip,"['Ruble', 'Konra', 'Dollar']"
multiple,medium,Entertainment: Music,"On the cover of &#039;Abbey Road,&#039; which of the Beatles is not wearing shoes?",Paul McCartney,"['Ringo Starr', 'John Lennon', 'George Harrison']"
multiple,hard,Science: Computers,What does the International System of Quantities refer 1024 bytes as?,Kibibyte,"['Kylobyte', 'Kilobyte', 'Kelobyte']"
boolean,easy,History,"United States President John F. Kennedy was assassinated during his presidential motorcade in Atlanta, Georgia on November 22nd, 1963.",False,['True']
boolean,easy,Entertainment: Video Games,The end credits sequence in Grand Theft Auto 5 is over half an hour long.,True,['False']
multiple,easy,Entertainment: Television,"In the show, Doctor Who, what does T.A.R.D.I.S stand for?",Time And Relative Dimensions In Space,"['Time And Resting Dimensions In Space', 'Time And Relative Dimensions In Style', 'Toilet Aid Rope Dog Is Soup']"
multiple,medium,Vehicles,"Which animal features on the logo for Abarth, the motorsport division of Fiat?",Scorpion,"['Snake', 'Bull', 'Horse']"
multiple,medium,Vehicles,Which one is NOT the function of engine oil in car engines?,Combustion,"['Lubrication', 'Cooling', 'Reduce corrosion']"
multiple,easy,General Knowledge,What are Panama hats made out of?,Straw,"['Silk', 'Hemp', 'Flax']"
boolean,easy,Animals,The Killer Whale is considered a type of dolphin.,True,['False']
multiple,easy,Entertainment: Music,Kanye West at 2009 VMA&#039;s interrupted which celebrity?,Taylor Swift,"['MF DOOM', 'Beyonce', 'Beck']"
multiple,medium,Entertainment: Japanese Anime &amp; Manga,Which JoJo&#039;s Bizarre Adventure character possesses the Stand named Silver Chariot?,Jean Pierre Polnareff,"['Noriaki Kakyoin', 'Hol Horse', 'Hermes Costello']"
multiple,medium,Sports,Which portuguese island is soccer player Cristiano Ronaldo from?,Madeira,"['Terceira', 'Santa Maria', 'Porto Santo']"
multiple,medium,Entertainment: Video Games,"In &quot;Kingdom Hearts&quot;, what is the name of Sora&#039;s home world?",Destiny Islands,"['Agrabah', 'Land of Departure', 'Disney Town']"
multiple,hard,Entertainment: Video Games,Which of the following commercial vehicles from Grand Theft Auto IV did NOT reappear in Grand Theft Auto V?,Steed,"['Mule', 'Benson', 'Pony']"
multiple,hard,Entertainment: Video Games,"In Left 4 Dead, what is the character Bill&#039;s last name?",Overbeck,"['Fish', 'Roberts', 'Stevenson']"
multiple,hard,Entertainment: Film,"In the 1976 film &#039;Taxi Driver&#039;, how many guns did Travis buy from the salesman?",4,"['2', '6', '1']"
multiple,easy,Science: Computers,"According to the International System of Units, how many bytes are in a kilobyte of RAM?",1000,"['512', '1024', '500']"
multiple,medium,Sports,Which nation hosted the FIFA World Cup in 2006?,Germany,"['United Kingdom', 'Brazil', 'South Africa']"
multiple,medium,Sports,What national team won the 2016 edition of UEFA European Championship?,Portugal,"['France', 'Germany', 'England']"
multiple,easy,Geography,Which of the following Japanese islands is the biggest?,Honshu,"['Hokkaido', 'Shikoku', 'Kyushu']"
boolean,easy,Science: Computers,The Windows ME operating system was released in the year 2000.,True,['False']
multiple,hard,History,"What was the code name for the Allied invasion of Southern France on August 15th, 1944?",Operation Dragoon,"['Operation Overlord', 'Operation Market Garden', 'Operation Torch']"
multiple,hard,Entertainment: Video Games,Which of these characters in &quot;Undertale&quot; can the player NOT go on a date with?,Toriel,"['Papyrus', 'Undyne', 'Alphys']"
multiple,easy,Politics,"According to the United States Constitution, how old must a person be to be elected President of the United States?",35,"['30', '40', '45']"
multiple,hard,Mythology,Nidhogg is a mythical creature from what mythology?,Norse,"['Egyptian', 'Greek', 'Hindu']"
multiple,easy,Entertainment: Video Games,"The Khajiit are a race of cat-like creatures from which epic series of role-playing games, set across the land of Tamriel?",The Elder Scrolls,"['Lord of the Rings', 'The Witcher', 'Neverwinter Nights']"
multiple,hard,History,On which day did ARPANET suffer a 4 hour long network crash?,"October 27, 1980","['November 21, 1969', 'October 29, 1969', 'December 9, 1991']"
multiple,medium,Entertainment: Music,What is Brian May&#039;s guitar called?,Red Special,"['Blue Special', 'Green Special', 'Yellow Special']"
multiple,hard,Geography,What is the name of one of the Neo-Aramaic languages spoken by the Jewish population from Northwestern Iraq?,Lishana Deni,"['Hulaul&aacute;', 'Lishan Didan', 'Chaldean Neo-Aramaic']"
boolean,medium,Politics,"In France, a hunting license or a sport-shooting license is needed to purchase any firearm.",True,['False']
multiple,medium,Vehicles,What do the 4 Rings in Audi&#039;s Logo represent?,Previously independent automobile manufacturers,"['States in which Audi makes the most sales', 'Main cities vital to Audi', 'Countries in which Audi makes the most sales']"
multiple,easy,Entertainment: Music,"In the words of his 1973 song, Bob Dylan is &quot;knock, knock, knockin&quot; on which door?",Heaven&#039;s,"['Opportunity&#039;s', 'Angie&#039;s', 'Eileen&#039;s']"
multiple,easy,Entertainment: Video Games,"Who made the video game, &quot;Bendy and the Ink Machine&quot;?",TheMeatly,"['Scott Cawthon', ' Jeff Kaplan', 'Konami']"
multiple,easy,Science: Computers,The programming language &#039;Swift&#039; was created to replace what other programming language?,Objective-C,"['C#', 'Ruby', 'C++']"
multiple,hard,Geography,Which of these African countries displays a gun on their flag?,Mozambique,"['Uganda', 'Ethiopia', 'Nigeria']"
multiple,hard,History,The term Luddite originally applied to disgruntled workers in which industry?,Textile,"['Farming', 'Mining', 'Ceramics']"
boolean,easy,Mythology,"According to Greek Mythology, Zeus can control lightning.",True,['False']
boolean,medium,Animals,The echidna is a monotreme.,True,['False']
multiple,easy,Entertainment: Video Games,What was the first game in the &quot;Battlefield&quot; series?,Battlefield 1942,"['Battlefield Vietnam', 'Battlefield 2', 'Battlefield 1']"
multiple,easy,Entertainment: Music,Who is the lead singer of Arctic Monkeys?,Alex Turner,"['Jamie Cook', 'Matt Helders', 'Nick O&#039;Malley']"
multiple,easy,Entertainment: Music,"In an orchestra, what is the lowest member of the brass family?",Tuba,"['Trombone', 'Contrabass', 'Bassoon']"
multiple,medium,Entertainment: Film,Which documentary film maker wrote and starred in the film &quot;My Scientology Movie&quot; which first debuted in 2015?,Louis Theroux,"['Errol Morris', 'Joe Berlinger', 'Adam Curtis']"
boolean,easy,Entertainment: Music,Scatman John&#039;s real name was John Paul Larkin.,True,['False']
multiple,medium,History,In which years did the Battle of Gallipoli take place?,1915 - 1916,"['1914 - 1918', '1914 - 1915', '1915 - 1918']"
boolean,hard,History,The man that shot Alexander Hamilton was named Aaron Burr.,True,['False']
multiple,medium,History,What was the bloodiest single-day battle during the American Civil War?,The Battle of Antietam,"['The Siege of Vicksburg', 'The Battle of Gettysburg', 'The Battles of Chancellorsville']"
multiple,medium,Science &amp; Nature,"In human biology, a circadium rhythm relates to a period of roughly how many hours?",24,"['8', '16', '32']"
multiple,medium,Entertainment: Music,Which Toronto landmark was featured on the cover art of Canadian rapper Drake&#039;s 2016 album &quot;Views&quot;?,CN Tower,"['Allan Gardens', 'Union Station', 'Prince of Wales Theatre']"
boolean,medium,Entertainment: Music,"Musical artist, Future, collaborated with Kendrick Lamar for the song: &quot;Mask Off&quot;.",True,['False']
boolean,easy,Entertainment: Video Games,The game &quot;Battlefield 1&quot; takes place during World War I.,True,['False']
multiple,medium,History,Which Nazi General was known as the &quot;Desert Fox&quot;?,Erwin Rommel,"['Gerd von Rundstadt', 'Wilhelm Keitel', 'Heinz Guderian ']"
multiple,easy,Entertainment: Video Games,What is the title of song on the main menu in Halo?,Halo,"['Opening Suite', 'Shadows', 'Suite Autumn']"
multiple,easy,Entertainment: Cartoon &amp; Animations,"Butters Stotch, Pip Pirrup, and Wendy Testaburger are all characters in which long running animated TV series?",South Park,"['The Simpsons', 'Family Guy', 'Bob&#039;s Burgers']"
multiple,easy,Entertainment: Japanese Anime &amp; Manga,"In &quot;Future Diary&quot;, what is the name of Yuno Gasai&#039;s Phone Diary?",Yukiteru Diary,"['Murder Diary', 'Escape Diary ', 'Justice Diary ']"
multiple,easy,General Knowledge,"The New York Times slogan is, &ldquo;All the News That&rsquo;s Fit to&hellip;&rdquo;",Print,"['Digest', 'Look', 'Read']"
multiple,medium,Entertainment: Film,Bela Lugosi was a Hungarian-American actor best known for his starring role of what 1931 horror film?,Count Dracula,"['Dr Frankenstein', 'Werewolf', 'The Creature from the Black Lagoon']"
multiple,hard,Entertainment: Japanese Anime &amp; Manga,The &quot;To Love-Ru&quot; Manga was started in what year?,2006,"['2007', '2004', '2005']"
multiple,easy,Vehicles,The LS1 engine is how many cubic inches?,346,"['350', '355', '360']"
multiple,hard,General Knowledge,"De Eemhof, Port Zelande and Het Heijderbos are holiday villas owned by what company?",Center Parcs,"['Yelloh Village', 'Keycamp', 'Villa Plus']"
multiple,easy,Entertainment: Video Games,"In the Super Smash Bros. series, which character was the first one to return to the series after being absent from a previous game?",Dr. Mario,"['Mewtwo', 'Lucas', 'Roy']"
multiple,medium,Geography,Which one of these archipelagos are NOT a part of the United Kingdom?,The Channel Islands ,"['Orkney Islands', 'Isles of Scilly', 'Shetland Islands ']"
multiple,hard,Entertainment: Video Games,Which of the four empires in  Eve Online was the first to achieve faster than light travel?,Amarr Empire,"['Caldari State', 'Gallente Federation', 'Minmatar Republic']"
multiple,easy,Science &amp; Nature,How many moons does Pluto have?,Five,"['Two', 'Three', 'One']"
multiple,easy,Science: Mathematics,Which of the following is not one of the seven Millennium Prize Problems?,Navi&eacute;r conjecture,"['Birch and Swinnerton-Dyer Conjecture', 'Riemann hypothesis', 'Poincar&eacute; conjecture']"
multiple,easy,Geography,Which of the following Arab countries does NOT have a flag containing only Pan-Arab colours?,Qatar,"['Kuwait', 'United Arab Emirates', 'Jordan']"
multiple,hard,Geography,The Hunua Ranges is located in...,New Zealand,"['Nepal', 'China', 'Mexico']"
multiple,medium,Entertainment: Video Games,"In &quot;Call Of Duty: Zombies&quot;, completing which map&#039;s easter egg will reward you with the achievement, &quot;Time Travel Will Tell&quot;?",Shangri-La,"['Ascension', 'Moon', 'Die Rise']"
multiple,easy,Entertainment: Music,"Which artist released the 2012 single &quot;Harlem Shake&quot;, which was used in numerous YouTube videos in 2013?",Baauer,"['RL Grime', 'NGHTMRE', 'Flosstradamus']"
multiple,medium,Geography,Where is the ancient city of Petra located?,Jordan,"['Egypt', 'Israel', 'Italy']"
multiple,easy,Entertainment: Television,"In Game of Thrones, what is Littlefinger&#039;s real name?",Petyr Baelish,"['Podrick Payne', 'Lancel Lannister', 'Torrhen Karstark']"
boolean,medium,Geography,The flag of South Africa features 7 colours.,False,['True']
multiple,hard,Entertainment: Video Games,"In &quot;Call Of Duty: Zombies&quot;, which weapon does NOT deal any damage?",31-79 JGb215,"['Sliquifier', 'V-R11', 'Wunderwaffe DG-2']"
multiple,hard,Entertainment: Television,Which of the following actors portrayed the Ninth Doctor in the British television show &quot;Doctor Who&quot;?,Christopher Eccleston,"['David Tennant', 'Matt Smith', 'Tom Baker']"
boolean,easy,General Knowledge,Pluto is a planet.,False,['True']
multiple,medium,Animals,What type of animal is a natterjack?,Toad,"['Bird', 'Fish', 'Insect']"
multiple,medium,Entertainment: Video Games,"In Yakuza 0, what is the order of the fighting styles acquired as Kazuma Kiryu?","Brawler, Rush, Beast, Legend","['Legend, Rush, Brawler, Beast', 'Brawler, Beast, Rush, Legend', 'Beast, Brawler, Rush, Legend']"
boolean,easy,Entertainment: Video Games,Minecraft can be played with a virtual reality headset.,True,['False']
multiple,medium,Sports,Which of these track-and-field events is NOT included in the Olympic men&#039;s decathlon?,Hammer throw,"['Pole vault', 'Long jump', 'Shot put']"
multiple,medium,Science: Computers,"In computing terms, typically what does CLI stand for?",Command Line Interface,"['Common Language Input', 'Control Line Interface', 'Common Language Interface']"
boolean,easy,Entertainment: Video Games,The song &quot;Megalovania&quot; by Toby Fox made its third appearence in the 2015 RPG &quot;Undertale&quot;.,True,['False']
multiple,medium,Entertainment: Music,"Which band released songs such as &quot;Electric Feel&quot;, &quot;Kids&quot;, and &quot;Time to Pretend&quot;?",MGMT,"['Passion Pit', 'Phoenix', 'Franz Ferdinand']"
multiple,hard,Entertainment: Video Games,Which gaming series includes &quot;The Diabolical Box&quot; and &quot;The Curious Village&quot;?,Professor Layton,"['Persona', 'Etrian Odyssey', 'Sam &amp; Max']"
multiple,easy,Entertainment: Music,Which of these songs by Skrillex features Fatman Scoop as a side artist?,Recess,"['All is Fair in Love and Brostep', 'Rock N Roll (Will Take You to the Mountain)', 'Scary Monsters and Nice Sprites']"
multiple,medium,Geography,"On a London Underground map, what colour is the Circle Line?",Yellow,"['Red', 'Blue', 'Green']"
multiple,easy,Entertainment: Film,The 1996 film &#039;Fargo&#039; is primarily set in which US state?,Minnesota,"['North Dakota', 'South Dakota', 'Wisconsin']"
multiple,easy,Entertainment: Music,Which Twitch streamer is the vocalist for Red Vox?,Vinesauce,"['The8BitDrummer', 'LIRIK', 'Sodapoppin']"
multiple,hard,History,The ancient city of Chich&eacute;n Itz&aacute; was built by which civilization?,Mayans,"['Aztecs', 'Incas', 'Toltecs']"
boolean,easy,Entertainment: Video Games,&quot;Half-Life 2&quot; runs on the Source Engine.,True,['False']
multiple,medium,Entertainment: Music,Which American family band had a 1986 top 10 hit with the song &#039;Crush On You&#039;?,The Jets,"['DeBarge', 'The Jacksons', 'The Cover Girls']"
multiple,medium,General Knowledge,What are the three starter Pokemon available in Pokemon Black and White?,"Snivy, Tepig, Oshawott","['Snivy, Fennekin, Froakie', 'Chespin, Tepig, Froakie', 'Chespin, Fennekin, Oshawott']"
multiple,medium,Entertainment: Video Games,Who are the two protagonists of the game Yakuza 0?,Kazuma Kiryu and Goro Majima,"['Shintaro Kazama and Kazuma Kiryu', 'Keiji Shibusawa and Daisaku Kuze', 'Akira Nishikiyama and Tetsu Tachibana']"
multiple,medium,Entertainment: Television,Which boxing personality was one of the presenters in the 1999 revival of It&#039;s a Knockout?,Frank Bruno,"['Henry Cooper', 'Muhammad Ali', 'Joe Fraiser']"
multiple,medium,Entertainment: Television,"In the Black Mirror episode &quot;Bandersnatch&quot;, PAC-MAN stands for:",Program And Control Man,"['Postgraduate Aplications Centre Man', 'Political Action Committee Man', 'Physics &amp; Astronomy Classification Man']"
multiple,hard,History,"Which country did the Eureka Rebellion, an 1856 battle against colonial rule, take place in?",Australia,"['India', 'Canada', 'Brazil']"
multiple,easy,Entertainment: Television,"In the cartoon &#039;SpongeBob SquarePants&#039;, what did the acronym E.V.I.L stand for?",Every Villain Is Lemons,"['Every Villain Is Lemonade', 'Every Villain Is Limes', 'Each Villain Is Lemonade']"
multiple,easy,Entertainment: Video Games,"In the game Sonic Forces, which of the following was not from a previous game?",Infinite,"['Metal Sonic', 'Zavoc', 'Chaos']"
boolean,medium,Science &amp; Nature,"Scientists accidentally killed the once known world&#039;s oldest living creature, a mollusc, known to be aged as 507 years old.",True,['False']
multiple,easy,Entertainment: Music,"&quot;Doctor Jones&quot;, &quot;Turn Back Time&quot; and &quot;Barbie Girl&quot; were UK number ones for which Eurodance group?",Aqua,"['Vengaboys', 'Eiffel 65', 'Sash!']"
multiple,medium,Entertainment: Video Games,What is the final game of the &quot;Zero Escape&quot; series called?,Zero Escape Zero Time Dilemma ,"['Nine Hours, Nine Persons, Nine Doors ', 'Zero Escape Virtue&#039;s Last Reward', 'The Nonary Game: Sigma&#039;s Last Life']"
multiple,easy,Entertainment: Music,Who released the song &quot;Photograph&quot; in 2005?,Nickelback,"['Fall Out Boy', 'Coldplay', 'Green Day']"
boolean,easy,Entertainment: Music,John Williams composed the music for &quot;Star Wars&quot;.,True,['False']
multiple,medium,Entertainment: Film,"In the 1984 movie &quot;The Terminator&quot;, what model number is the Terminator portrayed by Arnold Schwarzenegger?",T-800,"['I-950', 'T-888', 'T-1000']"
multiple,medium,Science: Computers,The name of technology company HP stands for what?,Hewlett-Packard,"['Howard Packmann', 'Husker-Pollosk', 'Hellman-Pohl']"
multiple,easy,Art,Who painted &quot;The Starry Night&quot;?,Vincent van Gogh,"['Edvard Munch', 'Pablo Picasso', 'Claude Monet']"
multiple,medium,Entertainment: Video Games,"In &quot;Paper Mario: The Thousand Year Door&quot;, what is Hooktail&#039;s weakness?",The Sound of Crickets,"['Attacks from Koopas', 'The &quot;Ice Storm&quot; Item', 'The Hammer']"
multiple,medium,Entertainment: Television,What is the name of the mad scientist who owns Planet Express in Futurama?,Hubert J. Farnsworth,"['Philip J. Fry', 'Rick Sanchez', 'Ogden Wernstrom']"
boolean,easy,History,"In World War ll, Great Britian used inflatable tanks on the ports of Great Britain to divert Hitler away from Normandy/D-day landing.",True,['False']
multiple,easy,Entertainment: Music,Who is the lead singer of Pearl Jam?,Eddie Vedder,"['Ozzy Osbourne', 'Stone Gossard', 'Kurt Cobain']"
multiple,medium,General Knowledge,What is the star sign of someone born on Valentines day?,Aquarius,"['Pisces', 'Capricorn', 'Scorpio']"
boolean,easy,History,"The United States of America declared their independence from the British Empire on July 4th, 1776.",True,['False']
multiple,easy,Entertainment: Japanese Anime &amp; Manga,"In the 2012 animated film &quot;Wolf Children&quot;, what are the names of the wolf children?",Ame &amp; Yuki,"['Hana &amp; Yuki', 'Ame &amp; Hana', 'Chuck &amp; Anna']"
multiple,easy,History,What was the first sport to have been played on the moon?,Golf,"['Football', 'Tennis', 'Soccer']"
multiple,medium,Sports,At which bridge does the annual Oxford and Cambridge boat race start?,Putney,"['Hammersmith', 'Vauxhall ', 'Battersea']"
multiple,easy,General Knowledge,In which year did Ghana gain independence?,1957,"['1947', '1960', '1958']"
multiple,easy,Entertainment: Music,Which band recorded the album &quot;Parallel Lines&quot;?,Blondie,"['Paramore', 'Coldplay', 'The Police']"
multiple,medium,Science &amp; Nature,What is the mathematical formula of Ohm&#039;s law?,V = I*R,"['I = V*R', 'R = V*I', 'V = I / R']"
multiple,hard,History,Who invented the &quot;Flying Shuttle&quot; in 1738; one of the key developments in the industrialization of weaving?,John Kay,"['James Hargreaves', 'Richard Arkwright', 'John Deere']"
multiple,medium,Science &amp; Nature,What is the name of the Supermassive Black Hole in the centre of the Milky Way?,Sagittarius A*,"['Messier 87', 'Alpha Centauri', 'Andromeda']"
multiple,medium,Entertainment: Video Games,Which episode of the Phantasy Star Online series is exclusive to the Nintendo Gamecube?,Episode III,"['Episode I', 'Episode II', 'Episode IV']"
multiple,medium,Sports,"In what year did Steaua București win the European Cup, actual UEFA Champions League, against FC Barcelona?",1986,"['1990', '1982', '1989']"
multiple,medium,Entertainment: Video Games,"In &quot;Overwatch&quot;, what is the name of Mercy&#039;s &quot;ultimate ability&quot;?",Valkyrie,"['Earthshatter', 'Rocket Barrage', 'Molten Core']"
multiple,hard,Entertainment: Video Games,"In &quot;Call Of Duty: Zombies&quot;, what does the game traditionally reward you for completing a boss round?",Max Ammo,"['A Pack-A-Punched gun', 'Death Machine', 'Monkey Bombs']"
multiple,hard,Geography,What is Canada&#039;s largest island?,Baffin Island,"['Prince Edward Island', 'Vancouver Island', 'Newfoundland']"
multiple,medium,Science &amp; Nature,How many degrees Fahrenheit is 100 degrees Celsius? ,212,"['326', '100', '451']"
multiple,hard,History,What was Napoleon Bonaparte&#039;s name before he changed it?,Napoleone di Buonaparte,"['Naapolion van Bonijpaart', 'Napole&atilde;o do Boaparte', 'Napoleona de Buenoparte']"
boolean,easy,Geography,Africa is a country.,False,['True']
multiple,medium,Entertainment: Japanese Anime &amp; Manga,Which of these is not a world in the anime &quot;Buddyfight&quot;?,Ancient Dragon World,"['Dragon World', 'Star Dragon World', 'Darkness Dragon World']"
multiple,medium,Entertainment: Music,"With his distinctive red hair, which Italian composer, born in 1678, was known as the &#039;Red Priest&#039;?",Vivaldi,"['Puccini', 'Verdi', 'Monteverdi']"
multiple,hard,Art,What nationality was the famous artist Pablo Picasso?,Spanish,"['French', 'Italian', 'German']"
multiple,hard,History,"During the Roman Triumvirate of 42 BCE, what region of the Roman Republic was given to Lepidus?",Hispania ,"['Italia', 'Gallia', 'Asia']"
multiple,easy,Science &amp; Nature,Which of these Elements is a metalloid?,Antimony,"['Tin', 'Bromine', 'Rubidium']"
multiple,hard,Entertainment: Television,What is the Klingon&#039;s afterlife called?,Sto-vo-kor,"['Valhalla', 'Karon&#039;gahk', 'New Jersey']"
multiple,medium,Entertainment: Video Games,"In the game Silent Hill 2, who was James Sunderland&#039;s late wife?",Mary,"['Maria', 'Angela', 'Laura']"
multiple,medium,Entertainment: Video Games,Which of these characters does not appear in &quot;Nier: Automata&quot;?,A1,"['A2', '9S', '2B']"
multiple,medium,Vehicles,Which of the following vehicles featured a full glass roof at base model?,Renault Avantime,"['Chevy Volt', 'Mercedes-Benz A-Class', 'Honda Odyssey']"
multiple,hard,Entertainment: Television,What is the name of the pirate that sings the intro to &quot;Spongebob Squarepants&quot;?,Painty,"['Patchy', 'Lloyd', 'Larry']"
multiple,medium,Geography,What African country has Portuguese as its official language?,Mozambique,"['Botswana', 'Gabon', 'Togo']"
multiple,easy,History,The collapse of the Soviet Union took place in which year?,1991,"['1992', '1891', '1990']"
multiple,medium,History,Which U.S. President was famously &#039;attacked&#039; by a swimming rabbit?,Jimmy Carter,"['Ronald Reagan', 'Lydon B. Johnson', 'Gerald Ford']"
boolean,medium,Entertainment: Music,The Beatles&#039; band name was inspired by the band The Crickets.,True,['False']
multiple,medium,History,Which infamous European traitor was known as &quot;the last person to enter Parliament with honest intentions&quot;?,Guy Fawkes,"['Robert Catesby', 'Francis Tresham', 'Everard Digby']"
multiple,medium,Science: Computers,On which day did the World Wide Web go online?,"December 20, 1990","['December 17, 1996', 'November 12, 1990', 'November 24, 1995']"
multiple,hard,Geography,Which country is the Taedong River in?,North Korea,"['South Korea', 'Japan', 'China']"
multiple,medium,Science: Computers,What did the name of the Tor Anonymity Network orignially stand for?,The Onion Router,"['The Only Router', 'The Orange Router', 'The Ominous Router']"
multiple,easy,Entertainment: Music,&quot;Sleepyhead&quot; is the debut single from which Electronic band?,Passion Pit,"['The Chemical Brothers', 'LadyTron', 'Kraftwerk']"
multiple,medium,Entertainment: Video Games,"In Call of Duty: Modern Warfare 2, how many consecutive kills does it require to earn the &quot;Tactical Nuke&quot; killstreak?",25,"['20', '30', '35']"
multiple,hard,Entertainment: Books,Who wrote the novel &quot;Moby-Dick&quot;?,Herman Melville,"['William Golding', 'William Shakespeare', 'J. R. R. Tolkien']"
multiple,medium,Science &amp; Nature,Which of these stars is the largest?,UY Scuti,"['VY Canis Majoris', 'Betelgeuse', 'RW Cephei']"
multiple,hard,History,What year was Canada founded in?,1867,"['1798', '1859', '1668']"
multiple,easy,General Knowledge,Who was the 1st President of Mexico?,Guadalupe Victoria,"['Benito Ju&aacute;rez', 'Miguel Hidalgo Y Costilla', 'Vicente Guerrero']"
multiple,medium,Entertainment: Video Games,What is the canonical name of the Persona 4 protagonist?,Yu Narukami,"['Minato Arisato', 'Soji Seta', 'Nagito Komaeda']"
multiple,easy,General Knowledge,How many cards are there in a standard deck of playing cards?,52,"['32', '40', '64']"
multiple,medium,Entertainment: Music,"Prior to going solo in 1982, Lionel Richie was a member of which Motown group?",The Commodores,"['The Temptations', 'The Miracles', 'The Supremes']"
multiple,medium,Sports,Which NBA player has the most games played over the course of their career?,Robert Parish,"['Kareem Abdul-Jabbar', 'Kevin Garnett', 'Kobe Bryant']"
multiple,easy,Entertainment: Film,"In the 1986 film &quot;The Wraith&quot;, what concept car is used for the Turbo Interceptor?",Dodge M4S,"['Pontiac Banshee', 'General Motors Firebird', 'Dodge Copperhead']"
multiple,easy,General Knowledge,"If you are caught &quot;Goldbricking&quot;, what are you doing wrong?",Slacking,"['Smoking', 'Stealing', 'Cheating']"
multiple,medium,Entertainment: Television,"Pat Cashman, the announcer for Super Smash Brothers: Brawl, also featured prominently in what famous TV show?",Bill Nye the Science Guy,"['The Muppet Show', 'Scooby-Doo', 'Seinfeld']"
boolean,easy,Entertainment: Video Games,"In the Super Mario series, the character Pauline is a Princess like Princess Peach.",False,['True']
multiple,medium,Entertainment: Video Games,Which one of these &quot;Mortal Kombat&quot; characters has been playable in every single mainline game?,Sub-Zero,"['Raiden', 'Scorpion', 'Liu Kang']"
boolean,medium,Entertainment: Video Games,"The Sniper&#039;s SMG in Team Fortress 2, was originally intended to be the Scout&#039;s primary weapon.",True,['False']
multiple,medium,Entertainment: Board Games,What happens when you roll 3 doubles in a row in Monopoly?,Go to jail,"['Get paid $200', 'Pay $200', 'Move to Free Parking']"
multiple,medium,Entertainment: Video Games,Which of these characters won the Super Smash Bros. Fighter Ballot in 2015?,Bayonetta,"['Cloud', 'Ryu', 'Megaman']"
multiple,medium,Entertainment: Video Games,What is the name of the island introduced in the ARMA III: APEX expansion pack?,Tanoa,"['Altis', 'Stratis', 'Malden']"
multiple,medium,History,What was Genghis Khan&#039;s real name?,Tem&uuml;jin,"['M&ouml;ngke', '&Ouml;gedei', 'Tem&uuml;r']"
boolean,hard,Entertainment: Japanese Anime &amp; Manga,"Throughout the entirety of &quot;Dragon Ball Z&quot;, Goku only kills two characters: a miniboss named Yakon and Kid Buu.",True,['False']
boolean,medium,Sports,The Olympics tennis court is a giant green screen.,True,['False']
multiple,medium,Sports,What is the exact length of one non-curved part in Lane 1 of an Olympic Track?,84.39m,"['100m', '100yd', '109.36yd']"
multiple,hard,General Knowledge,The words &quot;bungalow&quot; and &quot;shampoo&quot; originate from the languages of which country?,India,"['Papua New Guinea', 'Ethiopia', 'China']"
multiple,medium,Entertainment: Video Games,"Who voices the infamous Citadel Station A.I known as S.H.O.D.A.N, in the System Shock games?",Terri Brosius,"[' Jennifer Hale', 'Jenn Taylor', 'Lori Alan']"
multiple,easy,History,When is the Ides of March?,March 15,"['March 14', 'March 31', 'March 1']"
multiple,medium,Entertainment: Film,Who directed the 1973 film &quot;American Graffiti&quot;?,George Lucas,"['Ron Howard', 'Francis Ford Coppola', 'Steven Spielberg']"
multiple,hard,Science: Computers,Which of these names was an actual codename for a cancelled Microsoft project?,Neptune,"['Enceladus', 'Pollux', 'Saturn']"
multiple,easy,Geography,What is the capital of the US State of New York?,Albany,"['Buffalo', 'New York', 'Rochester']"
multiple,easy,Entertainment: Video Games,"In Undertale, MEGALOVANIA is a theme for which character?",Sans,"['Flowey', 'Papyrus', 'Undyne']"
multiple,medium,Mythology,What is the name of the Greek god of blacksmiths?,Hephaestus,"['Dyntos', 'Vulcan', 'Artagatus']"
multiple,easy,Entertainment: Video Games,In what year was Hearthstone released?,2014,"['2011', '2013', '2012']"
boolean,medium,Entertainment: Television,The White Ranger was the leader of the Power Rangers.,True,['False']
multiple,easy,Animals,What do you call a baby bat?,Pup,"['Cub', 'Chick', 'Kid']"
multiple,hard,Entertainment: Film,In what year was the first Indian movie submitted for an Oscar?,1957,"['1962', '1938', '1954']"
multiple,easy,General Knowledge,"In the English language, what is the name of the &quot;&amp;&quot; character?",Ampersand,"['Eightslash', 'And Sign', 'Obelus ']"
boolean,easy,Mythology,"According to Greek Mythology, Atlas was an Olympian God.",False,['True']
multiple,easy,Geography,What is the capital of Indonesia?,Jakarta,"['Bandung', 'Medan', 'Palembang']"
multiple,medium,Entertainment: Video Games,"What happened to Half-Life 2 prior to its release, which resulted in Valve starting over the development of the game?",The source code got leaked,"['They weren&#039;t satisfied with the result', 'The story was not good enough', 'Way too many bugs to be fixed']"
multiple,hard,History,"From 1940 to 1942, what was the capital-in-exile of Free France ?",Brazzaville,"['Algiers', 'Paris', 'Tunis']"
multiple,medium,General Knowledge,Which mountain has the highest peak in Australia?,"Mount Kosciuszko, New South Wales","['Mount Ossa, Tasmania', 'Mount Bartle Frere, Queensland', 'Mount Zeil, Northern Territory']"
multiple,hard,General Knowledge,Who founded the Khan Academy?,Sal Khan,"['Ben Khan', 'Kitt Khan', 'Adel Khan']"
multiple,easy,Entertainment: Video Games,"What does the D stand for in D-pad, found on most video game controllers?",Directional,"['Dynamic', 'Dial-up', 'Design']"
multiple,easy,Science &amp; Nature,What produces the green colour of most plant leaves?,Chlorophyll,"['Light refraction', 'Natural pigments', 'UV radiation']"
boolean,hard,Art,The Statue of Liberty&#039;s official name is &ldquo;Liberty Enlightening the World&rdquo;.,True,['False']
boolean,medium,History,The Korean War ended in 1953 without any ceasefire.,False,['True']
multiple,medium,General Knowledge,What is the real name of viral internet meme Grumpy Cat?,Tardar Sauce,"['Lil Bub', 'Maru', 'Colonel Meow']"
boolean,medium,Entertainment: Video Games,&quot;Metal Gear Solid 3: Snake Eater&quot; takes place on Shadow Moses Island.,False,['True']
multiple,easy,General Knowledge,"Which country, not including Japan, has the most people of Japanese descent?",Brazil,"['China', 'South Korea', 'United States of America']"
multiple,hard,Entertainment: Japanese Anime &amp; Manga,Which of the following countries does &quot;JoJo&#039;s Bizarre Adventure: Stardust Crusaders&quot; not take place in?,Philippines,"['India', 'Pakistan', 'Egypt']"
multiple,easy,Entertainment: Video Games,Which of the following names is the &quot;Mega Man&quot; Franchise known as in Japan?,Rockman,"['Paperman', 'Scissorsman', 'Mega Man']"
multiple,easy,General Knowledge,Which of the following card games revolves around numbers and basic math?,Uno,"['Go Fish', 'Twister', 'Munchkin']"
multiple,medium,Entertainment: Film,"Which iconic character is featured in movies such as &quot;The Enforcer&quot;, &quot;Sudden Impact&quot;, and &quot;The Dead Pool&quot;?",Dirty Harry,"['Indiana Jones', 'James Bond', 'Harry Potter']"
multiple,medium,Entertainment: Music,What is the real name of Canadian electronic music producer deadmau5?,Joel Zimmerman,"['Sonny Moore', 'Adam Richard Wiles', 'Thomas Wesley Pentz']"
boolean,easy,Entertainment: Books,"&quot;Elementary, my dear Watson&quot; is a phrase that is never truly said within the Conan Doyle books of Sherlock Holmes.",True,['False']
multiple,easy,Mythology,Who was the only god from Greece who did not get a name change in Rome?,Apollo,"['Demeter', 'Zeus', 'Athena']"
multiple,medium,General Knowledge,Which mountain has the highest peak in Europe?,"Mount Elbrus, Russia","['Shkhara, Georgia', 'Mount Ararat, Turkey', 'Mont Blanc, France']"
multiple,medium,Entertainment: Video Games,How many zombies need to be killed to get the &quot;Zombie Genocider&quot; achievement in Dead Rising (2006)?,"53,594","['53,593', '53,595', '53,596']"
multiple,easy,Mythology,"In most traditions, who was the wife of Zeus?",Hera,"['Aphrodite', 'Athena', 'Hestia']"
multiple,easy,Entertainment: Music,Which of these are NOT a Men at Work song?,Basket Case,"['Dr. Heckyll and Mr. Jive', 'Who Can It Be Now?', 'Be Good Johnny']"
boolean,hard,Entertainment: Cartoon &amp; Animations,Snagglepuss was part of the Yogi Yahooies in the 1977 show Scooby&#039;s All-Star Laff-a-Lympics.,False,['True']
multiple,medium,General Knowledge,Who invented Pastafarianism?,Bobby Henderson,"['Eric Tignor', 'Bill Nye', 'Zach Soldi']"
multiple,medium,Science: Computers,What does the &#039;S&#039; in the RSA encryption algorithm stand for?,Shamir,"['Secure', 'Schottky', 'Stable']"
multiple,hard,Entertainment: Comics,In what Homestuck Update was [S] Game Over released?,"October 25th, 2014","['April 13th, 2009', 'April 8th, 2012', 'August 28th, 2003']"
multiple,medium,General Knowledge,"Out of these four buildings, which one is the tallest, with a height of 1,483 ft (451.9 m)?","Petronas Twin Towers, Malaysia","['Zifeng Tower, China', 'Trump Intl. Hotel &amp; Tower, United States', 'Al Hamra Tower, Kuwait']"
multiple,medium,Entertainment: Film,Which famous singer was portrayed by actor Kevin Spacey in the 2004 biographical film &quot;Beyond the Sea&quot;?,Bobby Darin,"['Louis Armstrong', 'Frank Sinatra', 'Dean Martin']"
multiple,hard,Entertainment: Video Games,The creeper in Minecraft was the result of a bug while implementing which creature?,Pig,"['Zombie', 'Chicken', 'Cow']"
boolean,hard,Vehicles,In 1993 Swedish car manufacturer Saab experimented with replacing the steering wheel with a joystick in a Saab 9000.,True,['False']
multiple,hard,Entertainment: Video Games,Which drive form was added into Kingdom Hearts II Final Mix?,Limit Form,"['Valor Form', 'Wisdom Form', 'Anti Form']"
multiple,easy,Entertainment: Video Games,"In the game Warframe, what is the bipedal robot from the Corpus faction called?",MOA,"['Corpus Tech', 'Crewman', 'Corpus Walker']"
multiple,easy,History,"In what year did the Great Northern War, between Russia and Sweden, end?",1721,"['1726', '1727', '1724']"
multiple,hard,Science &amp; Nature,"On the Beaufort Scale of wind force, what wind name is given to number 8?",Gale,"['Storm', 'Hurricane', 'Breeze']"
multiple,medium,Entertainment: Music,What is the name of the main character from the music video of &quot;Shelter&quot; by Porter Robinson and A-1 Studios?,Rin,"['Rem', 'Ren', 'Ram']"
boolean,easy,General Knowledge,Water is naturally coloured blue.,False,['True']
boolean,hard,Entertainment: Video Games,Super Mario and Paarthurnax (Skyrim) are voiced by the same actor.,True,['False']
boolean,medium,Entertainment: Television,"In the TV series Red Dwarf, Kryten&#039;s full name is Kryten 2X4B-523P.",True,['False']
multiple,medium,Entertainment: Film,What is the correct spelling of the protagonist of the book in The NeverEnding Story (1984)?,Atreyu,"['Atrayu', 'Atraiyu', 'Atraeyu']"
multiple,hard,Entertainment: Music,What is the English title of the vaporwave track &quot;リサフランク420 / 現代のコンピュー&quot; by Macintosh Plus (Vektroid)?,Lisa Frank 420 / Modern Computing,"['Smoke Weed 420 / Everyday', 'Make Your Move 420 / My Mind', 'It&#039;s All In Your Head 420 / Understand']"
boolean,easy,General Knowledge,Did Michael Jackson invent the moonwalk?,False,['True']
multiple,hard,Entertainment: Music,Who won the 1989 Drum Corps International championships?,Santa Clara Vanguard,"['Blue Devils', 'The Academy', 'The Bluecoats']"
multiple,hard,Science &amp; Nature,"Which of the following plastic is commonly used for window frames, gutters and drain pipes?",Polyvinylchloride (PVC) ,"['Polyethylene (PE)', 'Polypropylene (PP)', 'Polystyrene (PS)']"
multiple,medium,Entertainment: Japanese Anime &amp; Manga,What year did &quot;Bishoujo Senshi Sailor Moon&quot; air in Japan?,1992,"['1989', '1990', '1994']"
multiple,medium,Entertainment: Film,What Queen song plays during the final fight scene of the film &quot;Hardcore Henry&quot;?,Don&#039;t Stop Me Now,"['Brighton Rock', 'Another Bites the Dust', 'We Will Rock You']"
multiple,easy,General Knowledge,What is the name of the poker hand containing three of a kind and a pair?,Full House,"['Flush', 'Straight', 'High card']"
multiple,easy,Entertainment: Board Games,"In board games, an additional or ammended rule that applies to a certain group or place is informally known as a &quot;what&quot; rule?",House,"['Custom', 'Extra', 'Change']"
multiple,medium,Entertainment: Music,Who was walking like an Egyptian in 1981?,The Bangles,"['R.E.M.', 'The Ocean Blue', 'The Connells']"
multiple,medium,Mythology,"In Norse Mythology, what is the name of the symbol commonly referred to as the &quot;Tree of Life&quot;?",Yggdrasil,"['Ymir', 'Tree of the Earth', 'Odin&#039;s Roots']"
multiple,easy,Entertainment: Music,The Red Hot Chili Pepper song &quot;Give It Away&quot; is from what album?,Blood Sugar Sex Magik,"['One Hot Minute', 'By the Way', 'Stadium Arcadium']"
multiple,hard,Entertainment: Japanese Anime &amp; Manga,"&quot;Silhouette&quot;, a song performed by the group &#039;KANA-BOON&#039; is featured as the sixteenth opening of which anime?",Naruto: Shippūden,"['One Piece', 'Naruto', 'Gurren Lagann']"
multiple,easy,History,When was Google founded?,"September 4, 1998","['October 9, 1997', 'December 12, 1989', 'Feburary 7th, 2000']"
multiple,hard,Entertainment: Video Games,Which game was exclusive to Dreamcast?,Pen Pen TriIcelon,"['Sylvester &amp; Tweety in Cagey Capers', 'Perfect Dark', 'Tetrisphere']"
multiple,easy,General Knowledge,What is the name of the main Character from the Series: Dead Space?,Isaac Clarke,"['Ellen Ripley', 'Commander Shepard', 'Captain Kirk']"
multiple,easy,Entertainment: Film,"What was the title of the first Bond movie, released in 1962?",Dr. No,"['From Russia with Love', 'Goldfinger', 'Thunderball']"
boolean,medium,Science &amp; Nature,The most frequent subconscious activity repeated by the human body is blinking.,False,['True']
boolean,hard,Entertainment: Film,The weapon Clint Eastwood uses in &quot;Dirty Harry&quot; was a .44 Automag.,False,['True']
multiple,medium,History,The seed drill was invented by which British inventor?,Jethro Tull,"['Charles Babbage', 'Isaac Newton', 'J.J Thomson']"
multiple,easy,Sports,Which year did Jenson Button won his first ever Formula One World Drivers&#039; Championship?,2009,"['2010', '2007', '2006']"
multiple,medium,Geography,What is the capital of Laos?,Vientiane,"['Tarawa', 'Vaduz', 'Tegucigalpa']"
multiple,medium,General Knowledge,The lesser-known continuation of the saying &quot;Curiosity killed the cat...&quot; is:,&quot;...but satisfaction brought it back.&quot;,"['&quot;...and the silent mouse remained thereat.&quot;', '&quot;...which taught it not to do that.&quot;', '&quot;...but death by the truth is better than ignorance.&quot;']"
multiple,hard,Entertainment: Music,"Which of the music artists did NOT perform in the Live Aid concert in Wembley Stadium, London in 1985?",The Rolling Stones,"['Queen', 'Elton John', 'David Bowie']"
multiple,hard,Mythology,"In Norse mythology, what is the name of the serpent which eats the roots of the ash tree Yggdrasil?",Nidhogg,"['Bragi', 'Odin', 'Ymir']"
multiple,hard,Entertainment: Cartoon &amp; Animations,Townsend Coleman provided the voice for which turtle in the original 1987 series of &quot;Teenage Mutant Ninja Turtles&quot;?,Michelangelo,"['Leonardo', 'Donatello', 'Raphael']"
multiple,hard,Entertainment: Video Games,"In Halo 2, how many rounds does the M6C hold in a single magazine?",12,"['6', '36', '18']"
multiple,hard,Sports,Who did Drew Brees pass in all time NFL passing yards in 2018?,Peyton Manning,"['Tom Brady', 'Dan Marino', 'Joe Montana']"
multiple,hard,Entertainment: Film,What did the first moving picture depict?,A galloping horse,"['A woman in a dress', 'A man walking', 'A crackling fire']"
multiple,easy,Entertainment: Japanese Anime &amp; Manga,In the anime Noragami who is one of the main protagonists?,Yukine,"['Karuha', 'Mineha', 'Mayu']"
multiple,easy,Entertainment: Cartoon &amp; Animations,Which &#039;Family Guy&#039; character got his own spin-off show in 2009?,Cleveland Brown,"['Glenn Quagmire', 'Joe Swanson', 'The Greased-up Deaf Guy']"
multiple,medium,Entertainment: Video Games,"In the &quot;Call Of Duty: Zombies&quot; map &quot;Origins&quot;, how many numbered power generators are there?",6,"['8', '5', '3']"
multiple,medium,Geography,Which European city has the highest mileage of canals in the world?,Birmingham,"['Venice', 'Amsterdam', 'Berlin']"
multiple,easy,Entertainment: Video Games,Which Super Mario video game when they introduce Bowser Jr. for the first time?,Super Mario Sunshine,"['Mario Party series', 'Super Mario Galaxy', 'Mario &amp; Luigi: Bowser&#039;s Inside Story + Bowser Jr.&#039;s Journey']"
multiple,medium,Entertainment: Film,What year did the movie &quot;Napoleon Dynamite&quot; come out?,2004,"['2002', '2003', '2005']"
multiple,hard,Entertainment: Music,A Caixa Malacacheta is what kind of musical instrument which is commonly used in Latin American music?,Snare Drum,"['Cow Bell', 'Bass Drum', 'Maraca']"
multiple,medium,Entertainment: Film,Darth Vader&#039;s famous reveal to Luke is iconic. But which of these is the right one?,&quot;No. I am your father.&quot;,"['&quot;Luke, I am your father.&quot;', '&quot;You&#039;re wrong. I am your father.&quot;', '&quot;The truth is that I am your father.&quot;']"
multiple,medium,Entertainment: Video Games,What is the subtitle for Gran Turismo 3?,A-Spec,"['Championship', 'Drive', 'Nitro']"
multiple,medium,Entertainment: Music,Rick Astley&#039;s hit song &quot;Never Gonna Give You Up&quot; was released in what year?,1987,"['1985', '1986', '1988']"
multiple,medium,Entertainment: Video Games,Which of these is NOT a playable character race in the video game &quot;Starbound&quot;?,Fenerox,"['Floran', 'Novakid', 'Hylotl']"
multiple,medium,Geography,Broome is a town in which state of Australia?,Western Australia,"['Northern Territory', 'South Australia', 'Tasmania']"
multiple,medium,Entertainment: Film,What American actor directed and co-starred alongside Emily Blunt in 2018&#039;s horror film &quot;A Quiet Place&quot;?,John Krasinski,"['Keanu Reeves', 'Willem Dafoe', 'Josh Brolin']"
boolean,hard,Science: Mathematics,"In Topology, the complement of an open set is a closed set.",True,['False']
boolean,medium,General Knowledge,Only a small percentage of the world&#039;s population is lactose intolerant.,False,['True']
multiple,easy,Animals,Which class of animals are newts members of?,Amphibian,"['Fish', 'Reptiles', 'Mammals']"
multiple,medium,Geography,Which of these countries is not a United Nations member state?,Niue,"['Tuvalu', 'South Sudan', 'Montenegro']"
multiple,medium,Entertainment: Television,This composer worked on the 2003 TV series Battlestar Galatica.,Bear McCreary,"['Ramin Djawadi', 'Jeremy Soule', 'Harry Gregson-Williams']"
multiple,medium,Entertainment: Music,Which of these songs is NOT in The Beatles&#039; album &quot;Sgt. Pepper&#039;s Lonely Hearts Club Band&quot;?,Strawberry Fields Forever,"['Getting Better', 'Fixing a Hole', 'Lucy in the Sky with Diamonds']"
multiple,medium,Science &amp; Nature,"What does CPR, the emergency procedure to assist someone who has suffered cardiac arrest, stand for?",Cardiopulmonary resuscitation,"['Chronic pain relief', 'Cancer pain release', 'Contraceptive prevalence rate']"
multiple,easy,Entertainment: Books,"In the novel 1984, written by George Orwell, what is the name of the totalitarian regime that controls Oceania?",INGSOC,"['Neo-Bolshevism', 'Obliteration of the Self', 'Earth Alliance']"
multiple,hard,Science: Computers,What is the maximum value of a 32-bit signed binary integer?,"2,147,483,647","['255', '2048', '9,223,372,036,854,775,807']"
multiple,hard,Science: Computers,The acronym &quot;RIP&quot; stands for which of these?,Routing Information Protocol,"['Runtime Instance Processes', 'Regular Interval Processes', 'Routine Inspection Protocol']"
multiple,medium,Mythology,What animal did Queen Pasipahe sleep with before she gave birth to the Minotaur in Greek Mythology?,Bull,"['Pig', 'Ox', 'Horse']"
multiple,medium,Entertainment: Film,Which movie sequel had improved box office results compared to its original film?,Toy Story 2,"['Sin City: A Dame to Kill For', 'Speed 2: Cruise Control', 'Son of the Mask']"
multiple,hard,Sports,What team did England beat in the semi-final stage to win in the 1966 World Cup final?,Portugal,"['West Germany', 'Soviet Union', 'Brazil']"
boolean,medium,Entertainment: Music,The band &quot;Panic! At the Disco&quot; has released 4 albums total,False,['True']
multiple,easy,General Knowledge,What is the French word for &quot;fish&quot;?,poisson,"['fiche', 'escargot', 'mer']"
multiple,medium,Entertainment: Japanese Anime &amp; Manga,"In JoJo&#039;s Bizarre Adventure, which character is able to accelerate time?",Enrico Pucci,"['Jotaro Kujo', 'Jolyne Cujoh', 'Kujo Jotaro']"
multiple,medium,Entertainment: Video Games,"In &quot;Halo 2&quot;, what is the name of the monitor of Installation 05?",2401 Penitent Tangent,"['343 Guilty Spark', '031 Exuberant Witness', '252 Biodis Expolsion']"
multiple,easy,General Knowledge,Terry Gilliam was an animator that worked with which British comedy group?,Monty Python,"['The Goodies&lrm;', 'The League of Gentlemen&lrm;', 'The Penny Dreadfuls']"
multiple,easy,Science &amp; Nature,What is the first element on the periodic table?,Hydrogen,"['Helium', 'Oxygen', 'Lithium']"
multiple,medium,Entertainment: Comics,"In the DC Comics 2016 reboot, Rebirth, which speedster escaped from the Speed Force after he had been erased from existance?",Wally West,"['Johnny Quick', 'Jay Garrick', 'Eobard Thawne']"
multiple,easy,Science &amp; Nature,What is the unit of electrical resistance?,Ohm,"['Mho', 'Tesla', 'Joule']"
multiple,medium,History,When was Napoleon Bonaparte crowned emperor of the French? , December 2nd 1804,"[' July 3rd 1802', ' March 8th 1803', ' October 15th 1804']"
multiple,medium,Entertainment: Board Games,Which of the following tabletop games is the oldest?,Go,"['Chess', 'Mahjong', 'Shogi']"
multiple,medium,Entertainment: Film,Which actor played the main character in the 1990 film &quot;Edward Scissorhands&quot;?,Johnny Depp,"[' Clint Eastwood', 'Leonardo DiCaprio', 'Ben Stiller']"
multiple,medium,Entertainment: Video Games,"What is the perk that was introduced in the &quot;Call Of Duty: Zombies&quot; map, &quot;Mob Of The Dead&quot;?",Electric Cherry,"['Quick Revive', 'Vulture Aid', 'Tombstone']"
multiple,medium,Entertainment: Music,Iconic cartoon character Mickey Mouse made his onscreen debut in what year?,1928,"['1929', '1922', '1932']"
multiple,easy,Vehicles,Which car tire manufacturer is famous for its &quot;P Zero&quot; line?,Pirelli,"['Goodyear', 'Bridgestone', 'Michelin']"
multiple,hard,Geography,Llanfair&shy;pwllgwyngyll&shy;gogery&shy;chwyrn&shy;drobwll&shy;llan&shy;tysilio&shy;gogo&shy;goch is located on which Welsh island?,Anglesey,"['Barry', 'Bardsey', 'Caldey']"
multiple,easy,Entertainment: Music,Which brass instrument has the lowest pitch in an orchestra?,Tuba,"['Trumpet', 'Saxophone', 'Trombone']"
multiple,easy,History,What year did World War II end?,1945,"['1943', '1947', '1950']"
multiple,hard,History,Who was the British Prime Minister at the outbreak of the Second World War in 1939?,Neville Chamberlain,"['Stanley Baldwin', 'Winston Churchill', 'Ramsay MacDonald']"
multiple,hard,Science: Computers,What was the first company to use the term &quot;Golden Master&quot;?,Apple,"['IBM', 'Microsoft', 'Google']"
multiple,hard,Entertainment: Books,The novel &quot;Jane Eyre&quot; was written by what author? ,Charlotte Bront&euml;,"['Emily Bront&euml;', 'Jane Austen', 'Louisa May Alcott']"
multiple,easy,Entertainment: Video Games,What are Sans and Papyrus named after in &quot;Undertale&quot;?,Fonts,"['Plants', 'Companies', 'Ancient writing paper']"
multiple,easy,Mythology,"Who in Greek mythology, who led the Argonauts in search of the Golden Fleece?",Jason,"['Castor', 'Daedalus', 'Odysseus']"
multiple,medium,Entertainment: Video Games,Which genre is the Touhou Project associated with?,Shoot &#039;em up (bullet-hell) &amp; Fighting,"['Turn-Based Strategy', 'MMORPG', 'Building ']"
multiple,easy,Entertainment: Books,Which famous spy novelist wrote the childrens&#039; story &quot;Chitty-Chitty-Bang-Bang&quot;?,Ian Fleming,"['Joseph Conrad', 'John Buchan', 'Graham Greene']"
boolean,easy,Entertainment: Video Games,The shotgun appears in every numbered Resident Evil game.,True,['False']
multiple,hard,Entertainment: Video Games,"In the book &amp; video game Metro 2033, which Moscow Metro station is the main character Artyom&#039;s home station?",VDNKh,"['Prospekt Mira', 'Kitay-Gorod', 'Botanichesky Sad']"
multiple,easy,Science: Computers,"In computing, how many bits are in a nibble?",4,"['16', '32', '2']"
boolean,easy,Animals,Zebras are white with black stripes.,False,['True']
multiple,medium,Entertainment: Musicals &amp; Theatres,Which of the following is not a piece from the 1950&#039;s musical West Side Story?,The Back Alley,"['Maria', 'Tonight', 'Mambo']"
multiple,easy,Entertainment: Video Games,"In Rust, how many Timed Explosive Charges does it take to destroy a Ladder Hatch?",1,"['3', '2', '5']"
multiple,easy,Geography,Which of the following countries has a flag featuring a yellow lion wielding a sword on a dark red background?,Sri Lanka,"['Kiribati', 'Scotland', 'Bhutan']"
multiple,easy,General Knowledge,What was the name of Sqiudward&#039;s bad painting in the Spongebob episode &quot;Artist Unknown?&quot;,Bold and Brash,"['Squidward en Repose', 'Rippy Bits', 'Tilted Perspectives']"
multiple,medium,Science &amp; Nature,Which part of the body does glaucoma affect?,Eyes,"['Throat', 'Stomach', 'Blood']"
multiple,medium,Entertainment: Video Games,What was the main currency in Club Penguin?,Coins,"['Stamps', 'Tickets', 'Gems']"
multiple,easy,Science: Gadgets,When was the Tamagotchi digital pet released?,1996,"['1989', '1992', '1990']"
multiple,easy,Entertainment: Film,What was Bruce Campbell&#039;s iconic one-liner after getting a chainsaw hand in Evil Dead 2?,Groovy.,"['Gnarly.', 'Perfect.', 'Nice.']"
multiple,hard,History,The assassination of which royal led to the start of World War I?,Archduke Franz Ferdinand,"['Louis Mountbatten', 'King Charles I', 'Nicholas II']"
multiple,medium,Sports,How many scoring zones are there on a conventional dart board?,82,"['62', '42', '102']"
multiple,hard,History,What was found in 1946 by two young shepards near a cave?,Dead Sea Scrolls,"['The Blackbeard Chest', 'Sheep', 'The First Oaxaca Cave Sleeper']"
multiple,easy,Entertainment: Video Games,"In Portal 2, how did CEO of Aperture Science, Cave Johnson, presumably die?",Moon Rock Poisoning,"['Accidentally sending a portal to the Moon', 'Slipped in the shower', 'Asbestos Poisoning']"
boolean,medium,Science: Computers,The ARM computer chip was originally developed by Acorn Computers.,True,['False']
multiple,medium,History,"One of the deadliest pandemics, the &quot;Spanish Flu&quot;, killed off what percentage of the human world population at the time?",3 to 6 percent,"['6 to 10 percent', '1 to 3 percent', 'less than 1 percent']"
multiple,medium,History,The Little Entente was an alliance formed against which nation?,Hungary,"['Germany', 'France', 'Prussia']"
multiple,medium,Science &amp; Nature,On which mission did the Space Shuttle Columbia break up upon re-entry?,STS-107,"['STS-51-L', 'STS-61-C', 'STS-109']"
multiple,hard,Entertainment: Video Games,What programming language was used to create the game &quot;Minecraft&quot;?,Java,"['HTML 5', 'C++', 'Python']"
multiple,medium,Entertainment: Video Games,Which country was Eliza &quot;Ash&quot; Cohen from &quot;Tom Clancy&#039;s Rainbow Six Siege&quot; born in?,Israel,"['United States of America', 'Mexico', 'Canada']"
multiple,easy,General Knowledge,What kind of aircraft was developed by Igor Sikorsky in the United States in 1942?,Helicopter,"['Stealth Blimp', 'Jet', 'Space Capsule']"
multiple,easy,General Knowledge,What is the first book of the Old Testament?,Genesis,"['Exodus', 'Leviticus', 'Numbers']"
multiple,medium,Entertainment: Video Games,Which CS:GO eSports team won the major event ESL One Cologne 2016?,SK Gaming,"['Team Liquid', 'Fnatic', 'Virtus.pro']"
multiple,medium,Entertainment: Video Games,Which of the following created and directed the Katamari Damacy series?,Keita Takahashi,"['Hideki Kamiya', 'Shu Takumi', 'Shinji Mikami']"
multiple,medium,History,Where was Portuguese explorer Ferdinand Magellan killed in 1521?,The Phillipines,"['Canary Islands', 'Guam', 'Argentina']"
multiple,medium,Vehicles,"The British Rail Class 700, Class 707 and the Class 717 are part of what train family?",Desiro City,"['Networker', 'Aventra', 'Electrostar']"
multiple,hard,General Knowledge,The Panama Canal was officially opened by which US president?,Woodrow Wilson,"['Calvin Coolidge', 'Herbert Hoover', 'Theodore Roosevelt']"
multiple,hard,Entertainment: Video Games,When was Pokemon GO released in North America?,"July 6th, 2016","['June 5th, 2016', 'May 24th, 2016', 'January 2nd, 2017']"
multiple,easy,Entertainment: Music,"Who is the musical artist who released the hit song, &quot;Love Song,&quot; in 2007?",Sara Bareilles,"['Taylor Swift', 'Katy Perry', 'Sarah Silverman']"
multiple,medium,Entertainment: Japanese Anime &amp; Manga,"In the &quot;Re:Zero&quot; manga series, which of the following Sin Archbishops eats Rem&#039;s existence?",Ley Batenkaitos,"['Roy Alphard', 'Petelgeuse Romanee-Conti', 'Louis Arneb']"
multiple,medium,General Knowledge,"On average, Americans consume 100 pounds of what per second?",Chocolate,"['Potatoes', 'Donuts', 'Cocaine']"
multiple,easy,Geography,In which Indian city can the Taj Mahal be found?,Agra,"['Mumbai', 'Faridabad', 'Thane']"
multiple,medium,Entertainment: Film,What is the make and model of the tour vehicles in &quot;Jurassic Park&quot; (1993)?,1992 Ford Explorer XLT,"['1992 Toyota Land Cruiser', '1992 Jeep Wrangler YJ Sahar', 'Mercedes M-Class']"
multiple,hard,Animals,What is the name of the copper-rich protein that creates the blue blood in the Antarctic octopus?,Hemocyanin,"['Cytochrome', 'Iron', 'Methionine']"
multiple,hard,Entertainment: Japanese Anime &amp; Manga,Which animation studio produced the anime adaptation of &quot;xxxHolic&quot;?,Production I.G,"['Sunrise', 'Xebec', 'Kyoto Animation']"
multiple,easy,Entertainment: Television,Which actor portrays &quot;Walter White&quot; in the series &quot;Breaking Bad&quot;?, Bryan Cranston,"['Andrew Lincoln', 'Aaron Paul', 'RJ Mitte']"
multiple,easy,Entertainment: Video Games,"In the game Nuclear Throne, what character is only usable in a play through with Melting?",Skeleton,"['Frog', 'Horror', 'Plant']"
multiple,medium,Entertainment: Video Games,"In &quot;Call Of Duty: Zombies&quot;, completing which map&#039;s main easter egg will reward you with the achievement, &quot;Little Lost Girl&quot;?",Origins,"['Revelations', 'Moon', 'Tranzit']"
multiple,easy,History,Who was the Confederate general in the American Civil War?,Robert E. Lee,"['George A. Custer', 'Ulysses S. Grant', 'George B. McClellan']"
multiple,easy,General Knowledge,What is the nickname of the US state of California?,Golden State,"['Sunshine State', 'Bay State', 'Treasure State']"
multiple,medium,Science: Mathematics,What is the derivative of sin(x),cos(x),"['csc(x)', '-cos(x)', '-sin(x)']"
multiple,easy,History,Which one of these countries was NOT in the Central Powers during WWI?,Spain,"['Austria-Hungary', 'Turkey', 'Germany']"
multiple,hard,Science &amp; Nature,What is the same in Celsius and Fahrenheit?,-40,"['32', '-39', '-42']"
boolean,medium,Entertainment: Music,&quot;Neutral Milk Hotel&quot; is a real band.,True,['False']
multiple,medium,Entertainment: Japanese Anime &amp; Manga,What is the name of the final villain in the manga series &quot;Bleach&quot;?,Yhwach,"['Juha Bach', 'Yuhabah', 'Juhabach']"
multiple,medium,Animals,What are rhino&#039;s horn made of?,Keratin,"['Bone', 'Ivory', 'Skin']"
multiple,medium,Entertainment: Video Games,Which of the following Pok&eacute;mon games released first?,Pok&eacute;mon Crystal,"['Pok&eacute;mon Platinum', 'Pok&eacute;mon FireRed', 'Pok&eacute;mon Black']"
multiple,easy,Science &amp; Nature,The asteroid belt is located between which two planets?,Mars and Jupiter,"['Jupiter and Saturn', 'Mercury and Venus', 'Earth and Mars']"
multiple,hard,Entertainment: Television,Which of these in the Star Trek series is NOT Klingon food?,Hors d&#039;oeuvre,"['Racht', 'Gagh', 'Bloodwine']"
multiple,medium,Entertainment: Music,What country did Shirley Bassey originate from?,Wales,"['America', 'England', 'Canada']"
multiple,easy,Entertainment: Video Games,In which year was League of Legends released?,2009,"['2010', '2003', '2001']"
multiple,easy,Entertainment: Television,What was the name of the police officer in the cartoon &quot;Top Cat&quot;?,Dibble,"['Barbrady', 'Mahoney', 'Murphy']"
multiple,hard,Entertainment: Musicals &amp; Theatres,Who played &quot;Charlie Price&quot; in the musical &quot;Kinky Boots&quot; on Broadway in New York from May 26th - Aug 6th 2017?,Brendon Urie,"['Ed Sheeren', 'Tom Cruise', 'Dallon Weekes']"
boolean,medium,Science: Computers,All program codes have to be compiled into an executable file in order to be run. This file can then be executed on any machine.,False,['True']
multiple,medium,Entertainment: Music,Who sang backup vocals on Rockwell&#039;s hit 1984 single &#039;Somebody&#039;s Watching Me&#039;?,Michael Jackson,"['Paul McCartney', 'Elton John', 'Prince']"
multiple,medium,History,"The Tsar Bomba, the most powerful nuclear bomb ever tested, had a yield of 50 megatons but theoretically had a maximum yield of how much?",100 Megatons,"['200 Megatons', '75 Megatons', '150 Megatons']"
multiple,hard,Entertainment: Television,Which former Coronation Street actress was once a hostess on the British Game Show &quot;Double Your Money&quot;?,Amanda Barrie,"['Sue Nicholls', 'Violet Carson', 'Jean Alexander']"
multiple,easy,History,Pol Pot was the former dictator of which country?,Cambodia,"['Laos', 'North Korea', 'Vietnam']"
multiple,hard,Science &amp; Nature,&quot;The Big Bang Theory&quot; was first theorized by a priest of what religious ideology?,Catholic,"['Christian', 'Jewish', 'Islamic']"
multiple,easy,Entertainment: Film,What was the first James Bond film?,Dr. No,"['Goldfinger', 'From Russia With Love', 'Thunderball']"
multiple,medium,Entertainment: Video Games,Phil Fish was the designer of which game?,Fez,"['Super Meat Boy', 'Hotline Miami', 'FTL']"
multiple,medium,Geography,The following Spanish provinces are located in the northern area of Spain except:,Murcia,"['Asturias', 'Navarre', 'Le&oacute;n']"
multiple,hard,Entertainment: Japanese Anime &amp; Manga,Who was the Author of the manga Monster Hunter Orage?,Hiro Mashima,"['Shin Yamamoto', 'Keiichi Hikami', 'Hirohiko Araki']"
multiple,medium,Entertainment: Television,Which of following is rude and dishonorable by Klingon standards?,Taking his D&#039;k tahg,"['Insulting and laughing at him at the dinner table', 'Reaching over and taking his meal', 'Punching him and taking his ship station position']"
multiple,medium,Entertainment: Music,&#039;We Built This City&#039; was a number one hit for which American rock band in 1985?,Starship,"['Kansas', 'Jefferson Airplane', 'Aerosmith']"
multiple,medium,Entertainment: Film,"In the 2002 film &quot;Kung Pow! Enter the Fist&quot;, why was Wimp Lo purposely trained wrong?",As a joke,"['For cheating', 'Revenge', 'To test him']"
multiple,medium,Art,Which one of these paintings is not by Caspar David Friedrich?,The Black Sea,"['The Sea of Ice', 'Wanderer above the Sea of Fog', 'The Monk by the Sea']"
multiple,hard,Science: Computers,Which of the following physical typologies are used with Ethernet Networks?,Star,"['Ring', 'Mesh', 'Hex']"
multiple,medium,Entertainment: Musicals &amp; Theatres,"The World Chess Championship in Chess, Act 1 is set in which Italian city?",Merano,"['Venice', 'Milan', 'Rome']"
boolean,medium,Entertainment: Film,Stanley Kubrick&#039;s &quot;Dr. Strangelove&quot; (1964) originally ended with a large pie fight in the war room.,True,['False']
multiple,medium,Entertainment: Film,Who directed the movie &quot;Alien&quot;?,Ridley Scott,"['Christopher Nolan', 'Michael Bay', 'James Cameron']"
boolean,hard,Entertainment: Video Games,"In the game Nuclear Throne, the boss &quot;Big Dog&quot; was made into a character on April Fool&#039;s Day 2015.",True,['False']
multiple,medium,Entertainment: Video Games,Which of these is NOT a name of a city in the main island of PLAYERUNKNOWN&#039;S BATTLEGROUNDS?,Belushya Guba,"['Yasnaya Polyana', 'Pochinki', 'Georgopol']"
multiple,medium,Entertainment: Video Games,"In Forza Motorsport 6, which of these track-exclusive cars was NOT featured in the game, either originally with the game or added as DLC?",Aston Martin Vulcan,"['Ferrari FXX-K', 'McLaren P1 GTR', 'Lotus E23']"
boolean,medium,Entertainment: Music,&quot;Twenty One Pilots&quot; made the song &quot;The Motion&quot; featuring Sampha.,False,['True']
multiple,hard,Science &amp; Nature,What is &quot;Stenoma&quot;?,A genus of moths,"['A combat stimulant from WW2', 'A type of seasoning', 'A port city in the carribean']"
multiple,medium,Animals,What are the scales on all snakes and most lizards are made of?,Keratin,"['Ecdysis', 'Epidermis', 'Ankyloglossia']"
multiple,easy,Entertainment: Video Games,Who is the protagonist in the game &quot;The Walking Dead: Season One&quot;?,Lee Everett,"['Clementine', 'Kenny', 'Rick Grimes']"
multiple,medium,Entertainment: Video Games,Which one of the following actors did not voice a character in &quot;Saints Row: The Third&quot;?,Ron Jeremy,"['Sasha Grey', 'Burt Reynolds', 'Hulk Hogan']"
multiple,easy,General Knowledge,What is on display in the Madame Tussaud&#039;s museum in London?,Wax sculptures,"['Designer clothing', 'Unreleased film reels', 'Vintage cars']"
multiple,medium,Entertainment: Music,Which song previously recorded by Elvis Presley was covered by UB40 with a reggae beat?,Can&#039;t Help Falling in Love,"['Jailhouse Rock', 'In the Ghetto', 'Wooden Heart']"
multiple,medium,Entertainment: Television,Who composed the theme song for The Simpsons?,Danny Elfman,"['John Williams', 'Hans Zimmer', 'Ennio Morricone']"
multiple,hard,Entertainment: Music,Who is a pioneer of &quot;Minimal Music&quot; in 1960s?,Steve Reich,"['Wolfgang Amadeus Mozart', 'Brian Eno', 'Sigur R&oacute;s']"
multiple,hard,Entertainment: Comics,Which pulp hero made appearances in Hellboy and BPRD comics before getting his own spin-off?,Lobster Johnson,"['Roger the Homunculus', 'The Spider', 'The Wendigo']"
multiple,hard,Entertainment: Video Games,What Pok&eacute;mon&#039;s Base Stat Total does not change when it evolves?,Scyther,"['Pikachu', 'Sneasel', 'Larvesta']"
multiple,hard,Sports,Who is Manchester United&#039;s leading appearance maker?,Ryan Giggs,"['David Beckham', 'Wayne Rooney', 'Eric Cantona']"
multiple,medium,Entertainment: Video Games,"In the game &quot;Undertale&quot;, who was Mettaton&#039;s creator?",Alphys,"['Undyne', 'Sans', 'Asgore']"
multiple,easy,Entertainment: Cartoon &amp; Animations,What is lost in Hawaiian and is also the name of a little girl in a 2002 film which features a alien named &quot;Stitch&quot;?,Lilo,"['Lolo', 'Lucy', 'Lulu']"
multiple,medium,Entertainment: Video Games,"In the game Paper Mario for the Nintendo 64 the first partner you meet is a Goomba, what is its name?",Goombario,"['Goombella', 'Goombarry', 'Goomby']"
multiple,medium,Entertainment: Books,Who is the author of the series &quot;Malazan Book of the Fallen&quot;?,Steven Erikson,"['Ian Cameron Esslemont', 'George R. R. Martin', 'J. R. R. Tolkien']"
multiple,medium,Entertainment: Video Games,"In Portal 2, the iconic character GLaDOS is turned into:",A potato,"['A tomato', 'A lemon', 'An apple']"
multiple,medium,Entertainment: Video Games,"In the world strategy game &#039;Sid Meier&#039;s Civilization&#039;, a programming bug caused the AI depiction of Gandhi to do which of the following?",Become aggressive and launch nuclear strikes,"['Begin speaking in German ', 'Become friendly and trade his entire wealth', 'Launch attacks on his own cities and assets']"
multiple,hard,Entertainment: Television,"In &quot;Donkey Kong Country&quot;, why does Donkey Kong want to know the secret of the crystal coconut?",He&#039;s the big kahuna.,"['To find out where all the bananas are.', 'Because Diddy Kong forced him.', 'He wants to punish brutes.']"
multiple,easy,Geography,What is Russia&#039;s second-largest city?,Saint Petersburg,"['Minsk', 'Nizhny Novgorod', 'Vladivostok']"
multiple,medium,Entertainment: Television,Who was the winner of the 2016 WWE Royal Rumble?,Triple H,"['Roman Reigns', 'AJ Styles', 'Dean Ambrose']"
multiple,medium,Entertainment: Video Games,"In Super Smash Bros. Ultimate, which of the following pair of characters are NOT considered &quot;Echo Fighters&quot;?",Link &amp; Young Link,"['Marth &amp; Lucina', 'Richter &amp; Simon', 'Peach &amp; Daisy']"
multiple,medium,Celebrities,Which television show has Dan Gheesling been on?,Big Brother,"['Jeopardy', 'Survivor', 'The Bachelor']"
multiple,medium,Entertainment: Video Games,Who created the Final Fantasy series developed by Square Enix?,Hironobu Sakaguchi,"['Yuji Horii', 'Akira Toriyama', 'Tetsuya Nomura']"
multiple,easy,Animals,How many legs do butterflies have?,6,"['2', '4', '0']"
multiple,easy,Entertainment: Video Games,The &ldquo;fairy&rdquo; type made it&rsquo;s debut in which generation of the Pokemon core series games?,6th,"['2nd', '7th', '4th']"
multiple,medium,Entertainment: Comics,Which Batman sidekick is the son of Talia al Ghul?,Damian Wayne,"['Dick Grayson', 'Tim Drake', 'Jason Todd']"
boolean,easy,General Knowledge,A scientific study on peanuts in bars found traces of over 100 unique specimens of urine.,False,['True']
multiple,medium,Sports,Who won the 2011 Stanley Cup?,Boston Bruins,"['Montreal Canadiens', 'New York Rangers', 'Toronto Maple Leafs']"
multiple,medium,Entertainment: Music,"Cryoshell, known for &quot;Creeping in My Soul&quot; did the advertising music for what Lego Theme?",Bionicle,"['Hero Factory', 'Ben 10 Alien Force', 'Star Wars']"
multiple,easy,Entertainment: Music,"What is the real name of American rapper Eminem, also known as Slim Shady?",Marshall Mathers,"['Calvin Broadus', 'Shawn Carter', 'Nasir Jones']"
boolean,medium,Entertainment: Television,The show &quot;Gilligan&#039;s Island&quot; was cancelled because of low ratings.,False,['True']
multiple,easy,Entertainment: Japanese Anime &amp; Manga,"The two main characters of &quot;No Game No Life&quot;, Sora and Shiro, together go by what name?",Blank,"['Immanity', 'Disboard', 'Warbeasts']"
multiple,medium,General Knowledge,When was WhatsApp founded?,2009,"['2007', '2012', '2010']"
multiple,easy,Entertainment: Video Games,When was Left 4 Dead 2 released?,"November 17, 2009","['May 3, 2008', 'November 30, 2009', 'June 30, 2010']"
multiple,medium,Entertainment: Books,What is the name of Eragon&#039;s dragon in &quot;Eragon&quot;?,Saphira,"['Glaedr', 'Thorn', 'Arya']"
multiple,medium,History,On what day did Germany invade Poland?,"September 1, 1939","['December 7, 1941', 'June 22, 1941', 'July 7, 1937']"
multiple,easy,Geography,What is the official language of Costa Rica?,Spanish,"['English', 'Portuguese', 'Creole']"
multiple,easy,Entertainment: Film,What is the orange and white bot&#039;s name in &quot;Star Wars: The Force Awakens&quot;?,BB-8,"['BB-3', 'AA-A', 'R2-D2']"
multiple,medium,Animals,What dog breed is one of the oldest breeds of dog and has flourished since before 400 BCE.,Pugs,"['Bulldogs', 'Boxers', 'Chihuahua']"
multiple,medium,General Knowledge,What is the German word for &quot;spoon&quot;?,L&ouml;ffel,"['Gabel', 'Messer', 'Essst&auml;bchen']"
multiple,easy,Entertainment: Film,"In Avengers: Infinity War, where was the Soul Stone located?",Vormir,"['Xandar', 'Knowhere', 'Asgard']"
multiple,easy,Entertainment: Music,Which famous artist featured on Rowdy Rebel&#039;s 2015 song &quot;Computers&quot;?,Bobby Shmurda ,"['Lil Wayne', 'Will.I.AM', 'Kendrick Lamar']"
multiple,medium,Entertainment: Television,What was Nickelodeon&#039;s original name?,Pinwheel,"['MTVKids', 'KidsTV', 'Splat!']"
boolean,hard,General Knowledge,This is the correct spelling of &quot;Supercalifragilisticexpialidocious&quot;.,True,['False']
multiple,easy,Geography,Which ocean borders the west coast of the United States?,Pacific,"['Atlantic', 'Indian', 'Arctic']"
multiple,medium,History,What was the name of the first permanent English settlement in America?,Jamestown,"['New York', 'St. John&#039;s', 'Plymouth']"
multiple,medium,Sports,Which professional wrestler fell from the rafters to his death during a live Pay-Per-View event in 1999?,Owen Hart,"['Chris Benoit', 'Lex Luger', 'Al Snow']"
multiple,hard,Entertainment: Video Games,The Bracken from Lethal Company is also known as:,The Flower Man,"['The Phantom', 'The Shadow Demon', 'Larry']"
multiple,medium,Vehicles,Which supercar company is from Sweden?,Koenigsegg,"['Bugatti', 'Lamborghini', 'McLaren']"
boolean,medium,Geography,Australia is greater than Greenland in size.,True,['False']
multiple,medium,Entertainment: Books,What is the name of the author of book series &#039;Percy Jackson&#039;?,Rick Riordan,"['J.K. Rowling', 'Sandra Bullock ', 'Roald Dahl']"
multiple,hard,Entertainment: Television,"In 2008, British celebrity chef Gordon Ramsay believes he almost died after suffering what accident in Iceland while filming?","Slipping off a cliff, and nearly drowning in icy water","['Crash landing when arriving at Keflav&iacute;k airport', 'A minor car accident in a snowstorm', 'Being served under-cooked chicken at his hotel']"
multiple,easy,General Knowledge,Trypophobia is the fear of ,groups of holes,"['swimming in deep water', 'public speaking', 'eating too much']"
multiple,medium,Science: Computers,"In programming, what do you call functions with the same name but different implementations?",Overloading,"['Overriding', 'Abstracting', 'Inheriting']"
multiple,easy,History,What was William Frederick Cody better known as?,Buffalo Bill,"['Billy the Kid', 'Wild Bill Hickok', 'Pawnee Bill']"
boolean,easy,General Knowledge,&quot;Ananas&quot; is mostly used as the word for Pineapple in other languages.,True,['False']
multiple,hard,History,Who was the last emperor of Mexico?,Ferdinand Maximilian,"['Andr&eacute;s Manuel L&oacute;pez Obrador', 'Napoleon III', 'Agust&iacute;n de Iturbide']"
multiple,easy,Sports,Which country won the 2018 FIFA World Cup hosted in Russia?,France,"['Croatia', 'Belgium', 'England']"
multiple,medium,Science &amp; Nature,"Along with Oxygen, which element is primarily responsible for the sky appearing blue?",Nitrogen,"['Helium', 'Carbon', 'Hydrogen']"
multiple,hard,Entertainment: Video Games,How many copies of the notorious E.T. game for the Atari 2600 did Atari end up selling?,1.5 Million,"['1 Million', '250 Thousand', 'Less than 250 Thousand']"
multiple,easy,Science: Mathematics,What is the correct order of operations for solving equations?,"Parentheses, Exponents, Multiplication, Division, Addition, Subtraction","['Addition, Multiplication, Division, Subtraction, Addition, Parentheses', 'Parentheses, Exponents, Addition, Substraction, Multiplication, Division', 'The order in which the operations are written.']"
multiple,hard,Politics,What is centralism?, Concentration of power and authority in a central organization.,"['Conforming to one single common political agenda.', 'Remaining politically neutral.', 'The grey area in the spectrum of political left and right.']"
multiple,easy,Animals,Which breed of dog is traditionally associated with firefighters?,Dalmatians,"['German Shepard', 'Great Dane', 'Mastiff']"
multiple,medium,Entertainment: Books,What position does Harry Potter play in Quidditch?,Seeker,"['Beater', 'Chaser', 'Keeper']"
multiple,easy,Entertainment: Television,How many seasons did &quot;Stargate SG-1&quot; have?,10,"['3', '7', '12']"
multiple,medium,Entertainment: Video Games,In what year were screenshots added to Steam?,2011,"['2010', '2008', '2009']"
multiple,medium,Entertainment: Video Games,In which Mario game did the Mega Mushroom make its debut?,Mario Party 4,"['New Super Mario Bros.', 'Mario Kart Wii', 'Super Mario 3D World']"
multiple,medium,Geography,The Principality of Sealand is an unrecognized micronation off the coast of what country?,The United Kingdom,"['Japan', 'Austrailia', 'Argentina']"
multiple,easy,General Knowledge,Red Vines is a brand of what type of candy?,Licorice,"['Lollipop', 'Chocolate', 'Bubblegum']"
multiple,medium,History,In which one of these cities did the Great Stink of 1858 occur?,London,"['Berlin', 'New York', 'Moscow']"
multiple,medium,Entertainment: Music,Which of these Johns was murdered by gunshots outside the Dakota in New York in 1980?,John Lennon,"['Johnny Thunders', 'John Denver', 'John Cascella']"
multiple,medium,Sports,Which car manufacturer won the 2016 24 Hours of Le Mans?,Porsche,"['Toyota', 'Audi', 'Ferrari']"
multiple,medium,Geography,The US state of New York has about as many inhabitants as?,Romania,"['Poland', 'Germany', 'Hungary']"
multiple,easy,History,What year did the Titanic sink?,1912,"['1930', '1917', '1941']"
boolean,medium,Sports,"In 2008, Usain Bolt set the world record for the 100 meters with one shoelace untied.",True,['False']
multiple,medium,History,What was the name of the African-American cultural explosion centered in upper Manhattan during the 1920s and 1930s?,Harlem Renaissance,"['Inwood Renaissance', 'Bed-Stuy Renaissance', 'Upper East Renaissance']"
multiple,medium,Science: Computers,"While Apple was formed in California, in which western state was Microsoft founded?",New Mexico,"['Washington', 'Colorado', 'Arizona']"
multiple,medium,Entertainment: Video Games,"In Touhou 12: Undefined Fantastic Object, which of these was not a playable character?",Izayoi Sakuya,"['Hakurei Reimu', 'Kirisame Marisa', 'Kochiya Sanae']"
multiple,easy,General Knowledge,What company owns Outlook?,Microsoft,"['Google', 'Apple', 'Yahoo']"
multiple,hard,General Knowledge,Virtual reality company Oculus VR lost which of it&#039;s co-founders in a freak car accident in 2013?,Andrew Scott Reisse,"['Nate Mitchell', 'Jack McCauley', 'Palmer Luckey']"
multiple,hard,Entertainment: Japanese Anime &amp; Manga,"In &quot;Hunter x Hunter&quot;, what are members in Killua&#039;s family known for being?",Assassins,"['Bandits', 'Hunters', 'Ninjas']"
boolean,easy,Entertainment: Television,"In &quot;Star Trek&quot;, Klaang is a typical Klingon male.",True,['False']
multiple,medium,Entertainment: Books,"In Romance of the Three Kingdoms, who was not a member of the Peach Garden Oath?",Zhao Yun,"['Liu Bei', 'Guan Yu', 'Zhang Fei']"
multiple,easy,Entertainment: Video Games,What is the name of the main protagonist in &quot;Xenoblade Chronicles&quot;?,Shulk,"['Reyn', 'Fiora', 'Dunban']"
multiple,easy,Science &amp; Nature,Which element has the highest melting point?,Carbon,"['Tungsten', 'Platinum', 'Osmium']"
multiple,medium,Sports,Which team was the 2014-2015 NBA Champions?,Golden State Warriors,"['Cleveland Cavaliers', 'Houston Rockets', 'Atlanta Hawks']"
multiple,hard,Entertainment: Music,Which lyric is about Red Hot Chili Peppers frontman Anthony Kiedis?,&quot;A rainy Lithuanian / Is dancing as an Indian&quot;,"['&quot;Fly away on, my zephyr / I feel it more than ever&quot;', '&quot;And I liked the dimple in your chin / Your pale blue eyes&quot;', '&quot;You used to be so warm and affectionate...but now you&#039;re quick to get into your regret&quot;']"
multiple,medium,History,How did the Vikings call their short-lived colony in today&#039;s Canada?,V&iacute;nland,"['F&oslash;royar', 'H&aring;logaland', 'Sk&aring;ne']"
boolean,easy,Entertainment: Board Games,The card game &quot;Munchkin&quot; won the 2001 Origins Award for Best Traditional Card Game.,True,['False']
boolean,medium,General Knowledge,The British organisation CAMRA stands for The Campaign for Real Ale.,True,['False']
multiple,easy,Geography,What is the capital of Spain?,Madrid,"['Barcelona', 'Sevilla', 'Toledo']"
multiple,medium,Entertainment: Music,Which of these is NOT a song by Pegboard Nerds?,WiFi Tears,"['Swamp Thing', 'Emoji', 'BAMF']"
multiple,medium,Entertainment: Board Games,"In Chess, the Queen has the combined movement of which two pieces?",Bishop and Rook,"['Rook and King', 'Knight and Bishop', 'King and Knight']"
multiple,hard,Entertainment: Video Games,"In the Zombies mode of &quot;Call of Duty: Black Ops&quot;, what is the &quot;Pack-A-Punched&quot; version of the &quot;Galil&quot; called?",Lamentation,"['Galvanized Atomic Lead Insertion Liquidator', 'Gabig', 'Predictive Death Wish']"
multiple,hard,Entertainment: Music,What is the first Studio Album to be released on the Internet with a &quot;Pay-What-You-Want&quot; price?,In Rainbows,"['The Help Album', 'Skrillex and Diplo Present Jack &Uuml;', 'Blackstar']"
multiple,medium,History,"According to scholarly estimates, what percentage of the world population at the time died due to Tamerlane&#039;s conquests?",5%,"['1%', '3%', '&lt;1%']"
boolean,hard,Art,The name &quot;Impressionsim&quot; was first given to that art movement by a critic&#039;s satirical review of a Monet painting.,True,['False']
multiple,medium,General Knowledge,Which American manufactured submachine gun was informally known by the American soldiers that used it as &quot;Grease Gun&quot;?,M3,"['Colt 9mm', 'Thompson', 'MAC-10']"
multiple,medium,Entertainment: Comics,Who wrote the Batman comic series &quot;The Killing Joke&quot;?,Alan Moore,"['Bill Finger', 'Frank Miller', 'Jerry Siegel']"
multiple,easy,Sports,"In the 2014 FIFA World Cup, what was the final score in the match Brazil - Germany?",1-7,"['1-5', '1-6', '2-6']"
multiple,medium,Entertainment: Comics,"In Pre-Super Genesis universe of &quot;Sonic the Hedgehog&quot; comic, what was the name of  Sally Acorn&#039;s brother?",Elias Acorn,"['Maximillian Acorn', 'Alexis Acorn', 'Frederick Acorn']"
multiple,hard,Entertainment: Cartoon &amp; Animations,"In &quot;Rick and Morty&quot;, from which dimension do Rick and Morty originate from?",C-137,"['J1977', 'C-136', 'C500-a']"
multiple,medium,Entertainment: Music,"What date is referenced in the 1971 song &quot;September&quot; by Earth, Wind &amp; Fire?",21st of September,"['26th of September', '23rd of September', '24th of September']"
boolean,easy,Geography,Toronto is the capital city of the North American country of Canada.,False,['True']
multiple,hard,Geography,In 2012 the German-speaking microstate &quot;Liechtenstein&quot; in Central Europe had a population of how many inhabitants?,"36,600","['2,400', '90,000', '323,400']"
multiple,easy,History,Who was the first prime minister of Canada?,John Macdonald,"['John Abbott', 'Alexander Mackenzie', 'Robert Borden']"
boolean,hard,Geography,The flag of Belarus has a red and white embroidery pattern on the hoist side.,True,['False']
multiple,hard,Entertainment: Video Games,What military rank is the protagonist &quot;Nomad&quot; in &quot;Crysis&quot;?,First Lieutenant,"['Captain', 'First Sargent ', 'Staff Sargent']"
boolean,easy,Animals,A bear does NOT defecate during hibernation. ,True,['False']
boolean,hard,Geography,Only one country in the world starts with the letter Q.,True,['False']
multiple,easy,Science &amp; Nature,How many bones are in the human body?,206,"['203', '209', '200']"
multiple,medium,Entertainment: Video Games,What is the name of the currency in the &quot;Animal Crossing&quot; series?,Bells,"['Sea Shells', 'Leaves', 'Bugs']"
boolean,medium,History,Adolf Hitler was accepted into the Vienna Academy of Fine Arts.,False,['True']
multiple,medium,History,The creator of the Enigma Cypher and Machine was of what nationality?,German,"['American', 'British', 'Polish']"
multiple,easy,Science: Computers,HTML is what type of language?,Markup Language,"['Macro Language', 'Programming Language', 'Scripting Language']"
boolean,easy,Entertainment: Video Games,"In Pok&eacute;mon, Bulbasaur is the only starter pokemon that is a Grass/Poison type.",True,['False']
multiple,easy,Entertainment: Music,What was Rage Against the Machine&#039;s debut album?,Rage Against the Machine,"['Evil Empire', 'Bombtrack', 'The Battle Of Los Angeles']"
boolean,medium,History,Oxford University is older than the Aztec Empire. ,True,['False']
multiple,hard,Entertainment: Video Games,"In &quot;Earthbound&quot;, how does one enter &quot;Master Belch&#039;s&quot; factory?",Wait 3 Minutes,"['Enter the password &quot;Fly Honey&quot;', 'Enter the password &quot;Master Belch Rules&quot;', 'Enter the password &quot;Mr Saturn Drools&quot;']"
multiple,easy,Sports,The Los Angeles Dodgers were originally from what U.S. city?,Brooklyn,"['Las Vegas', 'Boston', 'Seattle']"
boolean,easy,General Knowledge,Studies suggest that approximately 40% of the world population is left-handed.,False,['True']
multiple,hard,Entertainment: Film,What did Alfred Hitchcock use as blood in the film &quot;Psycho&quot;? ,Chocolate syrup,"['Ketchup', 'Red food coloring', 'Maple syrup']"
multiple,medium,Mythology,A minotaur is half human half what?,Bull,"['Cow', 'Horse', 'Eagle']"
multiple,medium,History,Which of these founding fathers of the United States of America later became president?,James Monroe,"['Alexander Hamilton', 'Samuel Adams', 'Roger Sherman']"
multiple,medium,Animals,Which dog breed is named after a region in Croatia,Dalmatian,"['Pekingnese', 'Chihuahua ', 'Pomeranian']"
multiple,medium,Vehicles,What was the aircraft registration for the last Concorde built?,G-BOAF,"['F-BTSC', 'G-BOAC', 'F-BVFF']"
multiple,easy,General Knowledge,What organ of the body produces bile?,Liver,"['Gallbladder', 'Pancreas', 'Stomach']"
multiple,medium,Entertainment: Film,What were the Chilled Monkey Brains made from during Indiana Jones and the Temple of Doom?,Custard and Raspberry Sauce,"['Strawberry Ice Cream', 'Cherry Yogurt', 'Raspberry Sorbet']"
multiple,easy,Science: Mathematics,How many sides does a M&ouml;bius strip have?,1,"['2', '3', '4']"
multiple,medium,General Knowledge,A statue of Charles Darwin sits in what London museum?,Natural History Museum,"['Tate', 'British Museum', 'Science Museum']"
multiple,hard,Entertainment: Books,"In the Harry Potter universe, who does Draco Malfoy end up marrying?",Astoria Greengrass,"['Pansy Parkinson', 'Millicent Bulstrode', 'Hermione Granger']"
multiple,easy,General Knowledge,Which country developed the AK-47 assault rifle?,Soviet Union,"['Iran', 'Israel', 'Poland']"
multiple,hard,Entertainment: Japanese Anime &amp; Manga,Which one of these characters is from &quot;Legendz : Tale of the Dragon Kings&quot;?,Shiron,"['Jack', 'Axia', 'Drum']"
multiple,medium,History,Who is attributed credit for recording the epic poem The Odyssey?,Homer,"['Aristotle', 'Odysseus', 'Socrates']"
multiple,easy,Geography,What is the 15th letter of the Greek alphabet?,Omicron (&Omicron;),"['Sigma (&Sigma;)', 'Pi (&Pi;)', 'Nu (&Nu;)']"
multiple,hard,History,During the Wars of the Roses (1455 - 1487) which Englishman was dubbed &quot;the Kingmaker&quot;?,Richard Neville,"['Richard III', 'Henry V', 'Thomas Warwick']"
boolean,easy,Entertainment: Video Games,"In the Monster Hunter Series, it is possible to capture Elder Dragons.",False,['True']
multiple,medium,Entertainment: Video Games,Who is the protagonist of the videogame &quot;Dead Rising 2&quot;?,Chuck Greene,"['Nick Ramos', 'Frank West', 'Katie Greene']"
boolean,easy,Geography,Argentina&#039;s name comes from the latin name for Silver.,True,['False']
multiple,medium,Science &amp; Nature,What are human nails made of?,Keratin,"['Bone', 'Chitin', 'Calcium']"
multiple,medium,Entertainment: Books,"By what nickname is Jack Dawkins known in the Charles Dickens novel, &#039;Oliver Twist&#039;?",The Artful Dodger,"['Fagin', 'Bull&rsquo;s-eye', 'Mr. Fang']"
multiple,easy,General Knowledge,"What is the profession of Elon Musk&#039;s mom, Maye Musk?",Model,"['Professor', 'Biologist', 'Musician']"
multiple,easy,Entertainment: Video Games,"In the game Dark Souls, what is the name of the region you&#039;re in for the majority of the game?",Lordran,"['Drangleic', 'Oolacile', 'Catarina']"
multiple,hard,General Knowledge,The word &quot;aprosexia&quot; means which of the following?,The inability to concentrate on anything,"['The inability to make decisions', 'A feverish desire to rip one&#039;s clothes off', 'The inability to stand up']"
multiple,medium,Entertainment: Film,"In &quot;Jurassic World&quot;, which company purchases InGen and creates Jurassic World?",Masrani Global Corporation ,"['Biology Synthetics Technologies', 'International Genetics Incorporated', 'International Genetic Technologies']"
multiple,hard,Entertainment: Video Games,In which video game did Michael Fassbender star?,Fable 3,"['Call of Duty: Modern Warfare', 'Assassin&#039;s Creed 3', 'Red Dead Redemption']"
multiple,hard,Entertainment: Japanese Anime &amp; Manga,Which animation studio animated &quot;Hidamari Sketch&quot;?,Shaft,"['Trigger', 'Kyoto Animation', 'Production I.G']"
multiple,easy,Sports,Which country hosted the 2020 Summer Olympics?,Japan,"['China', 'Australia', 'Germany']"
multiple,medium,General Knowledge,"In ancient Greece, if your job were a &quot;hippeus&quot; which of these would you own?",Horse,"['Weave', 'Guitar', 'Boat']"
multiple,medium,Entertainment: Music,Which of these bands is the oldest?,Pink Floyd,"['AC/DC', 'Metallica', 'Red Hot Chili Peppers']"
boolean,hard,General Knowledge,Samhainophobia is the term used for an abnormal and persistent fear of halloween.,True,['False']
multiple,medium,Entertainment: Books,"What was the pen name of novelist, Mary Ann Evans?",George Eliot,"['George Orwell', 'George Bernard Shaw', 'George Saunders']"
multiple,easy,Sports,"In bowling, what is the term used for getting three consecutive strikes?",Turkey,"['Flamingo', 'Birdie', 'Eagle']"
boolean,medium,Entertainment: Film,The movie &quot;The Rocky Horror Picture Show&quot; (1975) opens with giant floating lips singing the opening song,True,['False']
multiple,easy,Science: Gadgets,When was the iPhone released?,2007,"['2005', '2006', '2004']"
multiple,medium,Animals,Which of the following is NOT a venomous snake?,Reticulated python,"['Malayan Krait', 'Yellow bellied sea snake', 'Black mamba']"
multiple,medium,Entertainment: Film,"In the &quot;Jurassic Park&quot; universe, what is the name of the island that contains InGen&#039;s Site B?",Isla Sorna,"['Isla Nublar', 'Isla Pena', 'Isla Muerta']"
boolean,easy,Entertainment: Video Games,Big the Cat is a playable character in &quot;Sonic Generations&quot;.,False,['True']
multiple,medium,Entertainment: Music,"Which popular jazz standard begins with the line &quot;Someday, when I&#039;m awfully low&quot;?",The Way You Look Tonight,"['Autumn Leaves', 'Dream a Little Dream of Me', 'All the Things You Are']"
multiple,easy,Entertainment: Video Games,Which of the following was NOT a playable character in the game Kingdom Hearts: Birth by Sleep?,Ignis,"['Ventus', 'Terra', 'Aqua']"
multiple,medium,Entertainment: Video Games,When was the Sega Genesis released in Japan?,"October 29, 1988","['August 14, 1989', 'November 30, 1990', 'September 1, 1986']"
multiple,easy,Geography,Which city is the biggest in Canada?,Toronto,"['Montreal', 'Vancouver', 'Ottawa']"
multiple,hard,Entertainment: Video Games,What are the chances of being dealt a Royal Flush within Poker/Video Poker?,"1 in 649,740","['1 in 763,302', '1 in 499,304', '1 in 311,875,200']"
multiple,hard,Entertainment: Books,"In the Magic: The Gathering universe, the Fallen Empires expansion takes place on which continent?",Sarpadia,"['Otaria', 'Terisiare', 'Shiv']"
multiple,medium,Entertainment: Video Games,"In World of Warcraft lore,  how many siblings does Sylvanas Windrunner have?",3,"['2', '4', '1']"
multiple,medium,Science: Computers,Which of these is the name for the failed key escrow device introduced by the National Security Agency in 1993?,Clipper Chip,"['Enigma Machine', 'Skipjack', 'Nautilus']"
boolean,medium,Entertainment: Cartoon &amp; Animations,Night on Bald Mountain was one of the musical pieces featured in Disney&#039;s 1940&#039;s film Fantasia.,True,['False']
multiple,medium,Science &amp; Nature,"The moons, Miranda, Ariel, Umbriel, Titania and Oberon orbit which planet?",Uranus,"['Jupiter', 'Venus', 'Neptune']"
multiple,hard,Entertainment: Music,On which Beatles album would you find the song &#039;Eleanor Rigby&#039;?,Revolver,"['Help!', 'Rubber Soul', 'Abbey Road']"
boolean,hard,Entertainment: Music,The song &quot;Mystery Train&quot; was released by artist &quot;Little Junior&#039;s Blue Flames&quot; in 1953.,True,['False']
multiple,hard,Entertainment: Cartoon &amp; Animations,"What was Maggie Simpson&#039;s first canonical word, not including the Tracey Ullman shorts?",Daddy.,"['Sequel?', 'Ja!', 'Rusty!']"
multiple,medium,Entertainment: Japanese Anime &amp; Manga,"In Pok&eacute;mon Chronicles, why was Misty afraid of Gyarados?",She crawled into it&#039;s mouth as a baby.,"['She found it scary.', 'She was badly injured from it.', 'It is part Bug.']"
multiple,medium,Entertainment: Video Games,On which planet does the game Freedom Planet (2014) take place?,Avalice,"['Freedom', 'Galaxytrail', 'Shang Mu']"
multiple,hard,General Knowledge,Which of these cities does NOT have a United States Minting location?,"St. Louis, MO","['San Fransisco, CA', 'Philidelphia, PA', 'West Point, NY']"
multiple,easy,Entertainment: Video Games,Which Elite Four member from the first generation of Pok&eacute;mon became the champion in the next generation?,Lance,"['Agatha', 'Bruno', 'Lorelei']"
multiple,medium,Celebrities,What is generally considered to be William Shakespeare&#039;s birth date?,"April 23rd, 1564","['July 4th, 1409', 'September 29th, 1699', 'December 1st, 1750']"
multiple,easy,Entertainment: Music,The 2016 song &quot;Starboy&quot; by Canadian singer The Weeknd features which prominent electronic artist?,Daft Punk,"['deadmau5', 'Disclosure', 'DJ Shadow']"
multiple,medium,Celebrities,In which situation was musician John Lennon assassinated?,Attempting to enter the Dakota Apartments building,"['During an impromptu walk through Central Park', 'Signing an autograph outside the Record Plant studio', 'Waiting outside a music venue in Manhattan following a gig']"
multiple,easy,Geography,Which area of Eastern Europe is famous for its association with vampires?,Transylvania,"['Silesia', 'Macedonia', 'Slovakia']"
multiple,easy,Science: Gadgets,When did the CD begin to appear on the consumer market?,1982,"['1992', '1972', '1962']"
multiple,easy,Mythology,An Ankh is the Egyptian Hieroglyph for what?,Life,"['Love', 'Hatred', 'Poison']"
multiple,hard,Vehicles,Which one of the following is NOT a sub-company of the Volkswagen Group?,Opel,"['Porsche', 'Bugatti', 'Bentley']"
multiple,hard,Politics,"&quot;Yes, America Can!&quot; was this United States politician&#039;s de facto campaign slogan in 2004.",George W. Bush,"['John Kerry', 'Barack Obama', 'Al Gore']"
multiple,medium,Science &amp; Nature,What is an alternative name for multiple personality disorder?,Dissociative identity disorder,"['Body integrity identity disorder', 'Identity crisis', 'Schizophrenia']"
multiple,medium,Sports,In what country were the 2014 Winter Olympics held in the town of Sochi?,Russia,"['South Korea', 'Norway', 'Canada']"
boolean,medium,General Knowledge,An eggplant is a vegetable.,False,['True']
multiple,medium,Entertainment: Television,"In Battlestar Galactica (2004), what is the name of the President of the Twelve Colonies?",Laura Roslin,"['William Adama', 'Tricia Helfer', 'Harry Stills']"
multiple,medium,History,In what year did Neil Armstrong and Buzz Aldrin land on the moon?,1969,"['1965', '1966', '1973']"
multiple,easy,Entertainment: Video Games,Which of these is not a Dragon Age Origins &quot;Origin&quot;: ,Human Commoner,"['Dwarf Commoner', 'Dwarf Noble', 'Human Noble']"
multiple,easy,Entertainment: Video Games,Which of the following weapons in &quot;Counter-Strike: Global Offensive&quot; does not have a right-click function?,XM1014,"['SG553', 'R8 Revolver', 'USP-S']"
multiple,medium,Entertainment: Film,Which former Star Trek actor directed Three Men and a Baby (1987)?,Leonard Nimoy,"['William Shatner', 'George Takei', 'James Doohan']"
multiple,medium,Geography,What city is the Terracotta Army located in?,Xi&#039;an,"['Beijing', 'Shanghai', 'Hong Kong']"
multiple,easy,General Knowledge,What was the first ever London Underground line to be built?,Metropolitan Line,"['Circle Line', 'Bakerloo Line', 'Victoria Line']"
multiple,easy,Sports,What is the most common type of pitch thrown by pitchers in baseball?,Fastball,"['Slowball', 'Screwball', 'Palmball']"
multiple,medium,Entertainment: Japanese Anime &amp; Manga,Krusty is the guild master of which guild in &quot;Log Horizon&quot;?,D. D. D,"['Silver Sword', 'West Wind Brigade', 'Oceanic Systems (Marine Agency)']"
multiple,easy,Entertainment: Music,Which Nirvana album had a naked baby on the cover?,Nevermind,"['Bleach', 'In Utero', 'Incesticide']"
multiple,medium,Entertainment: Japanese Anime &amp; Manga,Which animation studio animated the 2016 anime &quot;Mob Psycho 100&quot;?,Bones,"['A-1 Pictures', 'Shaft', 'Madhouse']"
multiple,easy,History,In which war did the atomic bombings of Hiroshima and Nagasaki occur?,World War II,"['World War I', 'Russo-Japanese War', 'First Sino-Japanese War']"
multiple,hard,Science &amp; Nature,Which country first successfully farm-hatched and raised bluefin tuna in 1979?,Japan,"['France', 'USA', 'Philippines']"
multiple,medium,Entertainment: Television,The 1985 Toyota Corolla &quot;AE86&quot; was the hero car for what anime? ,Initial D,"['Wangan Midnight', 'Ghost MF', 'Ex Driver']"
multiple,hard,Entertainment: Comics,What is the real hair colour of the mainstream comic book version (Earth-616) of Daredevil?,Blonde,"['Auburn', 'Brown', 'Black']"
multiple,hard,Entertainment: Music,Who recorded the 1975 album &#039;Captain Fantastic and the Brown Dirt Cowboy&#039;?,Elton John,"['John Denver', 'Billy Joel', 'Joe Cocker']"
multiple,medium,Entertainment: Video Games,When was the video game &quot;P.A.M.E.L.A.&quot; released on Steam?,"March 9, 2017","['January 7, 2007', 'October 23, 1997', 'February 16, 2015']"
boolean,medium,Entertainment: Video Games,TF2: The Medic will be credited for an assist if he heals a Spy that successfully saps a building.,True,['False']
multiple,hard,Entertainment: Video Games,The voice actor for which Portal 2 character was not a TV or film actor prior to the game?,GLaDOS,"['Cave Johnson', 'Wheatley', 'Atlas / P-Body']"
multiple,easy,Entertainment: Video Games,"In Pokemon, the ability Wonder Guard is exclusive to which Pokemon? ",Shedinja ,"['Sableye', 'Spiritomb', 'Silvally ']"
multiple,medium,Entertainment: Music,"Johnny Cash did a cover of this song written by lead singer of Nine Inch Nails, Trent Reznor.",Hurt,"['Closer', 'A Warm Place', 'Big Man with a Gun']"
boolean,medium,Science: Computers,"Linus Sebastian is the creator of the Linux kernel, which went on to be used in Linux, Android, and Chrome OS.",False,['True']
multiple,hard,General Knowledge,"Named after the mallow flower, mauve is a shade of what?",Purple,"['Red', 'Brown', 'Pink']"
multiple,medium,Entertainment: Cartoon &amp; Animations,What is the name of Sid&#039;s dog in &quot;Toy Story&quot;?,Scud,"['Buster', 'Whiskers', 'Mr. Jones']"
boolean,hard,History,The fork came to Italy before any other European country.,True,['False']
multiple,medium,Sports,Why was The Green Monster at Fenway Park was originally built?,To prevent viewing games from outside the park.,"['To make getting home runs harder.', 'To display advertisements.', 'To provide extra seating.']"
multiple,medium,Entertainment: Music,According to the RIAA: Which artist has sold the most albums by the million?,The Beatles,"['Elvis Presley', 'Michael Jackson', 'Pink Floyd']"
multiple,medium,Entertainment: Music,How many copies have Metallica album &quot;Metallica&quot; (A.K.A The Black Album) sold worldwide (in Millions of Copies)?,20.5,"['19.5', '22.5', '25.5']"
multiple,medium,History,In what year did the North American Video Game Crash occur?,1983,"['1982', '1993', '1970']"
multiple,hard,Entertainment: Music,Which Manchester nightclub was considered central to the &#039;Madchester&#039; music scene in the late 80&#039;s?,The Ha&ccedil;ienda,"['The Warehouse Project', 'LIV', 'The Liar&#039;s Club']"
multiple,medium,Entertainment: Video Games,"In the game &quot;Brawlhalla&quot;, what species is the character B&ouml;dvar is?",Half Human / Half Bear,"['A Human', 'Half Wolf / Half Bear', 'Half Tiger /  Half Human']"
boolean,medium,Science: Computers,Early RAM was directly seated onto the motherboard and could not be easily removed.,True,['False']
boolean,easy,Entertainment: Video Games,"Several characters in &quot;Super Mario 64&quot; blink their eyes, including Mario himself.",True,['False']
multiple,easy,Science: Computers,"In computing, what does LAN stand for?",Local Area Network,"['Long Antenna Node', 'Light Access Node', 'Land Address Navigation']"
multiple,medium,Science &amp; Nature,What is the atomic number of Uranium ,92,"['235', '17', '167']"
multiple,easy,Entertainment: Television,Which Star Trek race advances itself through assimilation?,Borg,"['Vulcan', 'Betazoid', 'Klingon']"
multiple,hard,Geography,Which of these is NOT a city in India?,Islamabad,"['Hyderabad', 'Ahmedabad', 'Ghaziabad']"
multiple,medium,Entertainment: Film,"This movie contains the quote, &quot;I love the smell of napalm in the morning!&quot;",Apocalypse Now,"['Platoon', 'The Deer Hunter', 'Full Metal Jacket']"
boolean,medium,Entertainment: Video Games,"In the Season One Championship of &quot;League of Legends&quot;, the highest achievable rank was Diamond.",False,['True']
multiple,medium,History,The United States Army Air Corps became the United States Air Force on what date?,"September 18, 1947","['December 14, 1946', 'October 27, 1945', 'November 08, 1944']"
multiple,medium,Entertainment: Music,"Which album by American rapper Kanye West contained songs such as &quot;Love Lockdown&quot;, &quot;Paranoid&quot; and &quot;Heartless&quot;?",808s &amp; Heartbreak,"['Late Registration', 'The Life of Pablo', 'Graduation']"
multiple,hard,Entertainment: Television,"In &quot;Star Trek&quot;, who was the founder of the Klingon Empire and its philosophy?",Kahless the Unforgettable,"['Lady Lukara of the Great Hall', 'Molor the Unforgiving', 'Dahar Master Kor']"
multiple,medium,Entertainment: Music,Which of these albums is a Wu-Tang Clan album?,Iron Flag,"['Perfect Hair', 'The Low End Theory', 'Licensed to Ill']"
multiple,hard,Entertainment: Cartoon &amp; Animations,What is Scooby Doo&#039;s full name?,Scoobert Doo,"['Scooter Doo', 'Scooby Dooby Doo', 'Scoobity Doo']"
multiple,medium,Entertainment: Video Games,Who is the main villain of Kirby&#039;s Return to Dreamland?,Magolor,"['Landia', 'King Dedede', 'Queen Sectonia ']"
multiple,easy,Entertainment: Video Games,"In &quot;Civilization 5&quot;, which civilization can only settle one city?",Venice,"['India', 'Liechtenstein', 'Portugal']"
multiple,easy,General Knowledge,"In &quot;Katamari Damacy&quot;, you control a character known as:",The Prince,"['Fujio', 'Ichigo ', 'Foomin']"
boolean,easy,Entertainment: Video Games,The game &quot;Pocket Morty&quot; has a Morty called &quot;Pocket Mortys Morty&quot;?,True,['False']
boolean,medium,Science &amp; Nature,"In the periodic table, Potassium&#039;s symbol is the letter K.",True,['False']
boolean,medium,Entertainment: Music,"The band, HEALTH, is called HEALTH because they wanted to choose an everyday word for the band name.",True,['False']
boolean,easy,Geography,There is a city called Rome in every continent on Earth.,False,['True']
multiple,hard,Entertainment: Video Games,Which artist composed the original soundtrack for &quot;Watch Dogs 2&quot;?,Hudson Mohawke,"['Rustie', 'Machinedrum', 'Flying Lotus']"
multiple,hard,Entertainment: Music,"In Kendrick Lamar&#039;s 2012 album, &quot;Good Kid, M.A.A.D City&quot;, the album&#039;s story takes place in which city?",Compton,"['Detroit', 'New York', 'Baltimore']"
multiple,easy,Entertainment: Comics,"In the Marvel comic &quot;The Superior Spider-Man&quot;, Peter Parker&#039;s body is taken over by which character?",Otto Octavius ,"['Norman Osborn', 'Mary Jane', 'Eddie Brock ']"
boolean,easy,General Knowledge,Vietnam&#039;s national flag is a red star in front of a yellow background.,False,['True']
multiple,hard,Science: Computers,Which of these is not a layer in the OSI model for data communications?,Connection Layer,"['Application Layer', 'Transport Layer', 'Physical Layer']"
boolean,medium,Entertainment: Video Games,"In the video game &quot;Transistor&quot;, &quot;Red&quot; is the name of the main character.",True,['False']
multiple,medium,Entertainment: Video Games,What was the first PlayStation game to require the use of the DualShock controller?,Ape Escape,"['Metal Gear', 'Tekken ', 'Tomba 2!']"
multiple,hard,History,The Bohemian Revolt (1618-1620) started after Protestants in Prague did what to their Catholic Lords Regents?,Threw them out of a window,"['Insulted their mothers', 'Locked them in stockades', 'Hung them.']"
boolean,easy,Entertainment: Video Games,"In the game &quot;Destiny,&quot; the three subclasses of the Hunter are Bladedancer, Nightstalker, and Sunsinger.",False,['True']
multiple,medium,General Knowledge,This field is sometimes known as &ldquo;The Dismal Science.&rdquo;,Economics,"['Philosophy', 'Politics', 'Physics']"
multiple,hard,Entertainment: Board Games,Some of the &quot;Fallen Empires&quot; cards from &quot;Magic: The Gathering&quot; were misprinted on the backs of which other card game?,Wyvern,"['Pokemon', 'Dominion', 'Yu-Gi-Oh']"
multiple,medium,Science: Computers,What does the term GPU stand for?,Graphics Processing Unit,"['Gaming Processor Unit', 'Graphite Producing Unit', 'Graphical Proprietary Unit']"
multiple,easy,General Knowledge," Which chemical element, number 11 in the Periodic table, has the symbol Na?",Sodium,"['Carbon', 'Lead', 'Nitrogen']"
multiple,medium,Entertainment: Music,Ellie Goulding&#039;s earliest album was named?,Lights,"['Halcyon', 'Bright Lights', 'Halcyon Days']"
multiple,medium,Science: Computers,How many cores does the Intel i7-6950X have?,10,"['12', '8', '4']"
multiple,hard,History,When did the French Revolution begin?,May 05 1789,"['April 12 1789', 'April 05 1789', 'May 06 1799']"
multiple,easy,Entertainment: Music,Who was featured in the song &quot;Words&quot; by Feint? ,Laura Brehm,"['Anna Yvette ', 'Danyka Nadeau', 'Veela']"
multiple,medium,Sports,What was Sir Donald Bradman&#039;s batting average in test matches?,99.94,"['100', '69.51', '44.78']"
boolean,hard,Entertainment: Video Games,"In The Witcher 3, the Zoltan Chivay Gwent card can be found under the Hanged Man&#039;s Tree.",True,['False']
multiple,hard,Entertainment: Music,What was the name of the rock band that Nobuo Uematsu formed that played songs from various Final Fantasy games?,The Black Mages,"['The Final Fantasies', 'The Espers', 'The Rock Summoners']"
multiple,hard,Entertainment: Video Games,"In the indie farming game &quot;Stardew Valley&quot;, which NPC hates the &quot;prismatic shard&quot; item when received as a gift?",Haley,"['Abigail ', 'Elliott', 'Lewis']"
multiple,medium,Sports,How many premier league trophies did Sir Alex Ferguson win during his time at Manchester United?,13,"['11', '20', '22']"
multiple,easy,History,In what year did the Wall Street Crash take place?,1929,"['1932', '1930', '1925']"
multiple,easy,Entertainment: Video Games,"In the first game of the Sly Cooper franchise, what family heirloom did Sly Cooper want to steal back?",Thievius Raccoonus,"['Raccoon Training 101', 'The Art of Sneak', 'Raccoonus Teachus']"
multiple,easy,Entertainment: Music,How many strings are there on a cello?,4,"['5', '6', '8']"
multiple,medium,General Knowledge,What character was once considered to be the 27th letter of the alphabet?,Ampersand,"['Interrobang', 'Tilde', 'Pilcrow']"
multiple,medium,Entertainment: Books,What is the fourth book of the Old Testament?,Numbers,"['Genesis', 'Exodus', 'Leviticus']"
multiple,medium,Entertainment: Video Games,Which company did Bethesda purchase the Fallout Series from?,Interplay Entertainment ,"['Capcom', 'Blizzard Entertainment', 'Nintendo']"
multiple,easy,Science: Gadgets,What does GPS stand for?,Global Positioning System,"['Global Personal System', 'General Positioning System', 'General Personal Satellite']"
multiple,easy,Sports,Which boxer was banned for taking a bite out of Evander Holyfield&#039;s ear in 1997?,Mike Tyson,"['Roy Jones Jr.', 'Evander Holyfield', 'Lennox Lewis']"
multiple,easy,Entertainment: Japanese Anime &amp; Manga,Which part from the JoJo&#039;s Bizarre Adventure manga is about a horse race across America?,Part 7: Steel Ball Run,"['Part 6: Stone Ocean', 'Part 3: Stardust Crusaders', 'Part 5: Golden Wind']"
multiple,easy,Entertainment: Music,What is not a wind instrument?,Viola,"['Oboe', 'Trombone', 'Duduk']"
multiple,hard,Entertainment: Japanese Anime &amp; Manga,What is the name of the school in the anime and manga &quot;Gosick&quot;?,St. Marguerite,"['St. Augustine', 'St. Mary', 'St. Bernadette']"
multiple,medium,Entertainment: Music,Which one of these artists appears in the album Deltron 3030?,Dan the Automater,"['Lamarr Kendrick', 'Danger Mouse', 'CeeLo Green']"
multiple,easy,General Knowledge,What airline was the owner of the plane that crashed off the coast of Nova Scotia in 1998?,Swiss Air,"['Air France', 'British Airways', 'TWA']"
multiple,easy,Entertainment: Books,Which of the following is the world&#039;s best-selling book?,The Lord of the Rings,"['The Little Prince', 'Harry Potter and the Philosopher&#039;s Stone', 'The Da Vinci Code']"
multiple,easy,Entertainment: Video Games,Which one of these characters is NOT a playable fighter in Super Smash Bros. Ultimate?,Kumatora,"['King K. Rool', 'Incineroar', 'Corrin']"
multiple,easy,Entertainment: Japanese Anime &amp; Manga,The characters of &quot;Log Horizon&quot; are trapped in what game?,Elder Tale,"['Sword Art Online', 'Tower Unite', 'Yggdrasil']"
multiple,medium,Entertainment: Music,Which of these languages was NOT included in the 2016 song &quot;Don&#039;t Mind&quot; by Kent Jones?,Portuguese,"['Japanese', 'French', 'Spanish']"
boolean,hard,Entertainment: Music,The band STRFKR was also briefly known as Pyramiddd.,True,['False']
multiple,medium,Entertainment: Video Games,What is the full name of the protagonist from the SNES game Clock Tower?,Jennifer Simpson,"['Jennifer Barrows', 'Jennifer Cartwright', 'Jennifer Maxwell']"
boolean,easy,General Knowledge,Slovakia is a member of European Union-,True,['False']
multiple,hard,Geography,Where is Timbuktu located?,"Mali, Africa","['Azerbaijan, Asia', 'Bangladesh, Asia', 'Mauritania, Africa']"
multiple,medium,Entertainment: Video Games,Which survivor in Left 4 Dead sacrificed themself to save the other survivors?,Bill,"['Louis', 'Francis', 'Zoey']"
boolean,medium,Entertainment: Video Games,"In &quot;Deus Ex: Mankind Divided&quot;, Adam Jensen can die from overclocking.",False,['True']
boolean,easy,Entertainment: Video Games,Doki Doki Literature Club was developed in Japan.,False,['True']
multiple,medium,Science &amp; Nature,Who developed the first successful polio vaccine in the 1950s?,Jonas Salk,"['John F. Enders', 'Thomas Weller', 'Frederick Robbins']"
multiple,hard,Animals,What is the scientific name for the Bald Eagle?,Haliaeetus Leucocephalus ,"['Tyto Alba', 'Cyanocitta Cristata', 'Aquila Chrysaetos']"
multiple,medium,Entertainment: Music,Who is the artist of the recent new album the Uncanny Valley?,Perturbator,"['Carpenter Brut', 'GOST', 'Dan Terminus ']"
multiple,medium,Science: Gadgets,Which company manufactured the iconic TR-808 drum machine?,Roland,"['Technics', 'Korg', 'Casio']"
multiple,hard,Geography,Into which basin does the Jordan River flow into?,Dead Sea,"['Aral Sea', 'Caspian Sea', 'Salton Sea']"
multiple,easy,Entertainment: Video Games,Who is the main antagonist of Ori and the Blind Forest?,Kuro,"['Nibel', 'Gumo', 'King Rammer XII']"
multiple,easy,General Knowledge,"Which best selling toy of 1983 caused hysteria, resulting in riots breaking out in stores?",Cabbage Patch Kids,"['Transformers', 'Care Bears', 'Rubik&rsquo;s Cube']"
multiple,easy,Sports,Who won the 2017 Formula One World Drivers&#039; Championship?,Lewis Hamilton,"['Sebastian Vettel', 'Nico Rosberg', 'Max Verstappen']"
multiple,easy,Entertainment: Video Games,"In Undertale, what&#039;s the prize for answering correctly?",More questions,"['New car', 'Mercy', 'Money']"
multiple,easy,Entertainment: Video Games,"In &quot;Call Of Duty: Zombies&quot;, what is the name of the machine that upgrades weapons?",Pack-A-Punch,"['Wunderfizz', 'Gersch Device', 'Mule Kick']"
multiple,hard,Science &amp; Nature,What was the first organic compound to be synthesized from inorganic compounds?,Urea,"['Propane', 'Ethanol', 'Formaldehyde']"
multiple,medium,Science &amp; Nature,An organism described as &quot;heliotropic&quot; has a tendancy to move towards which of these things?,Light,"['Water', 'Trees', 'Pollen']"
multiple,medium,Entertainment: Video Games,What was the first &quot;Team Fortress 2&quot; update to include a war?,Sniper vs. Spy Update,"['WAR! Update', 'Meet Your Match Update', 'Spy Vs. Engineer Update']"
multiple,easy,Entertainment: Musicals &amp; Theatres,What is Jean ValJean&#039;s first prisoner number?,24601,"['9430', '1729', '32769']"
multiple,easy,Entertainment: Video Games,"In Splatoon 2, who are the members of Off The Hook?",Pearl &amp; Marina,"['Callie &amp; Marie', 'Diamond &amp; Aquamarina', 'DJ Octavio &amp; Crusty Sean']"
multiple,hard,General Knowledge,Xanthophobia is the fear of what color?,Yellow,"['Blue', 'Red', 'Green']"
multiple,easy,General Knowledge,What machine element is located in the center of fidget spinners?,Bearings,"['Axles', 'Gears', 'Belts']"
multiple,easy,Entertainment: Film,Which Batman villain is Mark Hamill known for having voiced?,The Joker,"['Two-Face', 'Bane', 'Hush']"
multiple,hard,Entertainment: Video Games,"In &quot;Need for Speed III: Hot Pursuit&quot;, what is the name of the fictional car?",El Ni&ntilde;o,"['R&aacute;pido', '&Aacute;gil', 'La Ni&ntilde;a']"
multiple,easy,Entertainment: Video Games,What Nationality is D.Va from Overwatch?,Korean,"['Japanese', 'Chinese', 'Vietnamese ']"
boolean,medium,Politics,Vatican city is a full member of United Nations.,False,['True']
multiple,hard,Geography,What is the largest city and commercial capital of Sri Lanka?,Colombo,"['Moratuwa', 'Negombo', 'Kandy']"
multiple,easy,Entertainment: Video Games,"Blinky, Pinky, Inky and Clyde are characters from which classic video game?",Pac-Man,"['Gauntlet', 'Space Invaders', 'Street Fighter']"
multiple,medium,Entertainment: Comics,Which of the following superheros did Wonder Woman NOT have a love interest in?,Green Arrow,"['Superman', 'Batman', 'Steve Trevor']"
multiple,easy,Entertainment: Board Games,The board game Monopoly takes its street names from which real American city?,"Atlantic City, New Jersey","['Las Vegas, Nevada', 'Duluth, Minnesota', 'Charleston, South Carolina']"
multiple,medium,Entertainment: Television,From what show is the character &quot;James Doakes&quot;? ,Dexter,"['Marvel&#039;s Daredevil', 'Boardwalk Empire', 'The Walking Dead']"
multiple,easy,Entertainment: Music,"Sting, the lead vocalist of The Police, primarily plays what instrument?",Bass Guitar,"['Drums', 'Guitar', 'Keyboards']"
multiple,easy,Geography,What is the capital of the American state of Arizona?,Phoenix,"['Montgomery', 'Tallahassee', 'Raleigh']"
multiple,medium,Celebrities,What year was O.J. Simpson aquitted of his murder charges?,1995,"['1992', '1996', '1991']"
multiple,medium,Animals,What is the collective noun for rats?,Mischief,"['Pack', 'Race', 'Drift']"
multiple,easy,Entertainment: Video Games,What was the name of the protagonist in Portal and Portal 2?,Chell,"['Mel', 'Chloe', 'Christine']"
multiple,medium,Entertainment: Video Games,The original Planetside was released in North America on...,"May 20, 2003","['June 17, 2001', 'September 29, 2003', 'January 14, 2005']"
multiple,medium,History,The Panama Canal was finished under the administration of which U.S. president?,Woodrow Wilson,"['Franklin Delano Roosevelt', 'Herbert Hoover', 'Theodore Roosevelt']"
multiple,medium,Entertainment: Music,Which of these is not an Ed Sheeran album?,-,"['+', 'X', '&divide;']"
boolean,medium,Science: Mathematics,Aleph-nought is the cardinality of the set of all natural numbers.,True,['False']
multiple,easy,Entertainment: Film,Where does the original Friday The 13th movie take place?,Camp Crystal Lake,"['Packanack', 'Higgins Haven', 'Camp Forest Green']"
multiple,hard,Entertainment: Music,Which band is the longest active band in the world with no breaks or line-up changes?,U2,"['Radiohead', 'Rush', 'Rolling Stones']"
multiple,medium,Entertainment: Video Games,How many stars are there to collect in Super Mario 64?,120,"['60', '80', '100']"
multiple,hard,General Knowledge,To which language family does Kazakh belong?,Turkic,"['Mongolic', 'Indo-European', 'Uralic']"
multiple,easy,Entertainment: Comics,Which one of these superhero teams appears in the Invincible comics?,Guardians of the Globe,"['Avengers', 'Justice League', 'Teenage Mutant Ninja Turtles']"
multiple,medium,Entertainment: Film,What film did James Cameron&#039;s Avatar dethrone as the highest-grossing film ever?,Titanic,"['Star Wars', 'Gone with the Wind', 'Jaws']"
multiple,easy,Geography,Guyana is in which continent?,South America,"['Africa', 'North America', 'Asia']"
multiple,easy,Entertainment: Video Games,Who was the voice actor for Snake in Metal Gear Solid V: The Phantom Pain?,Kiefer Sutherland,"['David Hayter', 'Norman Reedus', 'Hideo Kojima']"
multiple,easy,Entertainment: Video Games,Who is the last boss in Night In The Woods&#039; Demontower minigame?,The Blood Thief,"['Mega Hairball ', 'King Skellie ', 'Krampus ']"
multiple,easy,Entertainment: Television,"When Donkey Kong died in the &quot;Donkey Kong Country&quot; episode &quot;It&#039;s a Wonderful Life&quot;, who was his guardian angel?",Eddie the Mean Old Yeti,"['Kiddy Kong', 'Diddy Kong', 'King K. Rool']"
multiple,hard,General Knowledge,What was the third country to have a McDonald&#039;s restaurant?,Costa Rica,"['Japan', 'France', 'Australia']"
multiple,medium,History,When was the Grand Patriotic War in the USSR concluded?,"May 9th, 1945","['September 2nd, 1945', 'August 9th, 1945', 'December 11th, 1945']"
multiple,hard,Entertainment: Video Games,"In &quot;Halo&quot;, what is the name of the planet which Installation 04 orbits?",Threshold,"['Substance', 'Sanghelios', 'Te']"
multiple,easy,Science &amp; Nature,The medical term for the belly button is which of the following?,Umbilicus,"['Nevus', 'Nares', 'Paxillus']"
multiple,easy,General Knowledge,What planet is not named after a Greek or Roman god?,Earth,"['Jupiter', 'Mars', 'Mercury']"
multiple,medium,Entertainment: Video Games,What was the FIRST Valve game to have VR?,The Lab,"['Dota 2', 'Destinations', 'Half-Life 2']"
multiple,hard,Entertainment: Video Games,How many trophies are there in &quot;Super Smash Bros. for Nintendo 3DS&quot;?,685,"['1360', '716', '1155']"
multiple,easy,Science &amp; Nature,Alzheimer&#039;s disease primarily affects which part of the human body?,Brain,"['Lungs', 'Skin', 'Heart']"
multiple,easy,Entertainment: Japanese Anime &amp; Manga,"In 2013, virtual pop-star Hatsune Miku had a sponsorship with which pizza chain?",Domino&#039;s,"['Papa John&#039;s', 'Pizza Hut', 'Sabarro&#039;s']"
multiple,hard,General Knowledge,"Where in La Coru&ntilde;a (Spain) is the headquarters of &quot;Inditex&quot;, the biggest fashion group in the world?",Arteijo,"['Sanjenjo', 'Mug&iacute;a', '&Oacute;rdenes']"
multiple,medium,Politics,Who became Prime Minister of the United Kingdom in July 2016?,Theresa May,"['Boris Johnson', 'David Cameron', 'Tony Blair']"
boolean,medium,Geography,The capital of Brazil is Rio de Janeiro.,False,['True']
multiple,medium,Entertainment: Film,Which director directed the movie &quot;Pan&#039;s Labyrinth&quot;?,Guillermo Del Toro,"['Alfonso Cuar&oacute;n', 'Alejandro Gonz&aacute;lez I&ntilde;&aacute;rritu', ' Alejandro Jodorowsky']"
multiple,medium,General Knowledge,"What did the Spanish autonomous community of Catalonia ban in 2010, that took effect in 2012?",Bullfighting,"['Fiestas', 'Flamenco', 'Mariachi']"
multiple,hard,Geography,In which city is the Big Nickel located in Canada?,"Sudbury, Ontario","['Calgary, Alberta', 'Halifax, Nova Scotia ', 'Victoria, British Columbia']"
boolean,medium,Animals,You can tell the age of a ladybird by counting the spots on his back.,False,['True']
multiple,medium,Entertainment: Video Games,When was Club Penguin launched?,"October 24, 2005","['October 21, 2005', 'March 29, 2006', 'November 22, 2004']"
multiple,hard,Science: Computers,"Released in 2001, the first edition of Apple&#039;s Mac OS X operating system (version 10.0) was given what animal code name?",Cheetah,"['Puma', 'Tiger', 'Leopard']"
multiple,hard,Entertainment: Film,What is the name of the supercomputer located in the control room in &quot;Jurassic Park&quot; (1993)?,Thinking Machines CM-5,"['Cray X-MP', 'Cray XK7', 'IBM Blue Gene/Q']"
multiple,hard,Entertainment: Music,Pamina and Papageno are characters in what Mozart opera?,The Magic Flute,"['The Marriage of Figaro', 'The Impresario', 'The Goose of Cairo']"
multiple,medium,Entertainment: Cartoon &amp; Animations,What animated internet character is known to answer emails with his boxing gloves?,Strong Bad,"['Strong Sad', 'Strong Mad', 'Strong Glad']"
multiple,medium,Vehicles,Which Japanese company is the world&#039;s largest manufacturer of motorcycles?,Honda,"['Yamaha', 'Suzuki', 'Kawasaki']"
multiple,easy,History,"Who was among those killed in the 2010 Smolensk, Russia plane crash tragedy?",The Polish President,"['Pope John Paul II', 'Bang-Ding Ow', 'Albert Putin']"
multiple,easy,Entertainment: Japanese Anime &amp; Manga,What color is Ryūko Matoi&#039;s half of the Scissor Blade in the anime Kill la KIll?,Red,"['Green', 'Blue', 'Purple']"
multiple,medium,Entertainment: Video Games,"In &quot;PAYDAY 2&quot;, what weapon has the highest base weapon damage on a per-shot basis?",HRL-7,"['Heavy Crossbow', 'Thanatos .50 cal', 'Broomstick Pistol']"
multiple,medium,Entertainment: Books,The title of Adolf Hitler&#039;s autobiography &quot;Mein Kampf&quot; is what when translated to English?,My Struggle,"['My Hatred', 'My Sadness', 'My Desire']"
multiple,medium,Entertainment: Video Games,"In the Mario Kart and Smash Bros. Games, Princess Rosalina is considered what weight class?",Heavy,"['Medium', 'Light', 'Light-Medium']"
multiple,medium,Entertainment: Video Games,How many games are there in the &quot;Colony Wars&quot; series for the PlayStation?,3,"['2', '4', '5']"
multiple,easy,History,Who was the first president of Kenya?,Jomo Kenyatta,"['Daniel Moi', 'Tom Mboya', 'Oginga Odinga']"
multiple,hard,Entertainment: Video Games,"In Hollow Knight, how many Precepts does Zote have?",Fifty-Seven,"['Sixty-Nine', 'Fourty-Three', 'Ninety-One']"
multiple,hard,Entertainment: Film,Which movie did NOT feature the late actor John Candy?,Ghostbusters,"['Little Shop Of Horrors', 'Home Alone', 'Planes Trains and Automobiles']"
boolean,easy,General Knowledge,Ping-Pong originated in England,True,['False']
multiple,easy,Art,Which Van Gogh painting depicts the view from his asylum in Saint-R&eacute;my-de-Provence in southern France?,The Starry Night,"['Wheatfields with Crows', 'The Sower with Setting Sun', 'The Church at Auvers']"
multiple,hard,Entertainment: Video Games,"In the Nintendo Game Splatoon 2, what is Marina&#039;s screen name?",DJ_Hyperfresh,"['MC.princess', 'Kidnotsquid123', 'I&lt;30ffTh3H00k']"
multiple,easy,Geography,Which country was NOT part of the Soviet Union?,Romania,"['Turkmenistan', 'Belarus', 'Tajikistan']"
multiple,medium,Science: Gadgets,When was the compact disc player first released?,1982,"['1983', '1981', '1980']"
multiple,easy,Entertainment: Books,&quot;Green Eggs And Ham&quot; is a book by which author?,Dr. Seuss,"['Beatrix Potter', 'Roald Dahl', 'A.A. Milne']"
multiple,easy,History,In what year was the M1911 pistol designed?,1911,"['1907', '1899', '1917']"
multiple,medium,Entertainment: Music,"Which of these is NOT a song on The Beatles&#039; 1968 self titled album, also known as the White album?",Being For The Benefit Of Mr. Kite!,"['Why Don&#039;t We Do It in the Road?', 'Everybody&#039;s Got Something to Hide Except Me and My Monkey', 'The Continuing Story of Bungalow Bill']"
multiple,easy,Entertainment: Video Games,In which year did the orignal Sims game release?,2000,"['2001', '1999', '1998']"
multiple,hard,Entertainment: Musicals &amp; Theatres,"After England, more Shakespeare plays are set in this present day country than in any other.",Italy,"['United States', 'Greece', 'France']"
multiple,hard,Entertainment: Cartoon &amp; Animations,"In the &quot;Star Wars&quot; universe, what species is Grand Admiral Thrawn?",Chiss,"['Gungans', 'Pantorans', 'Twi&#039;lek']"
multiple,medium,Mythology,Hera is god of...,Marriage,"['Agriculture', 'Sea', 'War']"
multiple,medium,Science: Gadgets,Which company designed the &quot;Betamax&quot; video cassette format?,Sony,"['Panasonic', 'LG', 'Fujitsu']"
multiple,medium,Entertainment: Comics,The stuffed tiger in Calvin and Hobbes is named after what philosopher?,Thomas Hobbes,"['David Hobbes', 'John Hobbes', 'Nathaniel Hobbes']"
multiple,medium,Science: Computers,Which programming language was developed by Sun Microsystems in 1995?,Java,"['Python', 'Solaris OS', 'C++']"
multiple,medium,Entertainment: Video Games,How many sets of grandmaster witcher gear are in The Witcher 3&#039;s Blood and Wine DLC?,5,"['3', '6', '4']"
multiple,hard,Entertainment: Video Games,What is the name of the main island in PLAYERUNKNOWN&#039;S BATTLEGROUNDS?,Erangel,"['Marmara', 'Severny', 'Lastovo']"
multiple,easy,Entertainment: Music,Finish these lyrics from the 2016 song &quot;Panda&quot; by Desiigner: &quot;I got broads in _______&quot;.,Atlanta,"['Savannah', 'Augusta', 'Marietta']"
multiple,easy,Entertainment: Film,"In the movie Gremlins, after what time of day should you not feed Mogwai?",Midnight,"['Evening', 'Morning', 'Afternoon']"
boolean,medium,Entertainment: Video Games,Hidden in the files for &quot;Mario Kart Arcade GP&quot; is a picture of the Beslan school hostage crisis.,True,['False']
multiple,easy,Science: Computers,"On a standard American QWERTY keyboard, what symbol will you enter if you hold the shift key and press 1?",Exclamation Mark,"['Dollar Sign', 'Percent Sign', 'Asterisk']"
boolean,medium,Geography,"There are no roads in/out of Juneau, Alaska.",True,['False']
multiple,hard,Animals,What was the name of the Ethiopian Wolf before they knew it was related to wolves?,Simien Jackel,"['Ethiopian Coyote', 'Amharic Fox', 'Canis Simiensis']"
multiple,easy,Entertainment: Video Games,"What Ultimate does Makoto Naegi, protagonist of Danganronpa: Trigger Happy Havoc, have? ",Ultimate Lucky Student,"['Ultimate Unlucky Student', 'Ultimate Detective', 'Ultimate Runner']"
multiple,easy,Entertainment: Video Games,What was the release date of &quot;Grand Theft Auto IV&quot;?,"April 29, 2008","['May 21, 2009', 'June 22, 2010', 'July 28, 2008']"
multiple,medium,Entertainment: Film,In what year was the movie &quot;Police Academy&quot; released?,1984,"['1986', '1985', '1983']"
multiple,medium,General Knowledge,Astraphobia is the irrational fear of what?,Thunder,"['Rain', 'Wind', 'Snow']"
boolean,medium,History,"If you grab the bladed end of a longsword in a specific way, you will not cut yourself.",True,['False']
multiple,easy,Entertainment: Video Games,What is the name of the world that the MMO &quot;RuneScape&quot; takes place in?,Gielinor,"['Glindor', 'Azeroth', 'Zaros']"
multiple,medium,Entertainment: Video Games,When was the original Star Wars: Battlefront II released?,"October 31, 2005","['December 18, 2004', 'November 21, 2006', 'September 9, 2007']"
multiple,hard,Entertainment: Video Games,"In the video game &quot;Metal Gear Solid&quot;, what did Revolver Ocelot consider the greatest handgun ever made?",Colt Single Action Army,"['Colt Python', 'Colt M1892', 'Colt 1851 Navy Revolver']"
multiple,medium,Geography,What is the capital city of New Zealand?,Wellington,"['Auckland', 'Christchurch', 'Melbourne']"
multiple,medium,Entertainment: Books,Who wrote the 1967 horror novel &quot;Rosemary&#039;s Baby&quot;?,Ira Levin,"['Stephen King', 'Robert Bloch', 'Mary Shelley']"
multiple,medium,Entertainment: Video Games,How many unique items does &quot;Borderlands 2&quot; claim to have?,87 Bazillion ,"['87 Million', '87 Trillion', '87 Gazillion ']"
boolean,hard,Entertainment: Japanese Anime &amp; Manga,"In the &quot;To Love-Ru&quot; series, Peke is considered a female robot.",True,['False']
multiple,hard,Entertainment: Music,What was the progressive rock band Rush&#039;s first single?,Not Fade Away,"['Tom Sawyer', 'Working Man', 'Owner of a Lonely Heart']"
multiple,medium,Entertainment: Video Games,"In Night in the Woods, which instrument did Casey play?",Drums,"['Bass', 'Piano', 'Sax']"
multiple,easy,Entertainment: Music,Which English guitarist has the nickname &quot;Slowhand&quot;?,Eric Clapton,"['Mark Knopfler', 'Jeff Beck', 'Jimmy Page']"
multiple,hard,Entertainment: Video Games,In the game &quot;Sonic the Hedgehog (1991)&quot; how many chaos emeralds could you collect?,6,"['8', '7', '9']"
multiple,medium,Entertainment: Film,In the film &quot;John Wick&quot; why does John Wick get out of retirement?,His puppy is killed and his car was stolen,"['He was punched in the face', 'He got mugged', 'He needed money']"
multiple,medium,Entertainment: Television,Who was the star of the TV series &quot;24&quot;?,Kiefer Sutherland,"['Kevin Bacon', 'Hugh Laurie', 'Rob Lowe']"
boolean,easy,Politics,One of Donald Trump&#039;s 2016 Presidential Campaign promises was to build a border wall between the United States and Mexico.,True,['False']
multiple,easy,Sports,How many soccer players should be on the field at the same time?,22,"['20', '24', '26']"
multiple,easy,Politics,Former United States President Bill Clinton famously played which instrument?,Saxophone,"['Baritone horn', 'Piano', 'Violin']"
multiple,medium,Entertainment: Music,"What animal is featured on the cover of English electronic music group The Prodigy&#039;s album, &quot;The Fat of the Land&quot;?",Crab,"['Fox', 'Elephant', 'Tiger']"
multiple,medium,Entertainment: Music,When did Radiohead release their album &quot;OK Computer&quot;?,1997,"['1995', '2000', '1993']"
multiple,medium,Entertainment: Comics,Which of these game-based comics were published in 2011 by DC Comics?,Infamous,"['Left 4 Dead: The Sacrifice', 'Prototype', 'Kane &amp; Lynch']"
multiple,medium,Entertainment: Video Games,Which town was Seamus &quot;Sledge&quot; Cowden from &quot;Tom Clancy&#039;s Rainbow Six Siege&quot; born in?,John O&#039;Groats,"['Brawl', 'Kearvaig', 'Talmine']"
multiple,easy,Geography,Which European city is known as the &quot;City of Light&quot;?,Paris,"['Rome', 'London', 'Madrid']"
multiple,medium,Entertainment: Music,What is the last song on the first Panic! At the Disco album?,"Build God, Then We&#039;ll Talk","['Nails for Breakfast, Tacks for Snacks', 'I Write Sins Not Tragedies', 'Lying Is The Most Fun A Girl Can Have Without Taking Her Clothes Off']"
multiple,hard,General Knowledge,"In linguistics, which of the following is not one of the Gricean Maxims under the Cooperative Principal?",Length,"['Quality', 'Relation', 'Manner']"
multiple,medium,Entertainment: Video Games,Which car is NOT featured in &quot;Need for Speed: Hot Pursuit 2&quot;?,Toyota MR2,"['Ford Crown Victoria', 'BMW Z8', 'McLaren F1']"
multiple,easy,Animals,Which of these animals are not real?,Nemean Lion,"['Sea Dragon', 'Tasmanian Devil', 'Giant Squid']"
multiple,medium,Science &amp; Nature,Approximately what percentage of Earth&#039;s atmosphere is Oxygen?,21%,"['54%', '78%', '7%']"
multiple,easy,Science: Mathematics,What is a polygon with eight sides called?,Octagon,"['Hexagon', 'Nanagon', 'Heptagon']"
boolean,medium,Entertainment: Film,The color of the pills in the Matrix were Blue and Yellow.,False,['True']
multiple,medium,Sports,"In a game of snooker, what colour ball is worth 3 points?",Green,"['Yellow', 'Brown', 'Blue']"
multiple,medium,Entertainment: Video Games,Which of these &quot;Worms&quot; games featured 3D gameplay?,Worms 4: Mayhem,"['Worms W.M.D', 'Worms Reloaded', 'Worms: Open Warfare 2']"
multiple,hard,Geography,"What is the name of the formerly rich fishing grounds off the island of Newfoundland, Canada?",Grand Banks,"['Great Barrier Reef', 'Mariana Trench', 'Hudson Bay']"
multiple,hard,Entertainment: Music,What is the British term for a 64th note?,Hemidemisemiquaver,"['Semihemidemisemiquaver', 'Semiquaver', 'Demisemiquaver']"
multiple,hard,General Knowledge,Which of the following languages does NOT use gender as a part of its grammar?,Turkish,"['German', 'Danish', 'Polish']"
multiple,hard,Animals,What is the collective noun for vultures?,Wake,"['Ambush', 'Building', 'Gaze']"
multiple,easy,Entertainment: Japanese Anime &amp; Manga,Who is the colossal titan in &quot;Attack On Titan&quot;?,Bertolt Hoover,"['Reiner', 'Eren', 'Sasha']"
boolean,medium,History,"Sir Issac Newton served as a Member of Parliament, but the only recorded time he spoke was to complain about a draft in the chambers.",True,['False']
multiple,medium,History,The Korean War started in what year?,1950,"['1945', '1960', '1912']"
multiple,hard,Entertainment: Music,Who was not in the band &quot;The Smiths&quot;?,Martin Chambers,"['Morrissey', 'Andy Rourke', 'Mike Joyce']"
multiple,easy,Geography,"Which of the following geographic features is a ring-shaped coral reef, island, or series of islets?",Atoll,"['Peninsula', 'Isthmus', 'Delta']"
multiple,easy,History,What does the United States of America celebrate during the 4th of July?,The signing of the Declaration of Independence,"['The anniversary of the Battle of Gettysburg', 'The crossing of the Delaware River', 'The ratification of the Constitution']"
multiple,easy,Vehicles,What UK Train does NOT go over 125MPH?,Sprinter,"['Class 43', 'Javelin', 'Pendolino']"
multiple,easy,Entertainment: Books,Who wrote &quot;A Tale of Two Cities&quot;?,Charles Dickens,"['Charles Darwin', 'Mark Twain', 'Roald Dahl']"
multiple,hard,Entertainment: Film,"Which of the following films was directed by Ivan Reitman, written by Gary Ross, featured Kevin Kline, and was released in 1993?",Dave,"['John', 'Will', 'Carl']"
multiple,medium,Mythology,"In Greek Mythology, who killed Achilles?",Paris,"['Hector', 'Helen', 'Pericles']"
multiple,medium,Entertainment: Video Games,"In the first Left 4 Dead, you can play as either of these four characters.","Francis, Bill, Zoey, and Louis","['Bender, Andrew, Allison, and Brian', 'Coach, Ellis, Nick, and Rochelle', 'Harry, Ron, Hermione and Dumbledore']"
multiple,medium,Science &amp; Nature,"The humerus, paired radius, and ulna come together to form what joint?",Elbow,"['Knee', 'Sholder', 'Ankle']"
multiple,medium,General Knowledge,Directly between the Washington Monument and the Reflecting Pool is a memorial to which war?,World War II,"['Vietnam War', 'American Civil War', 'American Revolutionary War']"
multiple,easy,Entertainment: Film,"In &quot;Mean Girls&quot;, who has breasts that tell when it&#039;s raining?",Karen Smith,"['Gretchen Weiners', 'Janice Ian', 'Cady Heron']"
boolean,medium,Geography,The surface area of Russia is slightly larger than that of the dwarf planet Pluto.,True,['False']
multiple,easy,Entertainment: Cartoon &amp; Animations,"In &quot;Avatar: The Last Airbender&quot;, which element does Aang begin to learn after being defrosted?",Water,"['Air', 'Earth', 'Fire']"
boolean,easy,Entertainment: Film,Leonardo DiCaprio won an Oscar for Best Actor in 2004&#039;s &quot;The Aviator&quot;.,False,['True']
multiple,medium,Entertainment: Books,"In Alice in Wonderland, what is the name of Alice&#039;s kitten?",Dinah,"['Oscar', 'Heath', 'Smokey']"
multiple,medium,Entertainment: Television,Which track by &quot;Massive Attack&quot; is used for the theme of &quot;House&quot;? ,Teardrop,"['Protection', 'Angel', 'Black Milk']"
multiple,medium,Sports,Who won the &quot;Champions League&quot; in 1999?,Manchester United,"['Barcelona', 'Bayern Munich', 'Liverpool']"
multiple,medium,Entertainment: Video Games,"The first game in the Touhou Project, &quot;Highly Responsive to Prayers&quot;, is part of which genre?",Breakout/Arkanoid,"['Shoot &#039;em Up', 'Puzzle', 'Fighter']"
multiple,medium,Entertainment: Video Games,Which of the following games in the Anno series introduced the &quot;Eco Balance&quot; gameplay mechanic?,Anno 2070,"['Anno 1404', 'Anno 2205', ' Anno 1701']"
multiple,medium,Entertainment: Video Games,What is the name of the protagonist of Life Is Strange?,Max Caulfield,"['Frank Bowers', 'Rachel Amber', 'Kate Marsh']"
boolean,easy,Entertainment: Board Games,"There is a Donald Trump Board Game, which was made in 1989.",True,['False']
boolean,medium,General Knowledge,&quot;Typewriter&quot; is the longest word that can be typed using only the first row on a QWERTY keyboard.,False,['True']
multiple,medium,Science &amp; Nature,What is the chemical formula for ammonia?,NH3,"['CO2', 'NO3', 'CH4']"
multiple,medium,Entertainment: Television,"In the comedy series &quot;Trailer Park Boys&quot;, which of the following characters takes care of stray cats?",Bubbles,"['Ricky', 'Julian', 'Randy']"
multiple,hard,Science &amp; Nature,How many protons are in an oxygen atom?,Eight,"['Four', 'Two', 'Six']"
multiple,hard,Entertainment: Books,In which classic novel is there a character named Homer Simpson?,The Day of the Locust,"['Catch-22', 'Of Mice and Men', 'A Separate Peace']"
multiple,medium,Science &amp; Nature,Au on the Periodic Table refers to which element?,Gold,"['Silver', 'Oxygen', 'Nickel']"
multiple,medium,Geography,"What is the capital of the State of Washington, United States?",Olympia,"['Washington D.C.', 'Seattle', 'Yukon']"
multiple,medium,Entertainment: Comics,What is the designation given to the Marvel Cinematic Universe?,Earth-199999,"['Earth-616', 'Earth-10005', 'Earth-2008']"
multiple,medium,Entertainment: Video Games,The walls of the Goldenrod City Gym in &quot;Pok&eacute;mon Gold and Silver&quot; are arranged in the shape of which Pok&eacute;mon?,Clefairy,"['Bulbasaur', 'Pikachu', 'Pidgey']"
multiple,hard,Art,What year did Albrecht D&uuml;rer create the painting &quot;The Young Hare&quot;?,1502,"['1702', '1402', '1602']"
multiple,easy,Entertainment: Television,What Nickelodeon game show featured a house on the set that the contestants would ransack to find hidden objects?,Finders Keepers,"['Double Dare', 'Nickelodeon Guts', 'Nick Arcade']"
multiple,easy,Entertainment: Television,"In the show Stranger Things, what is Eleven&#039;s favorite breakfast food?",Eggo Waffles,"['Toast', 'Captain Crunch', 'Bacon and Eggs']"
multiple,medium,Science: Computers,What was the first Android version specifically optimized for tablets?,Honeycomb,"['Eclair', 'Froyo', 'Marshmellow']"
multiple,medium,Celebrities,"If he was still alive, in what year would Elvis Presley celebrate his 100th birthday?",2035,"['2030', '2040', '2045']"
multiple,easy,Entertainment: Music,Who is the frontman of the band 30 Seconds to Mars?,Jared Leto,"['Gerard Way', 'Matthew Bellamy', 'Mike Shinoda']"
multiple,medium,Entertainment: Board Games,"In &quot;Magic: The Gathering&quot;, during the design for Planar Chaos, what color did the developers think of adding in as the sixth color?",Purple,"['Brown', 'Pink', 'Orange']"
multiple,medium,Entertainment: Video Games,"Who is the creator of the free, open-source rhythm game &#039;osu!&#039;?",Dean &#039;Peppy&#039; Herbert,"['Daisuke &#039;Pixel&#039; Amaya', 'Eric &#039;ConcernedApe&#039; Barone', 'Toby &#039;FwugRadiation&#039; Fox']"
multiple,easy,Entertainment: Video Games,"In Counter-Strike: Global Offensive, what&#039;s the rarity of discontinued skins called?",Contraband,"['Discontinued', 'Diminished', 'Limited']"
multiple,medium,Science: Computers,In the server hosting industry IaaS stands for...,Infrastructure as a Service,"['Internet as a Service', 'Internet and a Server', 'Infrastructure as a Server']"
multiple,easy,Entertainment: Film,"Who is the main protagonist in, the 1985 film, Back to the Future?",Marty McFly,"['Emmett &quot;Doc&quot; Brown', 'Biff Tannen', 'George McFly']"
multiple,medium,Entertainment: Video Games,Which character is from &quot;Splatoon&quot;?,Marie,"['Cyrus', 'Palutena', 'Shulk']"
multiple,hard,Entertainment: Music,The key of sharps does the key of G# minor contain?,5,"['3', '7', '0']"
multiple,medium,Entertainment: Board Games,What special item did the creators of Cards Against Humanity ship for their Black Friday pack?,Bull Feces,"['A Card Expansion', 'A Racist Toy', 'Cat Urine']"
boolean,medium,Science: Computers,MacOS is based on Linux.,False,['True']
multiple,easy,General Knowledge,"Which of these words refers to something made, distributed, or sold illegally?",Bootleg,"['Bootblack', 'Bootlace', 'Bootstrap']"
multiple,medium,Entertainment: Music,"Which of these artists was NOT a member of the electronic music supergroup Swedish House Mafia, which split up in 2013?",Alesso,"['Steve Angello', 'Sebastian Ingrosso', 'Axwell']"
multiple,medium,General Knowledge,Apple co-founder Steve Jobs died from complications of which form of cancer?,Pancreatic,"['Bone', 'Liver', 'Stomach']"
multiple,medium,History,The 15th century conflicts between the Houses of York and Lancaster are known as the Wars of the what?,Wars of the Roses,"['Wars of the Lillies', 'Wars of the Daffodils', 'Wars of the Tulips']"
multiple,medium,Entertainment: Books,What was the last message of the Dolphins in &quot;The Hitchhiker&#039;s Guide to the Galaxy&quot;?,"&quot;So long, and thanks for all the fish.&quot;","['&quot;The answer is 42.&quot;', '&quot;Land of the brave.&quot;', '&quot;Goodbye cruel world!&quot;']"
multiple,hard,Geography,What is the administrative centre and largest settlement on the Norwegian archipelago of Svalbard?,Longyearbyen,"['Sveagruva', 'Ny-&Aring;lesund', 'Barentsburg']"
multiple,medium,Entertainment: Film,"In Back to the Future Part II, Marty and Dr. Emmett Brown go to which future date?","October 21, 2015","['August 28, 2015', 'July 20, 2015', 'January 25, 2015']"
multiple,easy,Science &amp; Nature, What is the chemical symbol for Helium?,He,"['H', 'Hg', 'Hs']"
multiple,easy,Celebrities,Which actress married Michael Douglas in 2000?,Catherine Zeta-Jones,"['Ruth Jones', 'Pam Ferris', 'Sara Sugarman']"
multiple,hard,Entertainment: Cartoon &amp; Animations,Who voice acted the character Hiccup in the movie &quot;How to Train Your Dragon&quot;?,Jay Baruchel,"['Jack Brauchel', 'John Powell', 'Gerard Butler']"
multiple,easy,General Knowledge,How would one say goodbye in Spanish?,Adi&oacute;s,"[' Hola', 'Au Revoir', 'Salir']"
multiple,hard,Science: Computers,What was the name of the first Bulgarian personal computer?,IMKO-1,"['Pravetz 82', 'Pravetz 8D', 'IZOT 1030']"
multiple,medium,Entertainment: Music,Which of these is NOT a name of an album released by American rapper Pitbull?,Welcome to Miami,"['Dale', 'Global Warming', 'Armando']"
multiple,medium,Entertainment: Comics,"The success of DC Comics&#039; Swamp Thing, Sandman, and other books in a similar style, led to the creation of what new imprint in 1993?",Vertigo,"['Impact', 'New Universe', 'Red Circle']"
multiple,medium,Geography,The White Cliffs of Dover is located in which country? ,United Kingdom,"['United States', 'Netherlands', 'Sweden']"
multiple,medium,Entertainment: Japanese Anime &amp; Manga,The main protagonist of the fourth part of JoJo&#039;s Bizarre Adventure is which of the following?,Josuke Higashikata,"['Yoshikage kira', 'Koichi Hirose', 'Joey JoJo']"
multiple,medium,Entertainment: Musicals &amp; Theatres,"In Jeff Wayne&#039;s Musical Version of War of the Worlds, the chances of anything coming from Mars are...",A million to one,"['A billion to one', 'A trillion to one', 'A hundred to one']"
multiple,medium,Art,Who designed the Chupa Chups logo?,Salvador Dali,"['Pablo Picasso', 'Andy Warhol', 'Vincent van Gogh']"
multiple,hard,Entertainment: Music,What year was Min Yoongi from South Korea boy band &quot;BTS&quot; born in?,1993,"['1992', '1995', '1994']"
boolean,easy,Animals,Rabbits are rodents.,False,['True']
multiple,easy,Geography,All of the following are classified as Finno-Ugric languages EXCEPT:,Samoyedic,"['Hungarian', 'Finnish', 'Estonian']"
multiple,easy,History,"The RMS Titanic sunk during her maiden voyage from Southampton, England to which American city?",New York City,"['Boston ', 'Philadelphia', 'Washington']"
multiple,medium,Science &amp; Nature,What do you study if you are studying entomology?,Insects,"['Humans', 'the Brain', 'Fish']"
boolean,easy,Entertainment: Video Games,Codemasters is the developer of the Gran Turismo series.,False,['True']
multiple,hard,Vehicles,Which Audi does not use Haldex based all wheel drive system?,Audi A8,"['Audi TT', 'Audi S3', 'Audi A3']"
multiple,medium,Entertainment: Video Games,"During the game&#039;s development, what was the first ever created Pok&eacute;mon?",Rhyhorn,"['Bulbasaur', 'Mew', 'Arceus']"
multiple,medium,Entertainment: Music,What song by Tina Turner is the theme for Mad Max Beyond Thunderdome?,We Don&#039;t Need Another Hero,"['Let&#039;s Stay Together', 'What&#039;s Love Got To Do With It', 'I Don&#039;t Wanna Lose You']"
boolean,medium,Entertainment: Japanese Anime &amp; Manga,The animated film &quot;Spirited Away&quot; won the Academy Award for Best Animated Feature at the 75th Academy Awards in 2003.,True,['False']
multiple,easy,Entertainment: Video Games,Who is the main protagonist in the game Life is Strange: Before The Storm?,Chloe Price ,"['Max Caulfield', 'Rachel Amber', 'Frank Bowers']"
boolean,medium,Entertainment: Board Games,Wooden molding scraps were used to make the original Monopoly houses and hotels.,True,['False']
multiple,medium,History,What was the unofficial name for Germany between 1919 and 1933?,Weimar Republic,"['German Democratic Republic', 'Federal Republic of Germany', 'Oesterreich ']"
multiple,easy,Entertainment: Japanese Anime &amp; Manga,"In Ms. Kobayashi&#039;s Dragon Maid, who is Kobayashi&#039;s maid?",Tohru,"['Lucoa', 'Kanna', 'Elma']"
multiple,medium,Sports,What city did the Lakers represent before relocating to Los Angeles?,Minneapolis,"['Philadelphia', 'Chicago', 'San Francisco']"
multiple,easy,History,In which year was Nelson Mandela released from prison,1990,"['1994', '1992', '1980']"
boolean,easy,Science &amp; Nature,"Celiac Disease is a disease that effects the heart, causing those effected to be unable to eat meat.",False,['True']
multiple,medium,Science &amp; Nature,What stage of development do the majority of eukaryotic cells remain in for most of their life?,Interphase,"['Prophase', 'Stasis', 'Telophase']"
multiple,medium,History,When was the People&#039;s Republic of China founded?,"October 1, 1949","['April 3, 1947', 'May 7, 1945', 'December 6, 1950']"
multiple,medium,Entertainment: Music,Korean girl group TWICE is under which Entertainment Label?,JYP,"['MBK', 'YG', 'Stone Music']"
multiple,hard,Science: Mathematics,Integration is the reverse of what mathematical operation?,Derivation,"['Division', 'Standard Deviation', 'Multiplication']"
multiple,medium,Science: Computers,What five letter word is the motto of the IBM Computer company?,Think,"['Click', 'Logic', 'Pixel']"
multiple,hard,Science: Computers,The internet domain .fm is the country-code top-level domain for which Pacific Ocean island nation?,Micronesia,"['Fiji', 'Tuvalu', 'Marshall Islands']"
multiple,medium,Entertainment: Comics,Which &quot;Green Arrow&quot; sidekick commonly wears a baseball cap?,Roy Harper,"['Black Canary', 'Emiko Queen', 'Dick Grayson']"
multiple,medium,Entertainment: Film,"After India, which country produces the second most movies per year?",Nigeria,"['United States', 'China', 'France']"
multiple,easy,Geography,Greenland is a part of which kingdom?,Denmark,"['Sweden', 'Norway', 'United Kingdom']"
multiple,medium,Entertainment: Music,"Moby, an American DJ, singer, and musician, achieved worldwide success for the 1999 release of which of the following albums?",Play,"['Everything Is Wrong', 'Moby', '18']"
multiple,hard,History,What was the aim of the &quot;Umbrella Revolution&quot; in Hong Kong in 2014?,Genuine universal suffrage,"['Gaining Independence', 'Go back under British Rule', 'Lower taxes']"
multiple,medium,Entertainment: Music,In what year was Taylor Swift born?,1989,"['1988', '1987', '1990']"
multiple,easy,Art,Which painting was not made by Vincent Van Gogh?,The Ninth Wave,"['Caf&eacute; Terrace at Night', 'Bedroom In Arles', 'Starry Night']"
multiple,easy,Art,What is the name of the Japanese art of folding paper into decorative shapes and figures?,Origami,"['Sumi-e', 'Ukiyo-e', 'Haiku']"
multiple,medium,Entertainment: Television,"In &quot;The Big Bang Theory&quot;, what is Howard Wolowitz&#039;s nickname in World of Warcraft?",Wolowizard,"['Sheldor', 'Rajesh', 'Priya']"
multiple,medium,General Knowledge,What is the Swedish word for &quot;window&quot;?,F&ouml;nster,"['H&aring;l', 'Sk&auml;rm', 'Ruta']"
multiple,easy,Entertainment: Cartoon &amp; Animations,Who created the Cartoon Network series &quot;Regular Show&quot;?,J. G. Quintel,"['Ben Bocquelet', 'Pendleton Ward', 'Rebecca Sugar']"
multiple,medium,History,Joseph Smith was the founder of what religion?,Mormonism,"['Buddhism', 'Christianity', 'Hinduism']"
multiple,medium,Entertainment: Music,"Which band had hits in 1972 with the songs &quot;Baby I&#039;m A Want You&quot;, &quot;Everything I Own&quot; and &quot;The Guitar Man&quot;",Bread,"['America', 'Chicago', 'Smokie']"
multiple,easy,Entertainment: Video Games,"In Overwatch, which ape species is the hero Winston?",Gorilla,"['Orangutan', 'Chimpanzee', 'Gibbon']"
multiple,medium,Entertainment: Video Games,"In Call Of Duty: Black Ops II, who is the main antagonist?",Raul Men&eacute;ndez ,"['Vladimir Makarov ', 'Frank Woods', 'DeFalco']"
multiple,medium,Entertainment: Video Games,"In Left 4 Dead, what is the name of the Special Infected that is unplayable in Versus mode?",The Witch,"['The Tank', 'The Smoker', 'The Spitter']"
boolean,medium,General Knowledge,The vapor produced by e-cigarettes is actually water.,False,['True']
multiple,medium,Entertainment: Video Games,"In the game Pok&eacute;mon Conquest, which warlord is able to bond with Zekrom and a shiny Rayquazza?",Nobunaga,"['The Player', 'Oichi', 'Hideyoshi']"
multiple,medium,Entertainment: Video Games,The mobile game &quot;Jetpack Joyride&quot; was released in what year? ,2011,"['2012', '2009', '2014']"
multiple,hard,Science &amp; Nature,Which of these animals belongs in class Chondrichthyes?,Great white shark,"['Octopus', 'Killer whale', 'Catfish']"
multiple,medium,Entertainment: Musicals &amp; Theatres,Who is the musical director for the award winning musical &quot;Hamilton&quot;?,Alex Lacamoire,"['Lin-Manuel Miranda', 'Renee Elise-Goldberry', 'Leslie Odom Jr.']"
multiple,medium,Geography,How many countries does Spain have a land border with?,5,"['2', '3', '4']"
multiple,easy,History,Which of the following countries was not an axis power during World War II?, Soviet Union,"['Italy', 'Germany', 'Japan']"
multiple,medium,Entertainment: Film,In which 1955 film does Frank Sinatra play Nathan Detroit?,Guys and Dolls,"['Anchors Aweigh', 'From Here to Eternity', 'High Society']"
multiple,medium,Science &amp; Nature,All the following metal elements are liquids at or near room temperature EXCEPT:,Beryllium,"['Gallium', 'Caesium', 'Mercury']"
multiple,hard,Entertainment: Music,What was the last Aphex Twin album released before his decade-long hiatus?,Drukqs,"['Windowlicker', 'Syro', 'Collected Ambient Works 85-92']"
multiple,medium,History,Who was the first president born in the independent United States?,Martin Van Buren,"['John Adams', 'George Washington', 'James Monroe ']"
multiple,medium,Entertainment: Video Games,What was the first weapon pack for &quot;PAYDAY 2&quot;?,The Gage Weapon Pack #1,"['The Overkill Pack', 'The Gage Chivalry Pack', 'The Gage Historical Pack']"
multiple,medium,History,Which of the following is not in the Indo-European language family?,Finnish,"['English', 'Hindi', 'Russian']"
boolean,easy,Entertainment: Music,American rapper Dr. Dre actually has a Ph.D. doctorate.,False,['True']
multiple,easy,Entertainment: Television,Who is the star of the AMC series Breaking Bad?,Walter White,"['Saul Goodman', 'Jesse Pinkman', 'Skyler White']"
multiple,hard,Science: Computers,What major programming language does Unreal Engine 4 use?,C++,"['Assembly', 'C#', 'ECMAScript']"
multiple,medium,Entertainment: Video Games,What is the name of the prison in &quot;Half Life 2&quot;?,Nova Prospekt,"['Great Prospekt', 'New Prospect', 'Lesser Prospekt']"
multiple,medium,Entertainment: Video Games,Who is Sora&#039;s Nobody in Kingdom Hearts?,Roxas,"['Riku', 'Kairi', 'Mickey']"
multiple,easy,Celebrities,By what name is Carlos Estevez better known? ,Charlie Sheen,"['Ricky Martin', 'Bruno Mars', 'Joaquin Phoenix']"
multiple,easy,Entertainment: Television,What was the name of the teenage witch played by Melisa Joan Hart who lives with her witch aunts Hilda and Zelda?,Sabrina,"['Hermione', 'Dorothy', 'Dahlia']"
multiple,hard,Entertainment: Board Games,Which Pokemon is #39 in the National Pokedex?,Jigglypuff,"['Pikachu', 'Psyduck', 'Fearow']"
multiple,medium,Entertainment: Comics,Who was the inspiration for Cuthbert Calculus in the Tintin series?,Auguste Picard,"['Jacques Piccard', 'Will Morris', 'J. Cecil Maby']"
multiple,easy,Entertainment: Music,&quot;The Singing Cowboy&quot; Gene Autry is credited with the first recording for all but which classic Christmas jingle?,White Christmas,"['Frosty the Snowman', 'Rudolph the Red-Nosed Reindeer', 'Here Comes Santa Claus']"
multiple,medium,Entertainment: Video Games,"In &quot;Super Mario World 2: Yoshi&#039;s Island&quot;, which of these colors is NOT represented by a Yoshi?",White,"['Purple', 'Brown', 'Red']"
multiple,hard,Science &amp; Nature,What is the most potent toxin known?,Botulinum toxin,"['Ricin', 'Cyanide', 'Asbestos']"
multiple,hard,Politics,"In June 2017, Saudi Arabia and Egypt broke off ties with which country over its supposed support for terrorism?",Qatar,"['Bahrain', 'United States of America', 'Russia']"
multiple,hard,Entertainment: Video Games,"In TF2 Lore, what are the names of the Heavy&#039;s younger sisters?",Yana and Bronislava,"['Gaba and Anna', 'Yanna and Gaba', 'Anna and Bronislava']"
multiple,hard,Science: Computers,Which of the following is the oldest of these computers by release date?,TRS-80,"['Commodore 64', 'ZX Spectrum', 'Apple 3']"
multiple,easy,Entertainment: Cartoon &amp; Animations,Which of the following did not feature in the cartoon &#039;Wacky Races&#039;?,The Dragon Wagon,"['The Bouldermobile', 'The Crimson Haybailer', 'The Compact Pussycat']"
multiple,easy,Vehicles,What is the fastest road legal car in the world?,Koenigsegg Agera RS,"['Hennessy Venom GT', 'Bugatti Veyron Super Sport', 'Pagani Huayra BC']"
multiple,hard,Entertainment: Japanese Anime &amp; Manga,Who was the Author of the manga Uzumaki?,Junji Ito,"['\tNoboru Takahashi', 'Akira Toriyama', 'Masashi Kishimoto']"
multiple,easy,Science &amp; Nature,What is an example of a bacterial pathogen?,Cholera,"['Measles ', 'AIDS', 'Ringworm']"
multiple,easy,Entertainment: Video Games,What is the name of the City in Saints Row The Third?,Steelport,"['Stilwater', 'Carcer', 'Liberty']"
multiple,hard,History,Which U.S. president was said to have been too honest to lie to his father about chopping down a cherry tree?,George Washington,"['Abraham Lincoln', 'Thomas Jefferson', 'James Monroe']"
multiple,hard,Geography,Which of these countries is NOT the only country to start with that letter of the alphabet?,Zambia,"['Qatar', 'Yemen', 'Oman']"
multiple,medium,Entertainment: Video Games,"Capcom&#039;s survival horror title Dead Rising, canonically starts on what day of September 2006?",September 19th,"['September 21st', 'September 30th', 'September 14th']"
multiple,hard,Science: Mathematics,How many zeptometres are inside one femtometre?,"1,000,000","['10', '1,000,000,000', '1000']"
multiple,medium,History,Who is believed to have been the first European to &#039;discover&#039; the land of New Zealand?,Abel Tasman,"['Christopher Columbus', 'Jeanne Bar&eacute;', 'John Cabot ']"
multiple,hard,Geography,What is the name of the Canadian national anthem?,O Canada,"['O Red Maple', 'Leaf-Spangled Banner', 'March of the Puck Drop']"
multiple,medium,History,What were the first states to break away from Yugoslavia?,"Slovenia, Croatia","['Macedonia, Montenegro', 'Slovenia, Macedonia', 'Montenegro, Slovenia']"
multiple,easy,Entertainment: Film,What was the first monster to appear alongside Godzilla?,Anguirus,"['King Kong', 'Mothra', 'King Ghidora']"
multiple,easy,Geography,Which Russian oblast forms a border with Poland?,Kaliningrad,"['Samara', 'Nizhny Novgorod', 'Omsk']"
multiple,medium,History,Which U.S. President was in office when the Gulf War began?,George H. W. Bush,"['Richard Nixon', 'George W. Bush ', 'Ronald Regan']"
multiple,medium,Sports,Which of the following pitchers was named National League Rookie of the Year for the 2013 season?,Jose Fernandez,"['Jacob deGrom', 'Shelby Miller', 'Matt Harvey']"
multiple,hard,Entertainment: Video Games,What was the code name given to Sonic the Hedgehog 4 during its development?,Project Needlemouse,"['Project Bluespike', 'Project Roboegg', 'Project Darksphere']"
multiple,medium,Mythology,"According to the Egyptian Myth of Osiris, who murdered Osiris?",Set,"['Horus', 'Ra', 'Anhur']"
multiple,medium,Entertainment: Japanese Anime &amp; Manga,What song plays in the ending credits of the anime &quot;Ergo Proxy&quot;?,Paranoid Android,"['Sadistic Summer', 'Bittersweet Symphony', 'Mad World']"
multiple,medium,Entertainment: Video Games,Which ones of these Mario Kart games was made for the Gameboy Advance?,Mario Kart: Super Circuit,"['Mario Kart: Double Dash', 'Mario Kart 64', 'Super Mario Kart']"
multiple,medium,Geography,What event led to Liechenstein adding a crown to its flag?,The 1936 Olympics,"['Coronation of Prince Johann I Joseph in 1805', 'Charles VI&#039;s decree in 1719', 'Signing of the 1862 Constitution of Liechtenstein']"
multiple,hard,Geography,When does Finland celebrate their independence day?,December 6th,"['January 2nd', 'November 12th', 'February 8th']"
multiple,medium,General Knowledge,Which month is Black History Month in the US?,February,"['May', 'November', 'August']"
multiple,medium,Science: Computers,What is the number of keys on a standard Windows Keyboard?,104,"['64', '94', '76']"
multiple,medium,Entertainment: Video Games,"If you play the Super Mario RPG and nap in a rented hotel room, you will wake up next to what familiar looking character?",Link,"['Wario', 'Q*bert', 'Solid Snake']"
multiple,hard,History,What age was King Henry V when he died?,35,"['62', '87', '73']"
multiple,easy,Entertainment: Video Games,Who turns out to be the true victor in the Battle of Armageddon in Mortal Kombat?,Shao Kahn,"['Liu Kang', 'Shang Tsung', 'Raiden']"
multiple,medium,Entertainment: Film,What mutated animals act as monsters in the movie &#039;Night of the Lepus&#039;?,Rabbits,"['Dogs', 'Rats', 'Bats']"
multiple,medium,Geography,What is the capital of Vietnam?,Hanoi,"['Da Nang', 'Hai Phong', 'Ho Chi Minh City']"
multiple,medium,Entertainment: Music,What are the first few words in the lyrics of A-Ha&#039;s &#039;Take On Me&#039;?,We&#039;re talking away,"['We&#039;re dreaming today', 'We&#039;re finding a way', 'We&#039;re blocking the way']"
multiple,medium,Entertainment: Video Games,Who was the first jedi that Starkiller had to kill in Star Wars: The Force Unleashed?,Rahm Kota,"['Ahsoka Tano', 'Kazdan Paratus', 'Kento Marek']"
multiple,medium,Mythology,"In Greek mythology, Persephone must return to the underworld because she had eaten what kind of seeds?",Pomegranate,"['Sunflower', 'Orange', 'Fig']"
multiple,medium,Entertainment: Music,Who performed the guitar solo on Michael Jackson&#039;s hit &quot;Beat It&quot;?,Eddie Van Halen,"['Steve Vai', 'Kirk Hammett', 'Zakk Wylde']"
multiple,hard,Sports,With which doubles partner did John McEnroe have most success?,Peter Fleming,"['Mark Woodforde', 'Michael Stich', 'Mary Carillo']"
multiple,medium,Entertainment: Video Games,What engine did the original &quot;Half-Life&quot; run on?,GoldSrc,"['Source', 'Quake', 'Unreal']"
multiple,medium,Entertainment: Board Games,Which of the following is not a color of mana in Magic: The Gathering?,Yellow,"['White', 'Green', 'Blue']"
multiple,hard,Entertainment: Music,What was the name of the hip hop group Kanye West was a member of in the late 90s?,The Go-Getters,"['The Jumpers', 'The Kickstarters', 'The Beat-Busters']"
multiple,easy,Entertainment: Television,When did the TV show Rick and Morty first air on Adult Swim?,2013,"['2014', '2016', '2015']"
multiple,hard,Entertainment: Books,"In the Harry Potter universe, what is Cornelius Fudge&#039;s middle name?",Oswald,"['James', 'Harold', 'Christopher']"
boolean,easy,Animals,A slug&rsquo;s blood is green.,True,['False']
boolean,hard,Entertainment: Video Games,"In &quot;Call Of Duty: World At War&quot;, the first appearance of the &quot;PPSH-41&quot; in &quot;Zombies&quot; was in the map &quot;Der Riese&quot;.",False,['True']
multiple,hard,Entertainment: Music,What song originally performed by The Bee Gees in 1978 had a cover version by Steps 20 years later?,Tragedy,"['Night Fever', 'Stayin&#039; Alive', 'You Should Be Dancing']"
multiple,easy,Entertainment: Video Games,"In Danganronpa: Trigger Happy Havoc, what is the protagonist&#039;s name?",Makoto Naegi,"['Hajime Hinata', 'Nagito Komaeda', 'Komaru Naegi']"
multiple,medium,Entertainment: Video Games,What was the first Game released using the Build Engine?,Witchaven,"['DOOM', 'Duke Nukem 3D', 'William Shatner&#039;s Tekwar']"
multiple,hard,Entertainment: Film,"In Big Hero 6, what were Baymax&#039;s motions modeled after?",Baby penguins,"['Baby monkeys', 'Baby ostriches', 'Baby bears']"
multiple,medium,Entertainment: Video Games,Who was the mascot of SEGA before &quot;Sonic the Hedgehog&quot;?,Alex Kidd,"['Opa Opa', 'NiGHTS', 'Ristar']"
multiple,medium,Entertainment: Film,Which one of these actors is said to be cut from the film &#039;E.T. the Extra-Terrestrial&#039;?,Harrison Ford,"['Michael J. Fox', 'Andy Kaufman', 'Arnold Schwarzenegger']"
multiple,hard,Entertainment: Video Games,"Who is the victim mentioned in the second KG-8 incident, in Ace attorney Investigations, Case 4?",Deid Mann,"['Frank Sahwit', 'Shey De Killer', 'Raymond Shields']"
multiple,medium,Entertainment: Board Games,"The board game, Nightmare was released in what year?",1991,"['1992', '1989', '1995']"
multiple,medium,Entertainment: Film,Who played Batman in the 1997 film &quot;Batman and Robin&quot;?,George Clooney,"['Michael Keaton', 'Val Kilmer', 'Christian Bale']"
multiple,easy,Mythology,Which figure from Greek mythology traveled to the underworld to return his wife Eurydice to the land of the living?,Orpheus,"['Hercules', 'Perseus', 'Daedalus']"
multiple,medium,Entertainment: Music,Which band released the album &quot;Sonic Highways&quot; in 2014?,Foo Fighters,"['Coldplay', 'Nickelback', 'The Flaming Lips']"
multiple,hard,Entertainment: Video Games,"In the &quot;PAYDAY&quot; series, what is the real name of the character known as &quot;Dallas&quot;?",Nathan Steele,"['Nate Siemens', 'Nick Stamos', 'Nolan Stuhlinger']"
multiple,hard,Geography,"What is the capital of Wisconsin, USA?",Madison,"['Milwaukee', 'Wisconsin Dells', 'Green Bay']"
multiple,medium,Entertainment: Film,In the 1979 British film &quot;Quadrophenia&quot; what is the name of the seaside city the mods are visiting?,Brighton,"['Eastbourne', 'Mousehole', 'Bridlington']"
multiple,easy,Entertainment: Music,Which term best describes the connection of two sections of a musical piece through a transitional passage?,Bridge,"['Coda', 'Capo', 'Binary Form']"
multiple,easy,Entertainment: Film,Who plays Alice in the Resident Evil movies?,Milla Jovovich,"['Madison Derpe', 'Milla Johnson', 'Kim Demp']"
multiple,easy,Entertainment: Books,"This play is generally considered to be the most adaptable of Shakespeare&rsquo;s works, and follows two &ldquo;star-crossed lovers&rdquo;.",Romeo and Juliet,"['Hamlet', 'The Tempest', 'King Lear']"
multiple,hard,Geography,Which of these is an official currency of the Cook Islands?,New Zealand Dollar,"['United States Dollar', 'British Pound', 'Australian Dollar']"
multiple,hard,Entertainment: Music,"Long John Baldry, the voice of Dr. Robotnik in Adventures Of Sonic The Hedgehog, was in a band with which music artist in the 1960s?",Elton John,"['Freddie Mercury', 'Paul McCartney', 'Johnny Cash']"
multiple,hard,General Knowledge,Electronic music producer Kygo&#039;s popularity skyrocketed after a certain remix. Which song did he remix?,Ed Sheeran - I See Fire,"['Marvin Gaye - Sexual Healing', 'Coldplay - Midnight', 'a-ha - Take On Me']"
multiple,hard,Entertainment: Video Games,"Before Super Smash Bros. contained Nintendo characters, what was it known as internally?",Dragon King: The Fighting Game,"['Contest of Champions', 'Smash and Pummel', 'Fighter of the Ages: Conquest']"
multiple,easy,Entertainment: Video Games,Who is the main villain in Bendy and the ink machine?,Bendy,"['Joey Drew', 'Alice', 'Boris']"
multiple,easy,Science &amp; Nature,What is the standard SI unit for distance?,Metre,"['Angstrom', 'Foot', 'Fathom']"
multiple,medium,Science: Mathematics,"In a normal distribution, 95% of the data lies within how many standard deviations of the mean?",2,"['1', '3', '4']"
boolean,medium,General Knowledge,The scientific name for the Southern Lights is Aurora Australis?,True,['False']
boolean,medium,Geography,&quot;Mongolia&quot; was a part of the now non-existent U.S.S.R.,False,['True']
multiple,hard,Entertainment: Video Games,What do the video games No Man&rsquo;s Sky and Mighty No. 9 have in common?,Both were announced in 2013.,"['Both were crowdfunded.', 'Both were developed by indie studios.', 'Both were released for the PlayStation 3.']"
multiple,medium,Entertainment: Film,The killer in the 1981 film &#039;My Bloody Valentine&#039; wears what sort of outfit?,Mining gear,"['Clown costume', 'Santa suit', 'Police uniform']"
boolean,hard,Entertainment: Video Games,"In Undertale, having a &quot;Fun Value&quot; set to 56-57 will play the &quot;Wrong Number Song Call&quot;.",False,['True']
multiple,hard,Entertainment: Music,Electronic artists Boys Noize and Skrillex have collaborated and released tracks under what name?,Dog Blood,"['Jack &Uuml;', 'What So Not', 'Noisia']"
boolean,medium,Entertainment: Television,"In &quot;Star Trek&quot;, Klingons respect William Shakespeare, they even suspect him having a Klingon lineage.",True,['False']
multiple,medium,Geography,Which of these is NOT an island that is part of the Philippines?,Java,"['Luzon', 'Mindanao', 'Palawan']"
multiple,easy,Entertainment: Japanese Anime &amp; Manga,Kirito and Asuna are main characters from which anime?,Sword Art Online,"['One Piece', 'Death Note', 'Fairy Tail']"
multiple,medium,Entertainment: Music,Which rock band released the album &quot;The Bends&quot; in March 1995?,Radiohead,"['Nirvana', 'Coldplay', 'U2']"
boolean,medium,Entertainment: Music,Nick Mason is the only member to appear on every Pink Floyd album.,True,['False']
multiple,easy,Entertainment: Books,Who was the original author of Frankenstein?,Mary Shelley,"['Edgar Allan Poe', 'Bram Stoker', 'H. P. Lovecraft']"
multiple,medium,Entertainment: Music,Which of the following guitarists recorded an album as a member of the Red Hot Chili Peppers?,Dave Navarro,"['Tom Morello ', 'Billy Corgan', 'Ed O&#039;Brien']"
multiple,easy,Science: Mathematics,What is the symbol for Displacement?,&Delta;r,"['dr', 'Dp', 'r']"
multiple,medium,Science: Computers,Which of these people was NOT a founder of Apple Inc?,Jonathan Ive,"['Steve Jobs', 'Ronald Wayne', 'Steve Wozniak']"
multiple,hard,Animals,"To which biological phylum do all mammals, birds and reptiles belong?",Chordata,"['Echinodermata', 'Annelida', 'Placazoa']"
multiple,medium,Sports,Who was the topscorer for England national football team?,Wayne Rooney,"['David Beckham', 'Steven Gerrard', 'Michael Owen']"
multiple,easy,Entertainment: Video Games,Which of these Starbound races has a Wild West culture?,Novakid,"['Avian', 'Human', 'Hylotl']"
multiple,medium,Entertainment: Japanese Anime &amp; Manga,Aoi Miyamori is the production manager of what anime in &quot;Shirobako&quot;?,The Third Aerial Girls Squad,"['Exodus!', 'Andes Chucky', 'Angel Beats!']"
multiple,medium,Entertainment: Video Games,What was the first .hack game?,.hack//Infection,"['.hack//Zero', '.hack//Sign', '.hack//Liminality']"
multiple,easy,General Knowledge,"According to the nursery rhyme, what fruit did Little Jack Horner pull out of his Christmas pie?",Plum,"['Apple', 'Peach', 'Pear']"
multiple,easy,Entertainment: Video Games,In which series of games do you collect souls to empower you and buy weaponry and armor with?,Souls ,"['Final Fantasy ', 'Monster Hunter', 'The Legend of Zelda']"
multiple,medium,Sports,Which of the following player scored a hat-trick during their Manchester United debut?,Wayne Rooney,"['Cristiano Ronaldo', 'Robin Van Persie', 'David Beckham']"
multiple,easy,History,"What battle was the longest in World War I, lasting approximately 303 days?",Battle of Verdun ,"['Battle of Passchendaele', 'Battle of Amiens', 'Battle of Stalingrad']"
multiple,easy,Entertainment: Video Games,Which character in the &quot;Animal Crossing&quot; series uses the phrase &quot;zip zoom&quot; when talking to the player?,Scoot,"['Drake', 'Bill', 'Mallary']"
boolean,medium,General Knowledge,"Kraft &quot;Cheez Whiz&quot; contains cheese culture, but doesn&#039;t actually contain cheese",True,['False']
multiple,hard,General Knowledge,Nephelococcygia is the practice of doing what?,Finding shapes in clouds,"['Sleeping with your eyes open', 'Breaking glass with your voice', 'Swimming in freezing water']"
multiple,easy,Entertainment: Video Games,"In &quot;Overwatch&quot;, which hero is able to wallride?",Lucio,"['Reinhardt', 'Sombra', 'Mercy']"
multiple,hard,Geography,What country is not a part of Scandinavia?,Finland,"['Norway', 'Sweden', 'Denmark']"
multiple,medium,History,"In relation to the British Occupation in Ireland, what does the IRA stand for.",Irish Republican Army,"['Irish Rebel Alliance', 'Irish Reformation Army', 'Irish-Royal Alliance']"
multiple,medium,Entertainment: Comics,Which issue of the &quot;Sonic the Hedgehog&quot; comic did Scourge the Hedgehog make his first appearance?,Sonic the Hedgehog #11,"['Sonic Universe #32', 'Sonic the Hedgehog #161', 'Sonic the Hedgehog #47']"
multiple,easy,Entertainment: Video Games,What household item make the characters of &quot;Steins; Gate&quot; travel through time?,Microwave,"['Computer', 'Refrigerator', 'Televison']"
multiple,hard,Entertainment: Film,How old was Laurence Fishburne when Francis Ford Coppola cast him in Apocalypse Now (1979)? ,14,"['16', '18', '20']"
boolean,medium,Entertainment: Music,The cover of The Beatles album &quot;Abbey Road&quot; featured a Volkswagen Beetle in the background.,True,['False']
multiple,medium,Entertainment: Video Games,"In Portal, what color is the Morality Core?",Purple,"['Red', 'Yellow', 'Blue']"
multiple,easy,Entertainment: Film,"Which movie contains the quote, &quot;Say hello to my little friend!&quot;?",Scarface,"['Reservoir Dogs', 'Heat', 'Goodfellas']"
multiple,hard,Entertainment: Books,Which classic horror character killed Elizabeth Lavenza?,Frankenstein&#039;s Monster,"['Count Dracula', 'Werewolf', 'The Creature from the Black Lagoon']"
multiple,hard,Entertainment: Music,"In the Panic! At the Disco&#039;s song &quot;Nothern Downpour&quot;, which lyric follows &#039;I know the world&#039;s a broken bone&#039;.",&quot;So melt your headaches call it home&quot;,"['&quot;So sing your song until you&#039;re home&quot;', '&quot;So let them know they&#039;re on their own&quot;', '&quot;So start a fire in their cold stone&quot;']"
multiple,hard,History,The Second Boer War in 1899 was fought where?,South Africa,"['Argentina', 'Nepal', 'Bulgaria']"
multiple,easy,Entertainment: Music,Which singer was featured in Jack &Uuml; (Skrillex &amp; Diplo)&#039;s 2015 song &#039;Where Are &Uuml; Now&#039;?,Justin Bieber,"['Selena Gomez', 'Ellie Goulding', 'The Weeknd']"
multiple,easy,General Knowledge,Which of the following blood component forms a plug at the site of injuries?,Platelets,"['Red blood cells', 'White blood cells', 'Blood plasma']"
multiple,medium,Geography,Which is the only US state located entirely within the Appalachia region?,West Virginia,"['Pennsylvania', 'Alabama', 'Kentucky']"
boolean,easy,Entertainment: Music,Stevie Wonder&#039;s real name is Stevland Hardaway Morris.,True,['False']
multiple,easy,Entertainment: Video Games,What was the name of the cancelled sequel of Team Fortress?,Team Fortress 2: Brotherhood of Arms,"['Team Fortress 2: Desert Mercenaries', 'Team Fortress 2: Operation Gear Grinder', 'Team Fortress 2: Return to Classic']"
boolean,medium,Sports,Skateboarding was included in the 2020 Summer Olympics in Tokyo.,True,['False']
multiple,medium,Entertainment: Music,Who is the lead singer of Bastille?,Dan Smith,"['Will Farquarson', 'Kyle Simmons', 'Chris Wood']"
multiple,medium,Entertainment: Television,What year did the television company BBC officially launch the channel BBC One?,1936,"['1948', '1932', '1955']"
multiple,medium,Entertainment: Video Games,"In &quot;Resident Evil 2&quot;, what is Leon Kennedy&#039;s middle name?",Scott,"['Shaun', 'Simon', 'Sam']"
boolean,medium,Sports,ATP tennis hosted several tournaments on carpet court before being replaced to reduce injuries.,True,['False']
multiple,hard,Entertainment: Music,&quot;All the Boys&quot; by Panic! At the Disco was released as a bonus track on what album?,"Too Weird To Live, Too Rare To Die!","['A Fever You Can&#039;t Sweat Out', 'Death Of A Bachelor', 'Vices &amp; Virtues']"
multiple,medium,Celebrities,What was the name of Marilyn Monroe&#039;s first husband?,James Dougherty,"['Joe Dimaggio', 'Kirk Douglas', 'Arthur Miller']"
multiple,easy,History,Which South American country fought Great Britain over the Falkland Islands in 1982?,Argentina,"['Brazil', 'Chile', 'Venezuela']"
multiple,medium,Entertainment: Video Games,When was Chapter 1 of the Source Engine mod &quot;Underhell&quot; released?,"September 1st, 2013","['March 3rd, 2011', 'September 12th, 2013', 'October 2nd, 2012']"
multiple,medium,Science: Mathematics,What is the Roman numeral for 500?,D,"['L', 'C', 'X']"
multiple,medium,Entertainment: Cartoon &amp; Animations,In what year did the anime adaptation of &quot;March Comes In Like A Lion&quot; air?,2016,"['2017', '2018', '2015']"
boolean,easy,Entertainment: Music,"The song &quot;Stronger Than You&quot; is a single by Estelle, who played Garnet in Steven Universe.",True,['False']
multiple,medium,Sports,Who was the first footballer to score 200 goals in the English Premier League?,Alan Shearer,"['Wayne Rooney', 'Robbie Fowler', 'Thierry Henry']"
multiple,medium,Entertainment: Film,What is the name of the first &quot;Star Wars&quot; film by release order?,A New Hope,"['The Phantom Menace', 'The Force Awakens', 'Revenge of the Sith']"
multiple,medium,Geography,Which country has the abbreviation &quot;CH&quot;?,Switzerland,"['China', 'Canada', 'No Country']"
boolean,easy,Entertainment: Video Games,"In the game Dead by Daylight, the killer Michael Myers is refered to as &quot;The Shape&quot;.",True,['False']
multiple,medium,General Knowledge,Which of the following Ivy League universities has its official motto in Hebrew as well as in Latin?,Yale University,"['Princeton University', 'Harvard University', 'Columbia University']"
boolean,easy,Animals,Rabbits can&#039;t vomit.,True,['False']
multiple,medium,Entertainment: Music,Who is the bassist of the British rock band Queen?,John Deacon,"['John Major', 'John Barrowman', 'John Mayer']"
multiple,easy,Science &amp; Nature,Which gas forms about 78% of the Earth&rsquo;s atmosphere?,Nitrogen,"['Oxygen', 'Argon', 'Carbon Dioxide']"
multiple,easy,Entertainment: Film,"In the 1995 film &quot;Balto&quot;, who are Steele&#039;s accomplices?","Kaltag, Nikki, and Star","['Dusty, Kirby, and Ralph', 'Nuk, Yak, and Sumac', 'Jenna, Sylvie, and Dixie']"
multiple,easy,Entertainment: Board Games,"In chess, which is a characteristic of the King&#039;s Gambit?",Sacrificing a pawn,"['Sacrificing the king for a queen', 'Castling kingside', 'Moving the king on the 2nd move']"
multiple,medium,Entertainment: Video Games,"In &quot;Resident Evil 2&quot;, which virus was William Birkin mutated by?",G-Virus,"['T-Virus', 'C-Virus', 'E-Virus']"
multiple,easy,Geography,Which US state is furthest north east?,Maine,"['New York', 'Georgia', 'Florida']"
multiple,hard,History,Which naval battle was considered the turning point of the Pacific Ocean Theater during World War 2?,Battle of Midway,"['Attack on Truk Island', 'Attack on Pearl Harbor', 'Battle of the Coral Sea']"
multiple,hard,Entertainment: Film,"In the 1964 film &quot;Zulu&quot;, what song does the British Army company sing before the final battle?",Men of Harlech,"['Scotland the Brave', 'Colonel Bogey March', 'The British Grenadiers']"
multiple,medium,Entertainment: Comics,"In &quot;Sonic the Hedgehog&quot; comic, who was the creator of Roboticizer? ",Professor Charles the Hedgehog,"['Julian Robotnik', 'Ivo Robotnik', 'Snively Robotnik']"
multiple,medium,Entertainment: Video Games,What is the name of Cream the Rabbit&#039;s mom in the &quot;Sonic the Hedgehog&quot; series?,Vanilla,"['Peach', 'Strawberry', 'Mint']"
multiple,hard,Entertainment: Board Games,Which of these cities is NOT featured in the Pandemic board game?,Berlin,"['Ho Chi Minh City', 'Lagos', 'Karachi']"
multiple,hard,Science: Computers,Who is the original author of the realtime physics engine called PhysX?,NovodeX,"['Ageia', 'Nvidia', 'AMD']"
multiple,medium,Entertainment: Video Games,How many metal bars does it take to smith a platebody in the MMO &quot;RuneScape&quot;?,5 bars,"['3 bars', '2 bars', '10 bars']"
multiple,easy,History,"In 1453, which important city fell?",Constantinople,"['Rome', 'Hamburg', 'Athens']"
multiple,medium,Politics,Who was the British Prime Minister at the outbreak of the Second World War?,Neville Chamberlain,"['Clement Attlee', 'Winston Churchill', 'Stanley Baldwin']"
multiple,medium,Science: Computers,What is known as &quot;the brain&quot; of the Computer?,Central Processing Unit,"['Motherboard', 'Graphics Processing Unit', 'Keyboard']"
multiple,medium,History,"Which U.S. president took part in the Potsdam Conference, where the Allies reached a peace settlement with Germany?",Harry S. Truman,"['Dwight D. Eisenhower', 'Franklin D. Roosevelt', 'Herbert Hoover']"
multiple,hard,Entertainment: Music,What year did Dire Straits&#039;s Song &quot;Money for Nothing&quot; release?,1985,"['1973', '1980', '1991']"
multiple,medium,Entertainment: Cartoon &amp; Animations,How many episodes were in season five of Samurai Jack?,10,"['12', '11', '13']"
boolean,medium,General Knowledge,Instant mashed potatoes were invented by Canadian Edward Asselbergs in 1962.,True,['False']
multiple,medium,History,Which of these countries was sea charted in 1500 by the Portuguese maritime explorations?,Brazil,"['India', 'Mozambique', 'Madagascar']"
multiple,easy,Geography,What is the nickname for the US state Delaware?,The First State,"['The Fiftieth State', 'The Second State', 'The Sixteenth State']"
multiple,hard,History,The pantheon in Rome was used to worship what god?,Any god they wanted,"['Athena', 'Zeus', 'Both Athena and Zeus']"
multiple,hard,Science &amp; Nature,Which is the chemical name of H2O?,Dihydrogen Monoxide,"['Ammonium chloride', 'Anhydrous Sodium Carbonate', 'Manganese dioxide']"
boolean,easy,Entertainment: Books,The book 1984 was published in 1949.,True,['False']
multiple,hard,Entertainment: Video Games,Which Kingdom Hearts game featured the cast of &quot;The World Ends With You&quot;?,Dream Drop Distance,"['Birth By Sleep', '365/2 Days', 'Re:Chain of Memories']"
multiple,easy,General Knowledge,What is the closest planet to our solar system&#039;s sun?,Mercury,"['Mars', 'Jupiter', 'Earth']"
multiple,medium,History,What year is considered to be the year that the British Empire ended?,1997,"['1986', '1981', '1971']"
multiple,hard,Entertainment: Video Games,Which one of these is NOT an official map in Counter-Strike: Global Offensive?,de_season,"['de_sugarcane', 'de_canals', 'de_militia']"
multiple,easy,General Knowledge,Which company did Valve cooperate with in the creation of the Vive?,HTC,"['Oculus', 'Google', 'Razer']"
multiple,medium,Entertainment: Music,Which of the Beatles band members is barefoot on the front cover of the &#039;Abbey Road&#039; album?,Paul McCartney,"['Ringo Starr', 'George Harrison', 'John Lennon']"
multiple,medium,Entertainment: Japanese Anime &amp; Manga,"In the ADV (English) Dub of the anime &quot;Ghost Stories&quot;, which character is portrayed as a Pentacostal Christian?",Momoko Koigakubo,"['Hajime Aoyama', 'Satsuki Miyanoshita', 'Mio Itai']"
multiple,medium,Entertainment: Music,Which Coldplay album won the Grammy for Best Rock Album in the 2009 Grammy Awards?,Viva La Vida Or Death And All His Friends,"['A Rush Of Blood To The Head', 'X&amp;Y', 'Mylo Xyloto']"
boolean,hard,Entertainment: Television,The Klingon home planet is Qo&#039;noS.,True,['False']
multiple,medium,Entertainment: Music,What was Taylor Swift&#039;s 5th album called?,1989,"['Fearless', 'Red', 'Speak Now']"
boolean,medium,Science: Computers,Android versions are named in alphabetical order.,True,['False']
multiple,hard,General Knowledge,"What does the Latin phrase &quot;Veni, vidi, vici&quot; translate into English?","I came, I saw, I conquered","['See no evil, hear no evil, speak no evil', 'Life, liberty, and happiness', 'Past, present, and future']"
multiple,medium,Science: Mathematics,"In the hexadecimal system, what number comes after 9?",The Letter A,"['10', 'The Number 0', '16']"
multiple,medium,General Knowledge,Which of these companies does NOT manufacture automobiles?,Ducati,"['Nissan', 'GMC', 'Fiat']"
multiple,medium,Mythology,Neptune&#039;s greek name was...,Poseidon,"['Ares', 'Zeus', 'Apollo']"
boolean,medium,Science &amp; Nature,"Like with the Neanderthals, Homo sapiens sapiens also interbred with the Denisovans.",True,['False']
multiple,medium,Entertainment: Video Games,What is the name of the protagonist&#039;s first Persona in &quot;Persona 5&quot;?,Arsene,"['Mara', 'Izanagi', 'Sandaphlon']"
multiple,medium,Science &amp; Nature,Approximately how long is a year on Uranus?,84 Earth years,"['47 Earth years', '62 Earth years', '109 Earth years']"
multiple,medium,Entertainment: Video Games,What is the first primary weapon the player gets in &quot;PAYDAY: The Heist&quot;?,AMCAR-4,"['Brenner 21', 'Reinbeck', 'M308']"
boolean,medium,Entertainment: Video Games,Amazon acquired Twitch in August 2014 for $970 million dollars.,True,['False']
boolean,easy,General Knowledge,King Gizzard &amp; The Lizard Wizard&#039;s album &quot;Nonagon Infinity&quot; can be looped seamlessly.,True,['False']
boolean,medium,Entertainment: Board Games,In the game &quot;Racko&quot; you may pick up ANY card from the discard pile.,False,['True']
multiple,hard,Entertainment: Books,"In the book &quot;The Martian&quot;, how long was Mark Watney trapped on Mars (in Sols)?",549 Days,"['765 Days', '401 Days', '324 Days']"
boolean,easy,Art,Leonardo da Vinci&#039;s Mona Lisa does not have eyebrows.,True,['False']
multiple,medium,History,What event marked the start of World War II?,Invasion of Poland (1939),"['Invasion of Russia (1942)', 'Battle of Britain (1940)', 'Invasion of Normandy (1944)']"
multiple,easy,Entertainment: Video Games,"In Fallout: New Vegas, which one of these casinos can you not play in?",Lucky 38,"['The Tops', 'Gammorah', 'Ultra-Luxe']"
boolean,easy,Entertainment: Music,The 2011 movie &quot;The Adventures of Tintin&quot; was directed by Steven Spielberg.,True,['False']
multiple,easy,Entertainment: Board Games,Which one of these is not a real game in the Dungeons &amp; Dragons series?,Extreme Dungeons &amp; Dragons,"['Advanced Dungeons &amp; Dragons', 'Dungeons &amp; Dragons 3.5th edition', 'Advanced Dungeons &amp; Dragons 2nd edition']"
multiple,easy,Vehicles,What animal is pictured on the logo of the automobile manufacturer Porsche?,Horse,"['Bull', 'Lion', 'Cheetah']"
multiple,hard,History,Which one of these rulers did not belong to the Habsburg dynasty?,Philip V,"['Charles V', 'Philip II', 'Francis Joseph']"
multiple,medium,Entertainment: Video Games,Which of the following is a character in the video game Destiny?,Cayde-6,"['Ostrava of Boletaria', 'Mordecai the Hunter', 'Leon S. Kennedy']"
multiple,hard,Entertainment: Music,Which artists&#039; version of the song &quot;The Tide is High&quot; came first?,The Paragons,"['Blondie', 'Kardinal Offishall', 'Atomic Kitten']"
multiple,medium,General Knowledge,"The Fields Medal, one of the most sought after awards in mathematics, is awarded every how many years?",4,"['3', '5', '6']"
multiple,medium,Entertainment: Video Games,"In &quot;Overwatch&quot;, Coalescence is the name for the ultimate of which hero?",Moira,"['Zenyatta', 'Torbjorn', 'Symmetra']"
multiple,easy,Entertainment: Film,When was the movie &#039;Con Air&#039; released?,1997,"['1985', '1999', '1990']"
multiple,medium,Entertainment: Video Games,What is the name of the only female &quot;Original Four&quot; Kerbal in Kerbal Space Program?,Valentina Kerman,"['Emiko Kerman', 'Samantha Kerman', 'Catmund Kerman']"
multiple,medium,Entertainment: Video Games,"Which puzzle game was designed by a Russian programmer, featuring Russian buildings and music?",Tetris,"['Jenga', 'Boulder Dash', 'Puzzled']"
multiple,medium,Entertainment: Video Games,"What name did &quot;Mario&quot;, from &quot;Super Mario Brothers&quot;, originally have?",Ossan,"['Jumpman', 'Mr. Video', 'Mario']"
multiple,medium,Entertainment: Music,EDM producer Marshmello performs live wearing clothes and a marshmallow mask of what colour?,White,"['Black', 'Blue', 'Yellow']"
multiple,medium,Animals,What is the average lifespan of a domestic rabbit?,8-12 years,"['1-2 years', '4-7 years', '14-20 years']"
multiple,easy,Entertainment: Film,7-Eleven stores were temporarily converted into Kwik E-marts to promote the release of what movie?,The Simpsons Movie,"['Spider-Man 3', 'Shrek the Third', 'Ratatouille']"
boolean,medium,History,The M41 Walker Bulldog remains in service in some countries to this day.,True,['False']
multiple,hard,Geography,Which of these cities has a 4&deg; East longitude. ,Amsterdam,"['Rio de Janero', 'Toronto', 'Hong Kong']"
multiple,medium,Sports,Who won the 2015 College Football Playoff (CFP) National Championship? ,Ohio State Buckeyes,"['Alabama Crimson Tide', 'Clemson Tigers', 'Wisconsin Badgers']"
multiple,medium,Entertainment: Video Games,"During the events of Half-Life: Opposing Force, what is the age of Adrian Shephard, the protagonist?",22,"['23', '21', '24']"
multiple,easy,Entertainment: Japanese Anime &amp; Manga,"In &quot;Fairy Tail&quot;, what is the nickname of Natsu Dragneel?",The Salamander,"['The Dragon Slayer', 'The Dragon', 'The Demon']"
multiple,medium,Entertainment: Music,What song on ScHoolboy Q&#039;s album Black Face LP featured Kanye West?,THat Part,"['Neva CHange', 'Big Body', 'Blank Face']"
multiple,hard,History,Which King of England was faced with the Peasants&#039; Revolt in 1381?,Richard II,"['Edward III', 'Edward II', 'Henry IV']"
boolean,medium,Vehicles,"When BMW was established in 1916, it was producing automobiles.",False,['True']
multiple,medium,History,Which of his six wives was Henry VIII married to the longest?,Catherine of Aragon,"['Anne Boleyn', 'Jane Seymour', 'Catherine Parr']"
multiple,medium,Entertainment: Japanese Anime &amp; Manga,Who was the first Legendary Pokemon to be defeated by Ash Ketchum in the Pok&eacute;mon anime?,Articuno,"['Darkrai', 'Latios', 'Regice']"
multiple,easy,General Knowledge,"Who invented the first ever chocolate bar, in 1847?",Joseph Fry,"['Andrew Johnson', 'John Cadbury', 'John Tyler']"
boolean,easy,Mythology,"In the Greek Mythology, the god of war is called Mars.",False,['True']
multiple,medium,Entertainment: Video Games,"In &quot;Call Of Duty: Zombies&quot;, completing which map&#039;s main easter egg will reward you with the achievement, &quot;High Maintenance&quot;?",Die Rise,"['Mob Of The Dead', 'Origins', 'Ascension']"
boolean,easy,General Knowledge,Is a dog a mammal?,True,['False']
multiple,easy,Entertainment: Music,The &quot;K&quot; in &quot;K-Pop&quot; stands for which word?,Korean,"['Kenyan', 'Kazakhstan', 'Kuwaiti']"
multiple,medium,Entertainment: Japanese Anime &amp; Manga,Which of the following manga have the most tankouban volumes?,Golgo 13,"['JoJo&#039;s Bizarre Adventure', 'Detective Conan', 'One Piece']"
multiple,medium,Entertainment: Japanese Anime &amp; Manga,The main antagonist of the second part of JoJo&#039;s Bizarre Adventure is which of the following?,Kars,"['Erina Joestar', 'Santana', 'Wired Beck']"
multiple,easy,Entertainment: Film, In the 1951 movie &quot;The Day The Earth Stood Still&quot; which US city did the alien spaceship land in?,Washington D.C.,"[' Los Angeles', 'New York', 'Philadelphia']"
boolean,medium,Geography,The Southeast Asian island of Borneo is politically divided among 3 countries.,True,['False']
multiple,easy,Science &amp; Nature,What does the letter &#039;S&#039; stand for in &#039;NASA&#039;?,Space,"['Science', 'Society', 'Star']"
multiple,easy,Entertainment: Film,Who starred as Bruce Wayne and Batman in Tim Burton&#039;s 1989 movie &quot;Batman&quot;?,Michael Keaton,"['George Clooney', 'Val Kilmer', 'Adam West']"
multiple,medium,Geography,What European country is not a part of the EU?,Norway,"['Lithuania', 'Ireland', 'Czechia']"
multiple,hard,Science &amp; Nature,Which scientific unit is named after an Italian nobleman?,Volt,"['Pascal', 'Ohm', 'Hertz']"
boolean,easy,Entertainment: Books,Stephen Chbosky wrote the book &#039;The Perks of Being A Wallflower&#039;.,True,['False']
multiple,medium,Vehicles,Which car manufacturer created the &quot;Aventador&quot;?,Lamborghini,"['Ferrari', 'Pagani', 'Bugatti']"
multiple,easy,Entertainment: Television,Who played the Waitress in the Spam sketch of &quot;Monty Python&#039;s Flying Circus&quot;?,Terry Jones,"['Eric Idle', 'Graham Chapman', 'John Cleese']"
multiple,medium,Entertainment: Music,What is the name of the second studio album released by American rapper Post Malone in 2018?,Beerbongs &amp; Bentleys,"['Takin&#039; Shots', 'Rockstar', 'Better Now']"
multiple,easy,Entertainment: Television,"What TV show featured older women named Blanche, Rose, Dorothy and Sophia?",The Golden Girls,"['Cheers', 'The Wonder Years', 'Family Ties']"
multiple,hard,Entertainment: Video Games,"In the &quot;Call Of Duty: Zombies&quot; map &quot;Origins&quot;, where is &quot;Stamin-Up&quot; located?",Generator 5,"['Generator 3', 'Generator 4', 'Excavation Site']"
multiple,easy,Entertainment: Cartoon &amp; Animations,"In the Pixar film, &quot;Toy Story&quot; what was the name of the child who owned the toys?",Andy,"['Edward', 'Danny', 'Matt']"
boolean,easy,Politics,There was a satirical candidate named &quot;Deez Nuts&quot; running in the 2016 US presidential elections.,True,['False']
multiple,easy,History,When did the Byzantine Empire collapse?,1453,"['1299', '1353', '1498']"
multiple,easy,Entertainment: Video Games,Which eSports team came first place in The International Dota 2 Championship 2016?,Wings Gaming,"['Digital Chaos', 'Evil Geniuses', 'Fnatic']"
multiple,hard,Mythology,Which of the following is NOT a god in Norse Mythology.,Jens,"['Loki', 'Tyr', 'Snotra']"
boolean,medium,Art,"Venus of Willendorf is one of the earliest works of art, depicting the planets Mars and Venus embrace in the heavens at night.",False,['True']
multiple,medium,Entertainment: Video Games,"In the Half-Life universe, the Black Mesa Research Facility is located in which US state?",New Mexico,"['Nevada', 'Arizona', 'Wyoming']"
multiple,easy,Entertainment: Cartoon &amp; Animations,What is the surname of one of the male teachers in the BBC series Postman Pat?,Pringle,"['Walker', 'Dorito', 'Lays']"
multiple,medium,Entertainment: Music,Which of these songs is not on the &quot;untitled&quot; album by Led Zeppelin?,Celebration Day,"['Stairway to Heaven', 'Black Dog', 'Rock and Roll']"
multiple,hard,Entertainment: Music,How many members are there in the idol group &quot;&micro;&#039;s&quot;?,9,"['48', '6', '3']"
multiple,medium,Entertainment: Film,Which one of these films are shot entirely in one-take?,Russian Ark,"['Good Will Hunting', 'Birdman', 'Schindler&#039;s List']"
multiple,medium,Entertainment: Japanese Anime &amp; Manga,"In the &quot;Toaru Majutsu no Index&quot; anime, Touma Kamijou is a level 0 esper that has the ability to do what?",Dispell any esper or magical powers,"['Teleport', 'Make telepathic communications', 'Create electricity from his own body']"
boolean,easy,General Knowledge,"On average, at least 1 person is killed by a drunk driver in the United States every hour.",True,['False']
multiple,medium,General Knowledge,What is the most-visited website out of these options?,Google,"['YouTube', 'Facebook', 'Wikipedia']"
multiple,hard,Entertainment: Video Games,Which one of the following titles by Valve is not based on a Community Mod?,Ricochet,"['Day of Defeat', 'Counter-Strike', 'Alien Swarm']"
multiple,easy,Science: Gadgets,Which of the following is not a type of computer mouse?,Smoothie mouse,"['Drum mouse', 'Trackball mouse', 'Optical mouse']"
multiple,hard,Entertainment: Books,"Which author and poet famously wrote the line, &quot;The female of the species is more deadly than the male&quot;?",Rudyard Kipling,"['Edgar Allan Poe', 'William Shakespeare', 'William Wordsworth']"
multiple,medium,Entertainment: Video Games,What is the AK-47&#039;s name in Counter Strike: Source?,CV-47,"['AK-74', 'AK', 'CZ-75']"
multiple,easy,Science: Mathematics,"In Roman Numerals, what does XL equate to?",40,"['60', '15', '90']"
multiple,hard,Entertainment: Music,Which of these artists did NOT remix the song &quot;Faded&quot; by Alan Walker?,Skrillex,"['Ti&euml;sto', 'Slushii', 'Dash Berlin']"
multiple,hard,Entertainment: Japanese Anime &amp; Manga,Which of these names are not a character of JoJo&#039;s Bizarre Adventure?,JoJo Kikasu,"['Jean-Pierre Polnareff', 'George Joestar', 'Risotto Nero']"
multiple,hard,Science: Computers,Which of these Cherry MX mechanical keyboard switches is both tactile and clicky?,Cherry MX Blue,"['Cherry MX Black', 'Cherry MX Red', 'Cherry MX Brown']"
multiple,easy,General Knowledge,What is the largest organ of the human body?,Skin,"['Heart', 'large Intestine', 'Liver']"
multiple,easy,Sports,"In golf, what name is given to a hole score of two under par?",Eagle,"['Birdie', 'Bogey', 'Albatross']"
multiple,medium,Entertainment: Books,Who wrote the children&#039;s story &quot;The Little Match Girl&quot;?,Hans Christian Andersen,"['Charles Dickens', 'Lewis Carroll', 'Oscar Wilde']"
multiple,medium,Entertainment: Video Games,"In the game &quot;Terraria&quot;, which of these bosses are pre-hardmode bosses?",Eye of Cthulhu,"['Plantera', 'Skeletron Prime', 'The Destroyer']"
multiple,easy,Sports,What team did England beat to win in the 1966 World Cup final?,West Germany,"['Soviet Union', 'Portugal', 'Brazil']"
multiple,easy,Science: Computers,How many kilobytes in one gigabyte (in decimal)?,1000000,"['1024', '1000', '1048576']"
multiple,medium,Entertainment: Comics,Who created Ultron of Earth-616?,Henry Pym,"['Amadeus Cho', 'Tony Stark', 'Reed Richards']"
multiple,medium,General Knowledge,What alcoholic drink is mainly made from juniper berries?,Gin,"['Vodka', 'Rum', 'Tequila']"
boolean,easy,Entertainment: Board Games,The Angry Video Game Nerd&#039;s alter ego is &quot;Board James&quot;.,True,['False']
multiple,hard,Science &amp; Nature,What is the molecular formula of Ozone?,O3,"['C6H2O6', 'N2O', 'SO4']"
multiple,easy,Entertainment: Japanese Anime &amp; Manga,"In Digimon, what is the Japanese name for the final evolutionary stage?",Ultimate,"['Mega', 'Adult', 'Champion']"
multiple,easy,Entertainment: Video Games,What is the first Sony PlayStation console that runs on CD?,PS,"['PS2', 'PS3', 'PS4']"
multiple,hard,Entertainment: Music,What is Pink Floyd&#039;s first album?,The Piper at the Gates of Dawn,"['The Dark Side of the Moon', 'Wish You Were Here', 'Meddle']"
multiple,hard,Entertainment: Video Games,What is the homeworld of the Elites from Halo?,Sanghelios,"['Te', 'Doisac', 'Eayn']"
multiple,easy,Science &amp; Nature,What is the largest planet in the Solar System?,Jupiter,"['Saturn', 'Earth', 'Mars']"
multiple,easy,Science: Mathematics,How many sides does a pentagon have?,5,"['9', '6', '4']"
multiple,easy,Entertainment: Video Games,How many obsidian blocks are required to build a nether portal in Minecraft?,10,"['14', '13', '16']"
multiple,medium,Geography,What mountain range lines the border between Spain and France?,Pyrenees,"['Alps', 'Carpathians', 'Urals']"
multiple,easy,Entertainment: Video Games,"In &quot;Rainbow Six: Siege&quot;, which of the following operators cannot breach reinforced walls?",Buck,"['Thermite', 'Hibana', 'Maverick']"
multiple,easy,Sports,Who won the 2016 Formula 1 World Driver&#039;s Championship?,Nico Rosberg,"['Lewis Hamilton', 'Max Verstappen', 'Kimi Raikkonen']"
boolean,hard,Entertainment: Video Games,McCree from Overwatch originally started as a character that was going to appear in a scrapped Starcraft game.,True,['False']
multiple,medium,Entertainment: Video Games,What is the name the location-based augmented reality game developed by Niantic before Pok&eacute;mon GO?,Ingress,"['Aggress', 'Regress', 'Digress']"
multiple,medium,Science: Computers,Which operating system was released first?,Mac OS,"['Windows', 'Linux', 'OS/2']"
multiple,medium,Entertainment: Japanese Anime &amp; Manga,In the anime &quot;Gintama&quot; which accessory/article of clothing is the character Shinpachi commonly referred to as?,Glasses,"['Nose Ring', 'T-Shirt', 'Underwear']"
multiple,medium,Entertainment: Video Games,What is the full name of the protagonist from the indie adventure game &quot;Night in the Woods&quot;?,Margaret Borowski,"['Marlena Woborski', 'Milena Catharina', 'Katia Managan']"
multiple,hard,Entertainment: Video Games,"In the title of the game &quot;Luigi&#039;s Mansion&quot;, what is the only letter to not appear with a pair of eyes in it?",s,"['n', 'i', 'm']"
multiple,medium,History,Which of the following Presidents of the United States was assassinated?,William McKinley,"['Lyndon Johnson', 'Chester Arthur', 'Franklin Roosevelt']"
multiple,medium,Geography,How many timezones does Russia have?,11,"['6', '24', '16']"
multiple,hard,Entertainment: Film,What was the wifi password given to Stephen Strange in Doctor Strange?,Shambala,"['Peace', 'Ancient', 'Chakra']"
multiple,medium,Entertainment: Comics,Who was the first American Vampire (Scott Snyder&#039;s American Vampire)?,Skinner Sweet,"['Hattie Hargrove', 'Pearl Jones', 'James &quot;Jim&quot; Book']"
multiple,medium,General Knowledge,What is a &quot;dakimakura&quot;?,A body pillow,"['A Chinese meal, essentially composed of fish', 'A yoga posture', 'A word used to describe two people who truly love each other']"
multiple,hard,Science &amp; Nature,How much radiation does a banana emit?,0.1 Microsievert,"['0.3 Microsievert', '0.5 Microsievert', '0.7 Microsievert']"
multiple,hard,Entertainment: Video Games,"In the SHMUP series, &quot;Darius&quot;, what is the name of the antagonist faction you fight against?",Belsar,"['Bacterion', 'Bydo', 'Orn Empire']"
multiple,medium,Entertainment: Video Games,How many Wii consoles were sold worldwide?,"101,630,000","['67,000,000', '148,000,000', '80,000,000']"
boolean,medium,General Knowledge,The French word to travel is &quot;Travail&quot;,False,['True']
multiple,medium,History,"On which day did construction start on &quot;The Pentagon&quot;, the headquarters for the United States Department of Defense?","September 11, 1941","['June 15, 1947', 'January 15, 1943', 'September 2, 1962']"
multiple,medium,Science &amp; Nature,Which chemical element has the lowest boiling point?,Helium,"['Hydrogen', 'Neon', 'Nitrogen']"
multiple,medium,Entertainment: Television,"In &quot;Star Trek&quot;, what is the Ferengi&#039;s First Rule of Acquisition?","Once you have their money, you never give it back. ","['Never place friendship above profit', 'Greed is Eternal', 'Never allow family to stand in the way of opportunity']"
multiple,easy,Entertainment: Video Games,Who&#039;s the voice actor for Thrall in the Warcraft game series?,Chris Metzen,"['Ben Affleck', 'Jason Derulo', 'Jim Carrey']"
multiple,hard,Entertainment: Music,"In the metal band Slipknot, there are 9 members, which member labelled themselves number 6? ",Shawn Crahan (Clown),"['Sid Wilson', 'Cory Taylor', 'Mick Thomson']"
multiple,medium,Geography,"The towns of Brugelette, Arlon and Ath are located in which country?",Belgium,"['Andorra', 'France', 'Luxembourg']"
multiple,medium,Entertainment: Video Games,How old is Chloe Price in Life is Strange: Before the Storm?,16,"['24', '19', '15']"
multiple,hard,Geography,"What is the county seat of King County, Washington?",Seattle,"['Bellevue', 'Enumclaw', 'Skykomish']"
multiple,medium,Science &amp; Nature,What is the lowest layer of the Earth&#039;s atmosphere named?,Troposphere,"['Stratosphere', 'Mesosphere', 'Thermosphere']"
multiple,easy,Entertainment: Video Games,Which psychopath(s) in Dead Rising 1 gave you the small chainsaw?,Adam the Clown,"['Cliff Hudson', 'The convicts', 'Larry the butcher']"
boolean,easy,Entertainment: Video Games,"In the Monster Hunter Series, G-Rank is the highest possible prestige a Hunter can recieve.",True,['False']
multiple,medium,Entertainment: Video Games,Which of the following Copy Abilities was only featured in &quot;Kirby &amp; The Amazing Mirror&quot;?,Mini,"['Magic', 'Smash', 'Missile']"
multiple,easy,Entertainment: Cartoon &amp; Animations,Which of these cartoons had a character named Heinz Doofenshmirtz?,Phineas &amp; Ferb,"['Ren &amp; Stimpy', 'Ben 10', 'Batman: The Animated Series']"
multiple,medium,Entertainment: Television,Baron Silas Greenback is the arch nemesis of which cartoon hero?,Danger Mouse,"['Bananaman', 'SuperTed', 'Captain Star']"
multiple,easy,Geography,The longest shared border in the world can be found between which two nations?,Canada and the United States,"['Chile and Argentina', 'Russia and China', 'India and Pakistan']"
multiple,easy,History,Who was the Prime Minister of Japan when Japan declared war on the US?,Hideki Tojo,"['Michinomiya Hirohito', 'Isoroku Yamamoto', 'Fumimaro Konoe']"
multiple,easy,General Knowledge,What word represents the letter &#039;T&#039; in the NATO phonetic alphabet?,Tango,"['Target', 'Taxi', 'Turkey']"
multiple,hard,Entertainment: Video Games,"In Rainbow 6 Siege, what is Ela and Zofia&#039;s last name?",Bosak,"['Kessikbayev', 'Zenaviev', 'Melnikova']"
multiple,medium,Entertainment: Video Games,"In &quot;Call Of Duty: Zombies&quot;, which map features the &quot;Fly Trap&quot; easter egg?",Der Riese,"['Tranzit', 'Call Of The Dead', 'Shi No Numa']"
multiple,easy,Entertainment: Video Games,Which game did NOT get financed via Crowdfunding?,Enter the Gungeon,"['Town of Salem', 'Undertale', 'Tower Unite']"
multiple,medium,General Knowledge,What year was Apple Inc. founded?,1976,"['1978', '1980', '1974']"
multiple,easy,General Knowledge,Who is depicted on the US hundred dollar bill?,Benjamin Franklin,"['George Washington', 'Abraham Lincoln', 'Thomas Jefferson']"
boolean,easy,Entertainment: Video Games,The game &quot;Jetpack Joyride&quot; was created by &quot;Redbrick Studios&quot;.,False,['True']
multiple,medium,Entertainment: Video Games,In Kingdom Hearts which of the following people can NOT wield a keyblade?,Larxene,"['Xehanort', 'Lea', 'Mickey']"
multiple,easy,Science: Computers,What is the most preferred image format used for logos in the Wikimedia database?,.svg,"['.png', '.jpeg', '.gif']"
multiple,easy,Geography,Which of these African regions does *not* directly border the Democratic Republic of The Congo?,Sudan,"['Central African Republic', 'Tanzania', 'Zambia']"
multiple,hard,Sports,Which year was the third Super Bowl held?,1969,"['1968', '1971', '1970']"
boolean,medium,Geography,"The title of the 1969 film &quot;Krakatoa, East_of Java&quot; is incorrect, as Krakatoa is in fact west of Java.",True,['False']
multiple,medium,History,America&#039;s Strategic Defense System during the Cold War was nicknamed after this famous movie.,Star Wars,"['Jaws', 'Blade Runner', 'Alien']"
multiple,medium,General Knowledge,Where does water from Poland Spring water bottles come from?,"Maine, United States","['Hesse, Germany', 'Masovia, Poland', 'Bavaria, Poland']"
multiple,medium,Entertainment: Video Games,What numbers did Sayaka Maizono write on the wall in Dangan Ronpa Trigger Happy Havoc?,11037,"['4, 8, 15, 16, 23, 42', '55730', '3, 9, 11, 12, 15, 17,']"
multiple,medium,Science: Mathematics,What are the first 6 digits of the number &quot;Pi&quot;?,3.14159,"['3.14169', '3.12423', '3.25812']"
multiple,medium,Entertainment: Comics,"In the comics, which Sonic character took command of the Dark Legion after Luger&#039;s assassination?",Lien-Da,"['Kragok', 'Dimitri', 'Remington']"
multiple,easy,Sports,Who won the premier league title in the 2015-2016 season following a fairy tale run?,Leicester City,"['Tottenham Hotspur', 'Watford', 'Stoke City']"
multiple,medium,Entertainment: Music,Which genre of Hip Hop does MC Frontalot rap?,Nerdcore,"['Horrorcore', 'Christian', 'Crunk']"
multiple,medium,History,The crown of the Empire State Building was originally built for what purpose?,Airship Dock,"['Lightning Rod', 'Antennae', 'Flag Pole']"
multiple,medium,Art,"In &quot;Last Supper&quot; by Leonardo Da Vinci, what two colors were the robes worn by Jesus?",Red and Blue,"['Red and White', 'Red and Yellow', 'Red and Black']"
multiple,medium,Entertainment: Video Games,In what year did Microsoft release the original Xbox console in North America?,2001,"['1998', '2003', '1996']"
multiple,hard,General Knowledge,What year was Queen Elizabeth II born?,1926,"['1923', '1929', '1930']"
multiple,hard,Politics,Which US state was the first to allow women to vote in 1869?,Wyoming,"['California', 'Delaware', 'Virginia']"
boolean,easy,Entertainment: Film,Shaquille O&#039;Neal appeared in the 1997 film &quot;Space Jam&quot;.,False,['True']
multiple,medium,Entertainment: Video Games,"In &quot;Kingdom Hearts&quot;, what mission are Donald and Goofy assigned by King Mickey?",To find the Key bearer and stick with him!,"['To find the Key bearer and steal the key!', 'To find the Key bearer and report back!', 'To find the Key bearer and kill him!']"
multiple,medium,General Knowledge,In which country was the 1992 Summer Olympics Games held?,Spain,"['Russia', 'Korea', 'USA']"
multiple,medium,History,Who was Hannibal?,Carthaginian general,"['British serial killer', 'French explorer', 'Greek philosopher']"
multiple,medium,Entertainment: Board Games,Europa Universalis is a strategy video game based on which French board game?,Europa Universalis,"['Europe and the Universe', 'Europa!', 'Power in Europe']"
boolean,easy,Science: Computers,Time on Computers is measured via the EPOX System.,False,['True']
multiple,easy,Vehicles,How many wheels does a unicycle have?,1,"['4', '3', '6']"
multiple,easy,Entertainment: Video Games,In the Yakuza series who is the Dragon of Dojima?,Kazuma Kiryu,"['Sohei Dojima', 'Ryuji Goda', 'Haruka Sawamura']"
boolean,easy,Entertainment: Video Games,"Ana was added as a new hero for the game Overwatch on July 19th, 2016.",True,['False']
multiple,hard,Entertainment: Video Games,"Which is the model number of the common laser rifle found in Fallout 3, Fallout: New Vegas, and Fallout 4?",AER9,"['AER10', 'AER12', 'AER14']"
multiple,easy,Entertainment: Music,Kanye West&#039;s &quot;Gold Digger&quot; featured which Oscar-winning actor?,Jamie Foxx,"['Alec Baldwin', 'Dwayne Johnson', ' Bruce Willis']"
multiple,hard,Animals,What is the scientific name of the cheetah?,Acinonyx jubatus,"['Panthera onca', 'Lynx rufus', 'Felis catus']"
boolean,medium,Science: Computers,A Boolean value of &quot;0&quot; represents which of these words?,False,['True']
multiple,easy,Entertainment: Books,Which famous book is sub-titled &#039;The Modern Prometheus&#039;?,Frankenstein,"['Dracula', 'The Strange Case of Dr. Jekyll and Mr. Hyde ', 'The Legend of Sleepy Hollow']"
multiple,medium,History,The Spitfire L.F. Mk IX had what engine?,Merlin 66,"['Griffon 65', 'Merlin 50', 'Merlin X']"
multiple,hard,Entertainment: Video Games,How many total monsters appear in Monster Hunter Generations?,105,"['100', '98', '73']"
multiple,medium,History,Which British monarch was also known as &quot;William of Orange&quot;?,William III,"['William I', 'William II', 'William IV']"
boolean,medium,General Knowledge,"The bikini is named after the &quot;Bikini Atoll&quot;, an island where the United States conducted tests on atomic bombs.",True,['False']
multiple,medium,Art,What were Marcel Duchamp&#039;s readymades?,utilitarian objects elevated to the status of art,"['a series focused on color and light as opposed to line and shape', 'paintings with a barely visible outlined square', 'a group of identical steel boxes jutting from the wall ']"
multiple,easy,General Knowledge,In which cardinal direction does the Sun rise from?,East,"['West', 'North', 'South']"
multiple,hard,Entertainment: Film,Who Voices the Devil on Devil&#039;s Flight in Final Destination 3?,Tony Todd,"['Wendy Christensen', 'Ian McKinley', 'Kevin Fischer']"
multiple,hard,Science &amp; Nature,The &#039;Islets of Langerhans&#039; is found in which human organ?,Pancreas,"['Kidney', 'Liver', 'Brain']"
boolean,medium,Science: Computers,"There is only 1 root name server, among 13 in total, that is currently located in Asia.",True,['False']
multiple,medium,Entertainment: Video Games,"In Terraria, which of the following items does the Martian Saucer mini-boss NOT drop?",Drill Containment Unit,"['Anti-Gravity Hook', 'Influx Waver', 'Cosmic Car Key']"
multiple,easy,Entertainment: Film,Who played Deputy Marshal Samuel Gerard in the 1993 film &quot;The Fugitive&quot;?,Tommy Lee Jones,"['Harrison Ford', 'Harvey Keitel', 'Martin Landau']"
multiple,hard,Entertainment: Television,Who was the winner of &quot;Big Brother&quot; Season 10?,Dan Gheesling,"['Bryce Kranyik', 'Ryan Sutfin', 'Chris Mundorf']"
multiple,medium,Entertainment: Music,For which civil rights activist did Stevie Wonder write the song &#039;Happy Birthday&#039; in 1980?,Martin Luther King Jr,"['Rosa Parks', 'Nelson Mandella', 'Booker T. Washington']"
multiple,medium,Celebrities,Which of these celebrities was not a member of the Jackson 5?,Bo Jackson,"['Tito Jackson', 'Jermaine Jackson', 'Marlon Jackson']"
multiple,hard,Entertainment: Video Games,"In the &quot;Devil May Cry&quot; franchise, which game is chronologically first?",Devil May Cry 3: Dante&#039;s Awakening ,"['Devil May Cry 4', 'Devil May Cry', 'Devil May Cry 2']"
multiple,hard,Animals,Which of the following is another name for the &quot;Poecilotheria Metallica Tarantula&quot;?,Gooty,"['Hopper', 'Silver Stripe', 'Woebegone']"
boolean,medium,History,The Panama Canal was opened to traffic within 30 days of the beginning of World War I.,True,['False']
multiple,hard,Geography,How many countries border Kyrgyzstan?,4,"['3', '1', '6']"
multiple,easy,General Knowledge,Which of the following is not an Ivy League University?,Stanford,"['University of Pennsylvania', 'Harvard', 'Princeton']"
boolean,easy,Entertainment: Video Games,"In the video game &quot;Splatoon&quot;, the playable characters were originally going to be rabbits instead of squids.",True,['False']
multiple,hard,Science &amp; Nature,Autosomal-dominant Compelling Helio-Ophthalmic Outburst syndrome is the need to do what when seeing the Sun?,Sneeze,"['Cough', 'Yawn', 'Hiccup']"
boolean,easy,Entertainment: Books,&quot;Green Eggs and Ham&quot; consists of only 50 different words.,True,['False']
multiple,easy,Entertainment: Music,Which of the following is not a studio album by the band Pink Floyd?,Moving Pictures,"['The Dark Side of the Moon', 'Wish You Were Here', 'Animals']"
multiple,easy,Entertainment: Video Games,Which company did Gabe Newell work at before founding Valve Corporation?,Microsoft,"['Apple', 'Google', 'Yahoo']"
boolean,medium,Science &amp; Nature,Hippopotomonstrosesquippedaliophobia is the irrational fear of long words.,True,['False']
multiple,medium,Entertainment: Video Games,Which one of these games came out first?,Terraria,"['Minecraft', 'Starbound', 'Factorio']"
multiple,hard,Entertainment: Music,Which iconic album cover features the pulsar waves of CP 1919 placed in the center of the cover?,Unknown Pleasures,"['The Dark Side of the Moon', 'London Calling', 'The Velvet Underground &amp; Nico']"
multiple,easy,Entertainment: Board Games,"In a standard game of Monopoly, what colour are the two cheapest properties?",Brown,"['Green', 'Yellow', 'Blue']"
multiple,easy,Entertainment: Cartoon &amp; Animations,Which of these characters from &quot;SpongeBob SquarePants&quot; is not a squid?,Gary,"['Orvillie', 'Squidward', 'Squidette']"
multiple,hard,Entertainment: Film,"In Youtuber Jerma985&#039;s 2014 film &quot;Rat Movie: Mystery of the Mayan Treasure,&quot; who is the man who tries to steal the Mayan Treasure?",Dick Dastardly Richards,"['Gabe &quot;The Glue Man&quot; Degrossi', 'Bootleg Duck Dynasty Byeah Batman', 'Demon Lord Zeraxos']"
multiple,easy,General Knowledge,"Virgin Trains, Virgin Atlantic and Virgin Racing, are all companies owned by which famous entrepreneur?   ",Richard Branson,"['Alan Sugar', 'Donald Trump', 'Bill Gates']"
multiple,hard,Entertainment: Music,Which Death Grips album is the only one to feature a band member?,No Love Deep Web,"['Bottomless Pit', 'The Money Store', 'The Powers That B']"
multiple,hard,Entertainment: Books,"In the book series &quot;Odd Thomas&quot;, Danny Jessup has what genetic disease? ", Osteogenesis Imperfecta,"['Spinocerebellar ataxia', 'Adrenoleukodystrophy', 'Cystic Fibrosis']"
multiple,hard,General Knowledge,The word &quot;astasia&quot; means which of the following?,The inability to stand up,"['The inability to make decisions', 'The inability to concentrate on anything', 'A feverish desire to rip one&#039;s clothes off']"
boolean,easy,Entertainment: Film,The 2010 film &quot;The Social Network&quot; is a biographical drama film about MySpace founder Tom Anderson.,False,['True']
multiple,easy,Entertainment: Video Games,"In the game Nuclear Throne, which character starts with the least HP?",Melting,"['Crystal', 'Rebel', 'Yung Venuz (Y.V.)']"
multiple,easy,Geography,What is Canada&#039;s smallest province?,Prince Edward Island,"['New Brunswick', 'Nova Scotia', 'Yukon']"
multiple,medium,Entertainment: Video Games,In what year were achivements added to Steam?,2007,"['2008', '2009', '2006']"
multiple,medium,Entertainment: Video Games,Which one of these is NOT a character in the video game Overwatch,Garen,"['Reaper', 'Hana Song', 'Tracer']"
multiple,medium,Science: Computers,What does the acronym CDN stand for in terms of networking?,Content Delivery Network,"['Content Distribution Network', 'Computational Data Network', 'Compressed Data Network']"
boolean,easy,Entertainment: Japanese Anime &amp; Manga,Studio Ghibli is a Japanese animation studio responsible for the films &quot;Wolf Children&quot; and &quot;The Boy and the Beast&quot;.,False,['True']
multiple,medium,History,"During the Mongolian invasions of Japan, what were the Mongol boats mostly stopped by?",Typhoons,"['Tornados', 'Economic depression', 'Samurai']"
multiple,hard,Entertainment: Cartoon &amp; Animations,Who played Stan&#039;s dog in the South Park episode &quot;Big Gay Al&#039;s Big Gay Boat Ride&quot;?,George Clooney,"['Jay Leno', 'Matt Stone', 'Robert Smith']"
boolean,medium,Science: Mathematics,"111,111,111 x 111,111,111 = 12,345,678,987,654,321",True,['False']
multiple,hard,History,What year was the United States Declaration of Independence signed?,1776,"['1775', '1774', '1777']"
boolean,easy,History,Vikings were the first Europeans to discover North America.,True,['False']
boolean,medium,Politics,Taiwan officially calls itself &quot;the Republic of China&quot;.,True,['False']
multiple,medium,Entertainment: Video Games,"In the Portal series of games, who was the founder of Aperture Science?",Cave Johnson,"['GLaDOs', 'Wallace Breen', 'Gordon Freeman']"
multiple,hard,Entertainment: Television,What was the date of original airing of the pilot episode of My Little Pony: Friendship is Magic?,"October 10th, 2010","['November 6th, 2010', 'April 14th, 1984', 'May 18th, 2015']"
multiple,medium,Entertainment: Television,Who was the first Big Brother US winner to win with a perfect game?,Dan Gheesling,"['Ian Terry', 'Jordan Lloyd', 'Rachael Reilly']"
multiple,medium,Entertainment: Film,What is the name of the dog that played Toto in the 1939 film &quot;The Wizard of Oz&quot;?,Terry,"['Tommy', 'Teddy', 'Toto']"
multiple,hard,History,"During World War I, which nation&#039;s monarchs were blood related?","England, Germany, Russia","['France, Russia, Germany', 'Serbia, Russia, Croatia', 'Germany, Spain, Austria']"
multiple,easy,Science &amp; Nature,71% of the Earth&#039;s surface is made up of,Water,"['Deserts', 'Continents', 'Forests']"
multiple,medium,Science: Computers,The teapot often seen in many 3D modeling applications is called what?,Utah Teapot,"['Pixar Teapot', '3D Teapot', 'Tennessee Teapot']"
multiple,easy,General Knowledge,The Quran is the holy book of which Abrahamic religion?,Islam,"['Christianity', 'Judaism', 'Rastafarianism']"
boolean,medium,Art,Vincent van Gogh cut off one of his ears.,True,['False']
multiple,medium,Science &amp; Nature,"Which planet did the &quot;Viking 1&quot; spacecraft send surface images of, starting in 1976?",Mars,"['Saturn', 'Jupiter', 'Venus']"
multiple,medium,Entertainment: Music,Which song in Drake&#039;s &quot;Views&quot; features Future?,Grammys,"['Too Good', 'Faithful', 'Pop Style']"
multiple,hard,Entertainment: Film,Which was the first of Alfred Hitchcock&#039;s movies to be filmed in colour?,Rope,"['Psycho', 'Vertigo', 'Rebecca']"
multiple,easy,Entertainment: Television,"In Two and a Half Men, what is Alan Harper&#039;s son&#039;s name?",Jake,"['John', 'Jeremy', 'James']"
boolean,easy,Science: Computers,The logo for Snapchat is a Bell.,False,['True']
boolean,medium,Entertainment: Japanese Anime &amp; Manga,"In &quot;To Love-Ru: Darkness&quot;, Yami reveals her real name is Eve.",True,['False']
multiple,easy,Geography,Which of the following former Yugoslavian states is landlocked?,Serbia,"['Bosnia and Herzegovina', 'Montenegro', 'Croatia']"
multiple,easy,General Knowledge,The buried remains of which English explorer of Australia were found in London  in January 2019? ,Matthew Flinders,"['William Bourke', 'Abel Tasman', 'Dirk Hartog']"
multiple,easy,Science &amp; Nature,The element involved in making human blood red is which of the following?,Iron,"['Copper', 'Iridium', 'Cobalt']"
multiple,medium,Science &amp; Nature,Which chemical element was originally known as Alabamine?,Astatine,"['Selenium', 'Antimony', 'Molybdenum']"
multiple,easy,Entertainment: Books,How many Harry Potter books are there?,7,"['8', '5', '6']"
multiple,easy,History,"According to legend, the ancient Greeks constructed a huge wooden model of which animal to gain entrance to Troy?",Horse,"['Goat', 'Elephant', 'Wolf']"
multiple,medium,Geography,What is the state capital of South Dakota?,Pierre,"['Sioux Falls', 'Rapid City', 'Watertown']"
multiple,easy,Science &amp; Nature,What is the atomic mass of Carbon?,12,"['14', '16', '10']"
multiple,medium,Entertainment: Musicals &amp; Theatres,In which Shakespearean play will you find the suicide of Ophelia?,Hamlet,"['Macbeth', 'Othello', 'King Lear']"
multiple,easy,Entertainment: Film,Which actress danced the twist with John Travolta in &#039;Pulp Fiction&#039;?,Uma Thurman,"['Kathy Griffin', 'Pam Grier', 'Bridget Fonda']"
multiple,medium,Entertainment: Music,"Which band had hits in 1975 with the songs, &#039;One Of These Nights&#039; &amp; &#039;Lyin Eyes&#039;?",The Eagles,"['Fools Gold', 'The Doobie Brothers', 'Fleetwood Mac']"
multiple,medium,Geography,Where is the world&#039;s oldest still operational space launch facility located?,Kazakhstan,"['Russia', 'Iran', 'United States']"
boolean,easy,Geography,"There is an island in Japan called Ōkunoshima, A.K.A. &quot;Rabbit Island&quot;, so named because of it&#039;s huge population of rabbits.",True,['False']
multiple,hard,Geography,Which is the largest freshwater lake in the world?,Lake Superior ,"['Caspian Sea', 'Lake Michigan', 'Lake Huron']"
multiple,easy,General Knowledge,What does VR stand for?,Virtual Reality,"['Very Real', 'Visual Recognition', 'Voice Recognition']"
multiple,medium,Entertainment: Music,Who recorded the album called &quot;Down to the Moon&quot; in 1986?,Andreas Vollenweider,"['Jean-Michel Jarre', 'Bing Crosby', 'Enya']"
boolean,easy,Entertainment: Japanese Anime &amp; Manga,The anime &quot;Lucky Star&quot; follows the story of one girl who is unaware she is God.,False,['True']
multiple,medium,Entertainment: Television,"In the television show &quot;Lazy Town&quot;, who is the actor of Robbie Rotten?",Stef&aacute;n Stef&aacute;nsson,"['Adam Sandler', 'Magn&uacute;s Scheving', 'Stephen Carl']"
boolean,medium,History,Canada was ceded to Britain under the terms of the 1763 Treaty of Paris.,True,['False']
multiple,easy,Entertainment: Music,"Swedish DJ Tim Bergling, who produced songs such as &quot;Levels&quot; and &quot;Wake Me Up&quot;, is better known under what alias?",Avicii,"['deadmau5', 'Alesso', 'Skrillex']"
multiple,easy,Science &amp; Nature,What is the speed of light in a vacuum?,"299,792,458 m/s","['50,461 m/s', '308,215,043 m/s', '751,665,014,151 m/s']"
multiple,medium,Mythology,The Norse god Odin has two pet crows named &quot;Huginn&quot; and &quot;Muninn&quot;.  What do their names mean?,Thought &amp; Memory,"['Power &amp; Peace', 'War &amp; Learning', 'Sleeping &amp; Waking']"
multiple,easy,Entertainment: Video Games,"In Dota 2, Wraith King was previously known as...",Skeleton King,"['Reaper King', 'Skull King', 'Hell King']"
multiple,hard,Entertainment: Video Games,When was the first Call of Duty title released?,"October 29, 2003","['December 1, 2003', 'November 14, 2002', 'July 18, 2004']"
boolean,easy,Entertainment: Video Games,"In &quot;Super Mario 64&quot;, collecting 100 coins on a level will give you a 1-UP.",False,['True']
multiple,easy,Entertainment: Video Games,In what city in the dystopia alternate future of Half-Life 2 do you first start in?,City 17,"['City 18', 'City 6', 'City 45']"
multiple,medium,History,Which Nation did NOT have a Colony in modern-day North America?,Portugal,"['Spain', 'Sweden', 'Netherlands']"
multiple,easy,Art,Who sculpted the statue of David?,Michelangelo,"['Gian Lorenzo Bernini', 'Auguste Rodin', 'Donatello']"
multiple,medium,Entertainment: Film,Which of the following films was NOT directed by Quentin Tarantino?,From Dusk till Dawn,"['Jackie Brown', 'Pulp Fiction', 'Reservoir Dogs']"
multiple,medium,Science &amp; Nature,Which of these is NOT a part of the structure of a typical neuron?,Islets of Langerhans,"['Node of Ranvier', 'Schwann cell', 'Myelin sheath']"
multiple,easy,Entertainment: Video Games,Who is the main character in Metal Gear Rising: Revengeance?,Raiden,"['Solid Snake', 'Otacon', 'Revolver Ocelot']"
multiple,medium,Entertainment: Video Games,"In the &quot;Ace Attorney&quot; series, what is the relationship between Apollo Justice and Trucy Wright?",They&#039;re half-siblings,"['They&#039;re co-workers', 'They&#039;re friends', 'They&#039;re both attorneys']"
multiple,medium,History,Adolf Hitler was born on which date?,"April 20, 1889","['June 12, 1889', 'February 6, 1889', 'April 16, 1889']"
multiple,easy,Entertainment: Video Games,Which of the following games was NOT included in Valve&#039;s &quot;The Orange Box&quot;?,Left 4 Dead,"['Half-Life 2: Episode Two', 'Portal', 'Team Fortress 2']"
multiple,medium,Science: Computers,What is the main CPU is the Sega Mega Drive / Sega Genesis?,Motorola 68000,"['Zilog Z80', 'Yamaha YM2612', 'Intel 8088']"
multiple,hard,Entertainment: Video Games,Which character from the Mega Man series made a small cameo on Volt Catfish&#039;s introduction scene in CD versions of Mega Man X3?,Auto,"['Eddie', 'Tango', 'Rush']"
multiple,easy,Entertainment: Books,What is the name of Sherlock Holmes&#039;s brother?,Mycroft Holmes,"['Mederi Holmes', 'Martin Holmes', 'Herbie Hancock Holmes']"
multiple,medium,History,Under which name was Rodrigo Borgia made Pope?,Alexander VI,"['Rodrigo I', 'John Paul II', 'Pius VII']"
boolean,easy,Entertainment: Video Games,"In &quot;Mario Kart 64&quot;, Waluigi is a playable character.",False,['True']
multiple,hard,Science &amp; Nature,What is the scientific name of the red fox?,Vulpes Vulpes,"['Vulpes Redus', 'Red Fox', 'Vulpes Vulpie']"
multiple,medium,Entertainment: Music,Which Beatle wrote and sang the song &quot;Why Don&#039;t We Do It in the Road&quot; after being inspired by seeing two monkeys copulating in the street?,Paul,"['John', 'George', 'Ringo']"
multiple,easy,Entertainment: Video Games,What year was the game Dishonored released?,2012,"['2011', '2008', '2013']"
multiple,medium,Entertainment: Musicals &amp; Theatres,The Andrew Lloyd Webber musical &quot;Cats&quot; is based off a book of poems written by which author?,T.S. Elliot,"['Andrew Lloyd Webber', 'Emily Dickenson', 'Robert Frost']"
boolean,easy,Entertainment: Video Games,Watch_Dogs 2 is a prequel.,False,['True']
multiple,medium,Mythology,Hel was the daughter of which Norse Mythological figure?,Loki,"['Thor', 'Odin', 'Balder']"
multiple,medium,Entertainment: Video Games,In &quot;A Hat In Time&quot; who is the final boss?,Mustache Girl,"['Snatcher', 'Conductor', 'Mafia Boss']"
multiple,easy,History,On what street did the 1666 Great Fire of London start?,Pudding Lane,"['Baker Street', 'Houses of Parliament', 'St Paul&#039;s Cathedral']"
multiple,medium,Entertainment: Film,"What is the name of the Artificial Intelligence system in the 1983 film, &quot;WarGames&quot;?",War Operation Plan Response,"['Self Evolving Thought Helix', 'Master Control Program', 'West Campus Analog Computer']"
multiple,easy,Entertainment: Film,"In the movie &quot;Blade Runner&quot;, what is the term used for human-like androids ?",Replicants,"['Cylons', 'Synthetics', 'Skinjobs']"
multiple,easy,Entertainment: Television,"In the original Star Trek TV series, what was Captain James T. Kirk&#039;s middle name?",Tiberius,"['Trevor', 'Travis', 'Tyrone']"
boolean,medium,Entertainment: Video Games,Resident Evil 4 was originally meant to be a Nintendo GameCube exclusive.,True,['False']
multiple,hard,History,Which is the hull NO. of the Fletcher class destroyer Fletcher?,DD-445,"['DD-992', 'DD-444', 'DD-446']"
multiple,medium,Entertainment: Video Games,Which of the following colors does the Zombie eyes glow in the &quot;Nuketown&quot; map in &quot;Call of Duty: Black Ops II&quot; Zombies mode?,Yellow and Blue,"['Yellow and Red', 'Red and Blue', 'Blue and White']"
multiple,easy,Entertainment: Television,What TV show is about a grandfather dragging his grandson around on adventures?,Rick &amp; Morty,"['Family Guy', 'South Park', 'American Dad']"
multiple,medium,Entertainment: Comics,Who authored The Adventures of Tintin?,Herg&eacute;,"['E.P. Jacobs', 'Rin Tin Tin', 'Chic Young']"
multiple,medium,Entertainment: Music,"In the song &ldquo;The Ultimate Showdown of Ultimate Destiny,&rdquo; who is the only one to survive the battle?",Mr. Rogers,"['Batman', 'Chuck Norris', 'Godzilla']"
multiple,hard,Science: Computers,Dutch computer scientist Mark Overmars is known for creating which game development engine?,Game Maker,"['Stencyl', 'Construct', 'Torque 2D']"
multiple,easy,Entertainment: Video Games,Who is the main protagonist in Danganronpa 2: Goodbye Despair?,Hajime Hinata,"['Nagito Komaeda', 'Makoto Naegi', 'Junko Enoshima']"
multiple,medium,Entertainment: Japanese Anime &amp; Manga,"In &quot;Black Lagoon&quot;, what colour is Rock&#039;s tie?",Teal,"['Crimson', 'Dark Brown', 'Black']"
multiple,medium,Entertainment: Television,What is the name of the inspector in the series &quot;On the Buses&quot;?,Blakey,"['Harper', 'Naily', 'Gally']"
multiple,medium,Science: Computers,What was Bitcoin&#039;s block size limit in 2010?,1 MB,"['1GB', '1 KB', '1 TB']"
boolean,easy,Entertainment: Video Games,Tony Hawk&#039;s extreme sports videogames revolve around performing professional BMX tricks.,False,['True']
multiple,hard,Science: Computers,CMOS is tech used for constructing integrated circuits. What does CMOS stand for?,Complementary metal&ndash;oxide&ndash;semiconductor,"['Complementary magnetic-ohms-semiconductor', 'Computer-made operating system', 'Computer-made oscillating static']"
multiple,easy,Entertainment: Board Games,How many dots are on a single die?,21,"['24', '15', '18']"
multiple,medium,Entertainment: Video Games,Who published the 1998 video game Half-Life?,Sierra On-Line,"['Valve', 'Blizzard', 'EA']"
multiple,easy,Entertainment: Video Games,Which franchise does the creature &quot;Slowpoke&quot; originate from?,Pokemon,"['Dragon Ball', 'Sonic The Hedgehog', 'Yugioh']"
multiple,easy,Entertainment: Video Games,What is the default alias that Princess Garnet goes by in Final Fantasy IX?,Dagger,"['Dirk', 'Garnet', 'Quina']"
multiple,medium,General Knowledge,Which country has the most Trappist breweries?,Belgium,"['Netherlands', 'France', 'USA']"
multiple,hard,Entertainment: Video Games,"In World of Warcraft, which raid instance features a chess event?",Karazhan,"['Zul&#039;Aman', 'Blackwing Lair', 'Temple of Ahn&#039;Qiraj']"
multiple,easy,Entertainment: Japanese Anime &amp; Manga,"In &quot;Inuyasha&quot;, what are the heros are looking to collect?",Jewel Shards,"['Dragon Balls', 'Rave Stones', 'Sacred Stones']"
boolean,easy,Entertainment: Television,"In &quot;Doctor Who&quot;, the Doctor gets his TARDIS by stealing it.",True,['False']
multiple,easy,General Knowledge,How many syllables make up a haiku?,17,"['15', '10', '21']"
multiple,medium,Science &amp; Nature,How many hearts does an octopus have?,Three,"['One', 'Two', 'Four']"
multiple,hard,Entertainment: Japanese Anime &amp; Manga,Medaka Kurokami from &quot;Medaka Box&quot; has what abnormality?,The End,"['Perfection', 'Sandbox', 'Fairness']"
multiple,easy,Entertainment: Television,"In the television show Breaking Bad, what is the street name of Walter and Jesse&#039;s notorious product?",Blue Sky,"['Baby Blue', 'Rock Candy', 'Pure Glass']"
multiple,easy,Entertainment: Comics,What is the full first name of the babysitter in Calvin and Hobbes?,Rosalyn,"['Rose', 'Ruby', 'Rachel']"
multiple,hard,Science &amp; Nature,Where in the human body is the Pineal Gland located?,Brain,"['Groin', 'Chest', 'Throat']"
multiple,medium,Entertainment: Video Games,"The original mascot of the popular Nintendo game, &quot;Splatoon&quot; was going to be...",Mario,"['Inklings', 'Octolings', 'Zelda']"
multiple,easy,General Knowledge,Which of these holidays is NOT usually celebrated in the month of December?,Thanksgiving,"['Christmas', 'Kwanzaa', 'Hanukkah']"
multiple,medium,Entertainment: Music,What was the title of ABBA`s first UK hit single?,Waterloo,"['Mamma Mia', 'Fernando', 'Dancing Queen']"
multiple,easy,History,Which modern country is known as &quot;The Graveyard of Empires&quot;?,Afghanistan,"['China', 'Iraq', 'Russia']"
multiple,medium,Entertainment: Video Games,Who is the main protagonist of &quot;Ace Combat Zero: The Belkan War&quot;?,Cipher,"['Mobius 1', 'Blaze', 'Pixy']"
multiple,medium,Celebrities,Who is &quot;James Rolfe&quot; better known as?,The Angry Video Game Nerd,"['TotalBiscuit', 'PeanutButterGamer', 'PewDiePie']"
multiple,easy,Entertainment: Video Games,Who is the creator of Touhou project?,Zun,"['Jun', 'Twilight Frontier', 'Tasofro']"
multiple,hard,Entertainment: Board Games,What is the world&#039;s oldest board game?,Senet,"['Chess', 'Checkers', 'Go']"
multiple,medium,Entertainment: Video Games,Final Fantasy VI was originally released outside Japan under what name?,Final Fantasy III,"['Final Fantasy VI', 'Final Fantasy V', 'Final Fantasy II']"
multiple,easy,General Knowledge,Which sign of the zodiac comes between Virgo and Scorpio?,Libra,"['Gemini', 'Taurus', 'Capricorn']"
multiple,medium,Geography,What is the longest river in Europe?,Volga,"['Danube', 'Rhine', 'Thames']"
multiple,medium,Geography,Which of the following cities is the capital of Latvia?,Riga,"['Minsk', 'Tallinn', 'Vilnius']"
multiple,hard,Entertainment: Video Games,Which of these Pok&eacute;mon cannot learn Surf?,Arbok,"['Linoone', 'Tauros', 'Nidoking']"
boolean,easy,Science &amp; Nature,The Earth and the Moon roughly have the same mass.,False,['True']
multiple,medium,Entertainment: Music,"In 2015, David Hasselhof released a single called...",True Survivor,"['True Fighter', 'Real Kung-Fury', 'Real Warrior']"
multiple,medium,Entertainment: Video Games,Which of these is not the name of a city in the Grand Theft Auto series?,San Andreas,"['San Fierro', 'Las Venturas', 'Vice City']"
multiple,easy,Entertainment: Video Games,Who is the creator of the Super Smash Bros. Series?,Masahiro Sakurai,"['Reggie Fils-Aim&eacute;', 'Bill Trinen', 'Hideo Kojima']"
multiple,hard,Entertainment: Comics,"In the Homestuck Series, what is the alternate name for the Kingdom of Lights?",Prospit,"['No Name', 'Golden City', 'Yellow Moon']"
multiple,easy,Entertainment: Video Games,Which Pokemon generation did the fan-named &quot;Masuda Method&quot; first appear in? ,Diamond/Pearl,"['Ruby/Sapphire', 'Black/White', 'X/Y']"
boolean,hard,Science &amp; Nature,The chemical element Lithium is named after the country of Lithuania.,False,['True']
multiple,medium,History,What year did Australia become a federation?,1901,"['1910', '1899', '1911']"
multiple,medium,General Knowledge,Scotch whisky and Drambuie make up which cocktail?,Rusty Nail,"['Screwdriver', 'Sex on the Beach', 'Manhattan']"
multiple,medium,Science: Computers,.at is the top-level domain for what country?,Austria,"['Argentina', 'Australia', 'Angola']"
multiple,easy,Entertainment: Video Games,"In Minecraft, which two items must be combined to craft a torch?",Stick and Coal,"['Stick and Fire', 'Wood and Coal', 'Wood and Fire']"
multiple,medium,Entertainment: Music,&quot;The Day the Music Died&quot; was a tragic plane crash that killed three musicians in which decade?,50&#039;s,"['60&#039;s', '70&#039;s', '40&#039;s']"
multiple,medium,Celebrities,What caused Jake Lloyd who played Anakin Skywalker in The Phantom Menace to quit acting?,Bullying,"['Criminal Record', 'Nomination for Worst Actor', 'Racism']"
multiple,hard,Entertainment: Music,Which company did the animation for Peter Gabriel&#039;s Video Sledgehammer (1986)?,Aardman Animations,"['HIT Entertainment', 'Illumination Entertainment', 'VIZ Media']"
multiple,medium,Entertainment: Video Games,What is not a default game mode in Counter-Strike (2000)?,Arms Race,"['Hostage Rescue', 'Bomb Defusal', 'Assassination']"
multiple,easy,Geography,Which of these is NOT an Australian state or territory?,Alberta,"['New South Wales', 'Victoria', 'Queensland']"
multiple,medium,Entertainment: Television,"In &quot;Breaking Bad,&quot; which main character was planned to be killed in Season 1 but wasn&#039;t because the show creator liked the actor?",Jesse Pinkman,"['Saul Goodman', 'Gus Fring', 'Hank Schrader']"
boolean,easy,Entertainment: Television,"In &quot;Star Trek&quot;, Klingons are aliens.",True,['False']
multiple,easy,Geography,What is Laos?,Country,"['Region', 'River', 'City']"
multiple,easy,Entertainment: Musicals &amp; Theatres,Who wrote the play &#039;Angels in America&#039;?,Tony Kusher,"['Tom Stoppard', 'Matthew Lopez', 'Anthony Neilson']"
multiple,easy,Entertainment: Japanese Anime &amp; Manga,"In &quot;To Love-Ru&quot;, Ren and Run are from what planet?",Memorze,"['Deviluke', 'Mistletoe', 'Okiwana']"
multiple,medium,General Knowledge,&quot;Gum arabic&quot; is a natural gum consisting of the hardened sap of which tree species?,Acacia,"['Palm', 'Ficus', 'Eucalyptus']"
multiple,hard,Entertainment: Video Games,"In &quot;Call Of Duty: Zombies&quot;, &quot;Richtofen&quot; is in possession of two filled blood vials belonging to who?",Sal DeLuca and Finn O&#039;Leary,"['Richtofen', 'Al Arlington and Sal DeLuca', 'Jessica Rose and Jack Vincent']"
multiple,easy,General Knowledge,Gouda cheese is from which European country?,The Netherlands,"['Belgium', 'Germany', 'France']"
multiple,medium,Entertainment: Video Games,In &quot;Clash Royale&quot; what is Arena 4 called?,Spell Valley,"['Barbarian Bowl', 'P.E.K.K.A&#039;s Playhouse', 'Royal Arena']"
multiple,medium,Entertainment: Film,What is the name of the robot in the 1951 science fiction film classic &#039;The Day the Earth Stood Still&#039;?,Gort,"['Robby', 'Colossus', 'Box']"
multiple,easy,Entertainment: Music,"What band featured Sting, Stewart Copeland and Andy Summers?",The Police,"['Def Leppard', 'The Cure', 'Bon Jovi']"
multiple,hard,Entertainment: Video Games,Which achievement name is shared between Team Fortress 2 and Left 4 Dead 2?,"Rode Hard, Put Away Wet","['The Quick and the Dead', 'Cache Grab', 'F in Chemistry']"
multiple,medium,Entertainment: Music,Which of these is NOT the name of an album released by American rapper Viper?,The Life of Pablo,"['Kill Urself My Man', 'You&#039;ll Cowards Don&#039;t Even Smoke Crack', 'Yo Wife Handcuffin&#039; Me']"
multiple,medium,History,What is the oldest US state?,Delaware,"['Rhode Island', 'Maine', 'Virginia']"
multiple,medium,Entertainment: Video Games,"In the game &quot;Dead By Daylight,&quot; which character starts with the perk &quot;Bond&quot;.",Dwight Fairfield,"['Claudette Morell', 'Meg Thomas', 'Jake Park']"
multiple,medium,Science: Computers,Unix Time is defined as the number of seconds that have elapsed since when?,"Midnight, January 1, 1970","['Midnight, July 4, 1976', 'Midnight on the creator of Unix&#039;s birthday', 'Midnight, July 4, 1980']"
multiple,medium,Entertainment: Video Games,Which of the following games has the most playable characters?,Timesplitters: Future Perfect,"['Mortal Kombat: Armageddon', 'Marvel Vs. Capcom 2', 'Dragon Ball Z: Budokai Tenkaichi 3']"
multiple,easy,Science &amp; Nature,The human heart has how many chambers?,4,"['2', '6', '3']"
multiple,medium,Entertainment: Film,"In The Lord of the Rings: The Fellowship of the Ring, which one of the following characters from the book was left out of the film?",Tom Bombadil,"['Strider', 'Barliman Butterbur', 'Celeborn']"
boolean,hard,Politics,Nazi Germany surrendered on Harry Truman&#039;s birthday while he was president.,True,['False']
multiple,hard,Entertainment: Video Games,"Prior to his appearance in Super Smash Bros. Ultimate, What was King K. Rool&#039;s last appearance in any game?",Mario Super Sluggers,"['Donkey Kong 64', 'Donkey Kong Country 3', 'Donkey Kong: King Of Swing']"
boolean,medium,General Knowledge,The commercial UK channel ITV stands for &quot;International Television&quot;.,False,['True']
multiple,easy,Entertainment: Books,What is the name of the protagonist of J.D. Salinger&#039;s novel Catcher in the Rye?,Holden Caulfield,"['Fletcher Christian', 'Jay Gatsby', 'Randall Flagg']"
boolean,hard,History,The fourth funnel of the RMS Titanic was fake designed to make the ship look more powerful and symmetrical.,True,['False']
multiple,hard,Celebrities,"Which school in Surrey, England did Steve Backshall attend?",Collingwood College,"['Tomlinscote School', 'Kings International College', 'Lyndhurst School']"
multiple,medium,Entertainment: Japanese Anime &amp; Manga,"In JoJo&#039;s Bizarre Adventure, who says &quot;Yare yare daze&quot;?",Jotaro Kujo,"['Joseph Joestar', 'Jolyne Cujoh', 'Koichi Hirose']"
boolean,easy,History,Thomas Crapper was a plumber who invented the flushing toilet.,False,['True']
multiple,medium,Entertainment: Video Games,One of the early prototypes of the Sega Dreamcast controller resembled which of the following?,Television Remote,"['Tablet', 'Hairdryer', 'Flip Phone']"
multiple,medium,Entertainment: Video Games,"Excluding their instructor, how many members of Class VII are there in the game &quot;Legend of Heroes: Trails of Cold Steel&quot;?",9,"['6', '10', '3']"
multiple,medium,Entertainment: Film,Who plays &quot;Bruce Wayne&quot; in the 2008 movie &quot;The Dark Knight&quot;?,Christian Bale,"['Michael Caine', 'Ron Dean', 'Heath Ledger']"
multiple,medium,Sports,Josh Mansour is part of what NRL team?,Penrith Panthers,"['Melbourne Storm', 'Sydney Roosters', 'North Queensland Cowboys']"
multiple,medium,Entertainment: Television,In Game of Thrones what is the name of Jon Snow&#039;s sword?,Longclaw,"['Oathkeeper', 'Widow&#039;s Wail', 'Needle']"
multiple,medium,History,"In 1961, an American B-52 aircraft crashed and nearly detonated two 4mt nuclear bombs over which US city?","Goldsboro, North Carolina","['Hicksville, New York', 'Jacksonville, Florida', 'Conway, Arkansas']"
multiple,hard,Animals,How many known living species of hyenas are there?,4,"['8', '2', '6']"
multiple,easy,Entertainment: Music,Which Beatles album does NOT feature any of the band members on it&#039;s cover?,The Beatles (White Album),"['Rubber Soul', 'Abbey Road', 'Magical Mystery Tour']"
multiple,easy,Entertainment: Music,What is the name of Finnish DJ Darude&#039;s hit single released in October 1999?,Sandstorm,"['Dust Devil', 'Sirocco', 'Khamsin']"
multiple,easy,Entertainment: Japanese Anime &amp; Manga,What&#039;s the English Dub Name of &quot;Smile Precure&quot;?,Glitter Force,"['Sparkle Girls', 'Fairy Tale Patrol', 'Power Princesses']"
multiple,medium,Science &amp; Nature,Which of the following is the male pollen-producing reproductive part of a flower?,Stamen,"['Sepal', 'Pistil', 'Petal']"
multiple,medium,Science: Mathematics,"A mathematical constant, known as &quot;The Golden Ratio&quot;, is most commonly represented by which greek letter?",&Phi; (phi),"['&pi; (pi)', '&Psi; (psi)', '&Tau; (tau)']"
multiple,medium,History,Which of the following Assyrian kings did NOT rule during the Neo-Assyrian Empire?,Shamshi-Adad III,"['Shalmaneser V', 'Esharhaddon', 'Ashur-nasir-pal II']"
multiple,hard,Entertainment: Film,"What three movies, in order from release date, make up the &quot;Dollars Trilogy&quot;?","&quot;A Fistful of Dollars&quot;, &quot;For a Few Dollars More&quot;, &quot;The Good, the Bad, and the Ugly&quot;","['&quot;The Good, the Bad, and the Ugly&quot;, &quot;For A Few Dollars More&quot;, &quot;A Fistful of Dollars&quot;', '&quot;For a Few Dollars More&quot;, &quot;The Good, the Bad, and the Ugly&quot;, &quot;A Fistful of Dollars&quot;', '&quot;For a Few Dollars More&quot;, &quot;A Fistful of Dollars&quot;, &quot;The Good, the Bad, and the Ugly&quot;']"
multiple,medium,Entertainment: Japanese Anime &amp; Manga,"In the anime &quot;Mr. Osomatsu&quot;, how many brothers does Osomatsu-san have?",5,"['6', '7', '4']"
multiple,medium,Science: Mathematics,Which of the following dice is not a platonic solid?,10-sided die,"['12-sided die', '20-sided die', '8-sided die']"
multiple,medium,History,The fraudelent doctor John R. Brinkley acummulated great fame and wealth in the early 1900s offering what service?,Goat testicles transplant,"['Pig blood transfusion', 'Cow liver transplant', 'Turkey breast implants']"
multiple,hard,Entertainment: Video Games,Which car did not appear in the 2002 Lego Game: Drome Racers?,Wasp,"['Raptor', 'Hornet', 'Behemoth']"
multiple,easy,Entertainment: Music,How many studio albums have the duo Daft Punk released?,4,"['1', '5', '2']"
multiple,easy,General Knowledge,"What does the &#039;S&#039; stand for in the abbreviation SIM, as in SIM card? ",Subscriber,"['Single', 'Secure', 'Solid']"
multiple,hard,Entertainment: Books,"In the Magic: The Gathering universe, which plane does the Homelands expansion take place in?",Ulgrotha,"['Bant', 'Llanowar', 'Tazeem']"
multiple,medium,Science &amp; Nature,What is the medical term for low blood sugar?,Hypoglycemia,"['Hypothyroidism', 'Hypothermia', 'Hypoxia']"
boolean,easy,Science &amp; Nature,A plant that has a life cycle for more than a year is known as an annual.,False,['True']
multiple,medium,Entertainment: Video Games,"In Terraria, which of these items is NOT crafted at a Mythril Anvil?",Ankh Charm,"['Venom Staff', 'Sky Fracture', 'Orichalcum Tools']"
multiple,easy,Entertainment: Music,Which of these artists has Lil A collaborated with?,Lil Fortnite,"['Lil Pump', 'Boonk Gang', '6ix9ine']"
multiple,medium,Entertainment: Video Games,"In Minecraft: Java Edition, which of the following feature/block was added to Survival mode in Beta 1.3?",Beds,"['Hunger', 'The Nether', 'Grass']"
multiple,medium,Entertainment: Film,"According to the Star Wars lore, what is Han Solo&#039;s home planet?",Corellia,"['Tatooine', 'Naboo', 'Coruscant']"
multiple,medium,History,Which king was killed at the Battle of Bosworth Field in 1485? ,Richard III,"['Edward V', 'Henry VII', 'James I']"
multiple,hard,Entertainment: Film,What was the first movie to ever use a Wilhelm Scream?,Distant Drums,"['Treasure of the Sierra Madre', 'The Charge at Feather River', 'Indiana Jones']"
multiple,easy,Entertainment: Television,Which of these Bojack Horseman characters is a human?,Todd Chavez,"['Lennie Turtletaub', 'Princess Carolyn', 'Tom Jumbo-Grumbo']"
multiple,medium,Entertainment: Film,"The 1939 movie &quot;The Wizard of Oz&quot; contained a horse that changed color, what material did they use to achieve this effect?",Gelatin,"['Dye', 'Paint', 'CGI Effect']"
multiple,hard,Entertainment: Music,Which of these artists did NOT feature in the fitfh studio album &quot;Humanz&quot; by British virtual band Gorillaz?,Snoop Dogg,"['Vince Staples', 'Pusha T', 'Danny Brown']"
multiple,medium,History,"When Christopher Columbus sailed to America, what was the first region he arrived in?",The Bahamas Archipelago,"['Florida', 'Isthmus of Panama', 'Nicaragua']"
multiple,easy,Science: Computers,The series of the Intel HD graphics generation succeeding that of the 5000 and 6000 series (Broadwell) is called:,HD Graphics 500,"['HD Graphics 700 ', 'HD Graphics 600', 'HD Graphics 7000']"
multiple,easy,Mythology,This Greek goddess&#039;s name was chosen for the dwarf planet responsible for discord on Pluto&#039;s classification amongst astronomers.,Eris,"['Charon', 'Ceres', 'Dysnomia']"
multiple,hard,Entertainment: Video Games,"In the popular MOBA League of Legends, which of the following champions is nicknamed &quot;the Virtuoso&quot;?",Jhin,"['Kayle', 'Ezreal', 'Camille']"
multiple,medium,General Knowledge,What is the name given to Indian food cooked over charcoal in a clay oven?,Tandoori,"['Biryani', 'Pani puri', 'Tiki masala']"
multiple,medium,Entertainment: Cartoon &amp; Animations,What is the name of the Alligator that The Simpsons &quot;killed&quot; in the episode &quot;Kill The Alligator and Run&quot;?,Captain Jack,"['Captain Jake', 'Captain Hector', 'Captain Flynn']"
boolean,hard,Entertainment: Film,YouTube personality Jenna Marbles served as an executive producer of the film Maximum Ride (2016).,True,['False']
boolean,medium,Science: Computers,The first dual-core CPU was the Intel Pentium D.,False,['True']
multiple,easy,Art,Who painted the Mona Lisa?,Leonardo da Vinci,"['Pablo Picasso', 'Claude Monet', 'Vincent van Gogh']"
multiple,medium,Entertainment: Books,Which of the following was the author of &quot;Username Evie&quot;?,Joe Sugg,"['Zoe Sugg', 'Joe Weller', 'Alfie Deyes']"
multiple,medium,Entertainment: Music,The &#039;In the Flesh&#039; tour was used in support of what Pink Floyd album?,Animals,"['The Wall', 'Wish You Were Here', 'The Final Cut']"
multiple,medium,Sports,Which darts player has won the most World Championship titles?,Phil Taylor,"['Michael van Gerwen', 'Raymond van Barneveld', 'Eric Bristow']"
multiple,medium,Entertainment: Music,Which of the following is NOT a song in BROCKHAMPTON&#039;s SATURATION album series?,LAMB,"['HOTTIE', 'SWAMP', 'BUMP']"
multiple,medium,Science: Computers,What was the name given to Android 4.3?,Jelly Bean,"['Lollipop', 'Nutella', 'Froyo']"
multiple,medium,Art,Who painted the epic mural Guernica?,Pablo Picasso,"['Francisco Goya', 'Leonardo da Vinci', 'Henri Matisse']"
multiple,medium,Sports,Who was the British professional wrestler Shirley Crabtree better known as?,Big Daddy,"['Giant Haystacks', 'Kendo Nagasaki', 'Masambula']"
boolean,medium,Entertainment: Video Games,&quot;Return to Castle Wolfenstein&quot; was the only game of the Wolfenstein series where you don&#039;t play as William &quot;B.J.&quot; Blazkowicz.,False,['True']
multiple,medium,Entertainment: Cartoon &amp; Animations,Which one of these cartoon characters is NOT voiced by Rob Paulsen?,Max Tennyson (Ben 10),"['Carl Wheezer (Jimmy Neutron)', 'Yakko Warner (Animaniacs)', 'The Mask (The Mask, TV Series)']"
multiple,medium,Entertainment: Film,"In the Friday The 13th series, what is Jason&#039;s mother&#039;s first name?",Pamela,"['Mary', 'Christine', 'Angeline']"
multiple,medium,Entertainment: Board Games,"In Yu-Gi-Oh, how does a player perform an Xyz Summon?",Overlay at least 2 Monsters of the Same Level,"['Activate a Spell and Send Monsters to the Graveyard', 'Add the Monsters&#039; Levels Together to Match the Xyz Monster', 'Banish A Number of Monsters From Your Hand And Deck']"
multiple,hard,Animals,What bird is born with claws on its wing digits?,Hoatzin,"['Cormorant', 'Cassowary', 'Secretary bird']"
boolean,easy,Geography,A group of islands is called an &#039;archipelago&#039;.,True,['False']
multiple,medium,Entertainment: Video Games,Where does &quot;The Legend of Zelda: Majora&#039;s Mask&quot; take place?,Termina,"['Hyrule', 'Gysahl', 'Besaid']"
multiple,hard,General Knowledge,"According to Fair Works Australia, how long do you have to work to get Long Service Leave?",7 years,"['2 years', '8 years', '6 months']"
multiple,medium,History,In which year was Constantinople conquered by the Turks?,1453,"['1435', '1454', '1440']"
multiple,medium,Entertainment: Music,Which of these songs was NOT released in the 90s?,&quot;I Want It All&quot; by Queen,"['&quot;Vogue&quot; by Madonna', '&quot;Can&#039;t Stop This Thing We Started&quot; by Bryan Adams', '&quot;King of Wishful Thinking&quot; by Go West']"
multiple,hard,Art,How many paint and pastel versions of &quot;The Scream&quot; is Norwegian painter Edvard Munch believed to have produced?,4,"['1', '3', '2']"
multiple,easy,Entertainment: Cartoon &amp; Animations,Which of the following is not a Flintstones character?,Lord Rockingham IX,"['Rockhead Slate', 'The Great Gazoo', 'Barney Rubble']"
multiple,medium,Entertainment: Video Games,Who is the character you play as in Yume Nikki?,Madotsuki,"['Masada', 'Uboa', 'Poniko']"
multiple,easy,Entertainment: Video Games,"Before it&#039;s redesign of the company logo in the year 2000, which 3D shape is NOT represented in the Electronic Arts logo?",Cylinder,"['Pyramid', 'Cube', 'Sphere']"
multiple,hard,Entertainment: Board Games,"On a standard Monopoly board, how much do you have to pay for Tennessee Ave?",$180,"['$200', '$160', '$220']"
multiple,easy,Entertainment: Video Games,What is the name of the largest planet in Kerbal Space Program?,Jool,"['Eeloo', 'Kerbol', 'Minmus']"
multiple,easy,Entertainment: Music,Who performed &quot;I Took A Pill In Ibiza&quot;?,Mike Posner,"['Avicii', 'Robbie Williams', 'Harry Styles']"
multiple,hard,General Knowledge,How long did it take the motorized window washers of the original World Trade Center to clean the entire exterior of the building?,1 Month,"['3 Weeks', '1 Week', '2 Months']"
multiple,easy,General Knowledge,"The file hosting service, &quot;Google Drive&quot; was launched on what day?","April 24, 2012","['January 12, 2014', 'November 14, 2008', 'January 20, 2010']"
multiple,easy,Entertainment: Books,"George Orwell wrote this book, which is often considered a statement on government oversight.",1984,"['The Old Man and the Sea', 'Catcher and the Rye', 'To Kill a Mockingbird']"
multiple,medium,Entertainment: Film,Mark Wahlberg played the titular character of which 2008 video-game adaptation?,Max Payne,"['Alan Wake', 'Hitman', 'God Of War']"
boolean,medium,General Knowledge,You are allowed to sell your soul on eBay.,False,['True']
multiple,easy,Geography,Harvard University is located in which city?,Cambridge,"['Providence', 'New York', 'Washington D.C.']"
multiple,medium,Art,Which one of these colors are not featured in Mondrian&#039;s Broadway Boogie-Woogie?,Green,"['Blue', 'Yellow', 'Red']"
multiple,medium,Entertainment: Music,What was David Bowie&#039;s real surname?,Jones,"['Johnson', 'Edwards', 'Carter']"
multiple,medium,Entertainment: Music,Which of these is NOT a song featured on Green Day&#039;s 21st Century Breakdown album?,She&#039;s A Rebel,"['Know Your Enemy', '&iquest;Viva la Gloria? (Little Girl)', 'Before The Lobotomy']"
multiple,medium,History,How many times was Albert Einstein married in his lifetime?,Twice,"['Five', 'Thrice', 'Once']"
boolean,easy,Entertainment: Music,Eurobeat is primarily an Italian genre of music.,True,['False']
multiple,hard,Science &amp; Nature,All of the following human genetic haplogroup names are shared between Y-chromosome and mitochondrial DNA haplogroups EXCEPT:,Haplogroup U,"['Haplogroup L', 'Haplogroup T', 'Haplogroup J']"
boolean,easy,General Knowledge,"In architecture, a &quot;pecklesteiner&quot; is a set of doors that overlap each other when closed, and can be locked through a single keyhole.",False,['True']
multiple,hard,Vehicles,Volkswagen&#039;s legendary VR6 engine has cylinders positioned at what degree angle?,15 Degree,"['30 Degree', '45 Degree', '90 Degree']"
multiple,hard,Entertainment: Video Games,"According to the lore of &quot;Starbound&quot;, what does the &quot;Colony Deed&quot; do when it is placed down?",Sends out an advertisement for someone to move in.,"['Teleports somebody from somewhere on the planet it is placed.', 'Teleports a random person to the location.', 'Materializes a new being at it&#039;s location.']"
multiple,medium,Science &amp; Nature,The Axiom of Preventive Medicine states that people with ___ risk for a disease should be screened and we should treat ___ of those people.,"low, all","['low, some', 'high, all', 'high, some']"
multiple,hard,History,Which of these theoretical phycisists first predicted the existence of antimatter?,Paul Dirac,"['Niels Bohr', 'Albert Einstein', 'Werner Heisenberg']"
multiple,medium,Celebrities,"Which American celebrity died in 1977 playing golf in La Moraleja, Madrid?",Bing Crosby,"['Elvis Presley', 'Charlie Chaplin', 'Groucho Marx']"
multiple,medium,Entertainment: Video Games,In Telltale Games&#039; &quot;The Walking Dead: Season One&quot; what is the name of Clementine&#039;s father?,Ed,"['Charles', 'Lee', 'Walter']"
multiple,medium,General Knowledge,What name represents the letter &quot;M&quot; in the NATO phonetic alphabet?,Mike,"['Matthew', 'Mark', 'Max']"
multiple,medium,History,Which country gifted the Statue of Liberty to the United States of America?,France,"['Spain', 'England', 'Germany']"
multiple,medium,Entertainment: Television,What year was Netflix founded?,1997,"['1999', '2004', '2001']"
multiple,medium,Entertainment: Video Games,"In The Elder Scrolls V: Skyrim, who is the jester in the dark brotherhood?",Cicero,"['Lucien Lachance', 'Archimedes', 'Astrid']"
multiple,medium,Entertainment: Video Games,Which of these is not a DLC vehicle in &quot;Mario Kart 8&quot;?,Wild Wiggler,"['Bone Rattler', 'B Dasher', '300 SL Roadster']"
boolean,hard,Entertainment: Video Games,The first Grand Theft Auto was also planned for the Nintendo 64.,True,['False']
multiple,medium,Entertainment: Japanese Anime &amp; Manga,Who is the creator of the manga series &quot;One Piece&quot;?,Eiichiro Oda,"['Yoshihiro Togashi', 'Hayao Miyazaki', 'Masashi Kishimoto']"
multiple,easy,Entertainment: Film,Who directed the 2017 movie &quot;The Shape of Water&quot;?,Guillermo del Toro,"['Steven Spielberg', 'James Cameron', 'Martin Scorsese']"
multiple,easy,Science: Mathematics,What prime number comes next after 19?,23,"['25', '21', '27']"
multiple,medium,Geography,Which German city is located on the River Isar?,Munich,"['Berlin', 'Hamburg', 'Dortmund']"
multiple,medium,Entertainment: Video Games,What song is played during the ending credits of Guitar Hero: World Tour?,Dream Theater - Pull Me Under,"['King Crimson - 21st Century Schizoid Man', 'Dragonforce - Through The Fire &amp; The Flames', 'Lynyrd Skynyrd - Free Bird']"
multiple,hard,General Knowledge,What is the longest bridge in the world?,"Danyang&ndash;Kunshan Grand Bridge, China","['Lake Pontchartrain Causeway, United States', 'King Fahd Causeway Bridge I, Saudi Arabia', 'Sultan Abdul Halim Muadzam Shah Bridge, Malaysia']"
multiple,hard,Entertainment: Film,"In the Friday The 13th series, what year did Jason drown in?",1957,"['1955', '1953', '1959']"
multiple,medium,History,Who was the leader of Sweden in the Great Northern War?,Charles XII,"['Per Albin Hansson', 'Peter the Great', 'Gustavus Adolphus']"
multiple,easy,Sports,What year did the New Orleans Saints win the Super Bowl?,2010,"['2008', '2009', '2011']"
multiple,easy,Entertainment: Video Games,Which of the following is NOT a summon in the game &quot;South Park: The Stick of Truth&quot;?,Towelie,"['Jesus', 'Mr. Hankey', 'Mr. Slave']"
multiple,medium,Science: Computers,Which one of these is not an official development name for a Ubuntu release?,Mystic Mansion,"['Trusty Tahr', 'Utopic Unicorn', 'Wily Werewolf']"
multiple,hard,Entertainment: Music,What is the stage name of New Zealand singer Phillipa &quot;Pip&quot; Brown?,Ladyhawke,"['Lorde', 'Kesha', 'Anika Moa']"
multiple,medium,Geography,What is the capital of the U.S. state Texas?,Austin,"['Dallas', 'Santa Fe', 'Houston']"
multiple,easy,Entertainment: Music,Who is the lead singer of the band Coldplay?,Chris Martin,"['Chris Isaak', 'Chris Wallace', 'Chris Connelly']"
boolean,medium,Geography,Is Tartu the capital of Estonia?,False,['True']
multiple,medium,Geography,In which country is located the municipality of Arteijo?,Spain,"['Morocco', 'France', 'Belgium']"
multiple,easy,Sports,When was the FC Schalke 04 founded?,1904,"['1909', '2008', '1999']"
multiple,easy,General Knowledge,What do sailors call the left side of a boat?,Port,"['Starboard', 'Bow', 'Stern']"
multiple,hard,History,What did Albert Einstein win the Nobel Prize for in 1921?,Photoelectric Effect,"['Relativity', 'Wave-Particle Duality', 'Zero-Point Energy']"
multiple,medium,Entertainment: Video Games,What is the world&#039;s first video game console?,Magnavox Odyssey,"['Coleco Telstar', 'Nintendo Color TV Game', 'Atari 2600']"
multiple,hard,History,What was the original name of New York City?,New Amsterdam,"['New London', 'New Paris', 'New Rome']"
multiple,medium,Entertainment: Japanese Anime &amp; Manga,Which of the following films was NOT directed by Hayao Miyazaki?,Wolf Children,"['Princess Mononoke', 'Spirited Away', 'Kiki&#039;s Delivery Service']"
multiple,medium,Science &amp; Nature,Deuterium is an isotope of which element?,Hydrogen,"['Nitrogen', 'Helium', 'Neon']"
multiple,hard,Entertainment: Japanese Anime &amp; Manga,"In &quot;Highschool of the Dead&quot;, where did Komuro and Saeko establish to meet after the bus explosion?",Eastern Police Station,"['The Center Mall', 'Komuro&#039;s House', 'On The Main Bridge']"
multiple,easy,Entertainment: Video Games,What game was used to advertise Steam?,Counter-Strike 1.6,"['Half-Life', 'Half-Life 2', 'Team Fortress']"
multiple,easy,Entertainment: Video Games,What is the protagonist&#039;s title given by the demons in DOOM (2016)?,Doom Slayer,"['Doom Guy', 'Doom Marine', 'Doom Reaper']"
multiple,hard,Science &amp; Nature,What physics principle relates the net electric flux out of a closed surface to the charge enclosed by that surface?,Gauss&#039;s Law,"['Faraday&#039;s Law', 'Ampere&#039;s Law', 'Biot-Savart Law']"
multiple,easy,General Knowledge,What is the name of the company in Lethal Company?,The Company,"['Planet Scrap Co.', 'Lethal Robotics', 'Gordian Shipping Co.']"
multiple,medium,Entertainment: Video Games,Which of these is NOT a name of a playable character in Apex Legends?,Viper,"['Revenant', 'Crypto', 'Wattson']"
multiple,easy,General Knowledge,Which type of cutlery is most suited for eating soup?,Spoon,"['Fork', 'Knife', 'Chopsticks']"
multiple,hard,Entertainment: Music,What is the first track on the Dave Matthews Band album &quot;Before These Crowded Streets&quot;?,Pantala Naga Pampa,"['Stay (Wasting Time)', 'Rapunzel', 'Don&#039;t Drink The Water']"
multiple,medium,Science: Gadgets,What was the first Infinity Coaster in the world and where is it located?,"The Smiler, Alton Towers, UK","['Madagascar Mad Pursuit, Motiongate Dubai, UAE', 'Gold Rush, Slagharen, Netherlands ', 'Monster, Adventureland Altoona, USA']"
multiple,easy,Mythology,"Which Greek &amp; Roman god was known as the god of music, truth and prophecy, healing, the sun and light, plague, poetry, and more?",Apollo,"['Aphrodite', 'Artemis', 'Athena']"
multiple,hard,Science &amp; Nature,What is the scientific name for the extinct hominin known as &quot;Lucy&quot;?,Australopithecus Afarensis,"['Australopithecus Africanus', 'Australopithecus Architeuthis', 'Australopithecus Antaris']"
boolean,easy,Entertainment: Video Games,"The name of the main character of the video game &quot;The Legend of Zelda&quot;, is Zelda.",False,['True']
multiple,medium,History,When did Jamaica receive its independence from England? ,1962,"['1492', '1963', '1987']"
multiple,hard,Entertainment: Musicals &amp; Theatres,Which actor has NOT portrayed Billy Flynn in the musical &quot;Chicago&quot;?,Christopher Walken,"['David Hasselhoff', 'Jerry Springer', 'Patrick Swayze']"
multiple,easy,General Knowledge,The drug cartel run by Pablo Escobar originated in which South American city?,Medell&iacute;n,"['Bogot&aacute;', 'Quito', 'Cali']"
multiple,medium,Science &amp; Nature,Where did the dog breed &quot;Chihuahua&quot; originate?,Mexico,"['France', 'Spain', 'Russia']"
multiple,easy,Entertainment: Video Games,What is the name of the adventurer you meet at the mines in Stardew Valley?,Marlon,"['Marnie', 'Morris', 'Marvin']"
multiple,easy,Geography,Which Borough is the farthest in the north of New York City?,Bronx,"['Queens', 'Brooklyn', 'Manhattan']"
boolean,easy,Entertainment: Video Games,"The Konami Code is known as Up, Up, Down, Down, Left, Right, Right, Left, B, A, Start.",False,['True']
multiple,medium,Entertainment: Japanese Anime &amp; Manga,"In the &quot;To Love-Ru&quot; series, how many Trans-weapons were created?",3,"['1', '2', '4']"
multiple,hard,Science &amp; Nature,"Botanically speaking, which of these fruits is NOT a berry?",Strawberry,"['Blueberry', 'Banana', 'Concord Grape']"
multiple,medium,Entertainment: Music,Which song by Swedish electronic musician Avicii samples the song &quot;Something&#039;s Got A Hold On Me&quot; by Etta James?,Levels,"['Fade Into Darkness', 'Silhouettes', 'Seek Bromance']"
multiple,medium,Science: Computers,Laserjet and inkjet printers are both examples of what type of printer?,Non-impact printer,"['Impact printer', 'Daisywheel printer', 'Dot matrix printer']"
multiple,easy,Entertainment: Video Games,Which of these is NOT a player class in Team Fortress 2?,Healer,"['Demoman', 'Pyro', 'Spy']"
multiple,easy,Entertainment: Cartoon &amp; Animations,Which Teenage Mutant Ninja Turtle traditionally wears an orange bandana?,Michelangelo,"['Leonardo', 'Donatello', 'Raphael']"
multiple,medium,Science &amp; Nature,After which Danish city is the 72th element on the periodic table named?,Copenhagen,"['Odense', 'Herning', 'Skagen']"
multiple,easy,General Knowledge,Why is the night sky dark? ,The universe is finite in age and size,"['Dust clouds absorb light ', 'Redshift doesn&#039;t let us see distant stars ', 'Quantum mechanics']"
multiple,medium,Entertainment: Books,"In Terry Pratchett&#039;s Discworld novel &#039;Wyrd Sisters&#039;, which of these are not one of the three main witches?",Winny Hathersham,"['Granny Weatherwax', 'Nanny Ogg', 'Magrat Garlick']"
multiple,hard,Entertainment: Cartoon &amp; Animations,What town was &quot;Springfield&quot; from &quot;The Simpsons&quot; originally named after?,"Springfield, Oregon","['Springfield, Missouri', 'Springfield, Illinois', 'Springfield, Massachusetts']"
multiple,hard,General Knowledge,Roughly how many ingested apple seeds would it take to receive a fatal dose of cyanide?,200,"['20', '2,000', '20,000']"
multiple,medium,Entertainment: Video Games,How many times do you fight the Imprisoned in The Legend of Zelda: Skyward Sword?,3,"['2', '4', '5']"
multiple,easy,Politics,Which former US president was nicknamed &quot;Teddy&quot; after he refused to shoot a defenseless black bear?,Theodore Roosevelt,"['Woodrow Wilson', 'James F. Fielder', 'Andrew Jackson']"
multiple,easy,Entertainment: Video Games,"In the 2002 video game &quot;Kingdom Hearts&quot;, how many Keyblades are usable?",18,"['13', '16', '15']"
multiple,hard,Entertainment: Music,Which of these songs is not by Tatsuro Yamashita?,Lucky Lady Feel So Good ,"['Merry-Go Round', 'Let&#039;s Dance Baby', 'Love Talkin&#039;']"
multiple,medium,Science &amp; Nature,What is radiation measured in?,Gray ,"['Watt', 'Decibel', 'Kelvin']"
multiple,medium,Entertainment: Video Games,How many classes are there in Team Fortress 2?,9,"['10', '8', '7']"
boolean,easy,Geography,"Rhode Island is actually located on the US mainland, despite its name.",True,['False']
multiple,hard,Entertainment: Music,What rock group is named after a gym teacher who taught at the original band members&#039; high school?,Lynyrd Skynyrd,"['Jefferson Airplane', 'Pink Floyd', 'The Byrds']"
multiple,hard,Entertainment: Video Games,"In the SHMUP series, &quot;Gradius&quot;, what is the name of the antagonist faction you fight against?",Bacterion,"['Bydo', 'Belsar', 'ORN Empire']"
multiple,medium,Entertainment: Music,Which of the following bands is Tom DeLonge not a part of?,+44,"['Box Car Racer', 'Blink-182', 'Angels &amp; Airwaves']"
multiple,medium,Entertainment: Video Games,"On the 6th of June 2006, what was the name of the infamous glitch that occurred in the MMO RuneScape?",The Falador Massacre,"['Noclip glitch', 'Party-hat Duplication Glitch', 'TzHaar Massacre']"
boolean,easy,Science: Computers,Pointers were not used in the original C programming language; they were added later on in C++.,False,['True']
multiple,easy,Entertainment: Video Games,How many differently shaped Tetris pieces are there?,7,"['5', '6', '8']"
multiple,medium,Entertainment: Film,Which town is the setting for the Disney movie The Love Bug (1968)?,San Francisco,"['Los Angeles', 'Sacramento', 'San Jose']"
multiple,hard,Science: Computers,What port does HTTP run on?,80,"['53', '443', '23']"
multiple,medium,Entertainment: Music,&quot;Lift Your Spirit&quot; is an album by which artist?,Aloe Blacc,"['Lena Meyer-Landrut', 'Stevie Wonder', 'Taylor Swift']"
multiple,easy,Entertainment: Video Games,"In the video game &quot;Postal 2&quot;, what is the name of Postal Dude&#039;s dog?",Champ,"['Snoopy', 'Krotchy', 'Duke']"
multiple,hard,Entertainment: Video Games,&quot;Strangereal&quot; is a fictitious Earth-like world for which game series?,Ace Combat,"['Jet Set Radio', 'Deus Ex', 'Crimson Skies']"
multiple,medium,Animals,What is the fastest animal?,Peregrine Falcon,"['Golden Eagle', 'Cheetah', 'Horsefly']"
multiple,medium,Entertainment: Board Games,Who was the first official world chess champion?,Wilhelm Steinitz,"['Jos&eacute; Ra&uacute;l Capablanca', 'Emanuel Lasker', 'Bobby Fischer']"
multiple,medium,Entertainment: Film,Who did the score to the original Blade Runner?,Vangelis,"['Kitaro', 'Yanni', 'Enya']"
boolean,easy,Entertainment: Books,The &quot;Berenstein Bears&quot; is the correct spelling of the educational children&#039;s book series&#039; name.,False,['True']
multiple,medium,Entertainment: Television,Which British writer wrote for both Doctor Who and Sherlock?,Steven Moffatt,"['Phil Ford', 'Russell T Davies', 'Toby Whithouse']"
multiple,medium,Geography,The Gambia is a nation found on which continent?,Africa,"['Asia', 'South America', 'Europe']"
multiple,easy,General Knowledge,What do sailors call the front of a boat?,Bow,"['Stern', 'Port', 'Starboard']"
multiple,hard,Entertainment: Japanese Anime &amp; Manga,"In &quot;Hunter x Hunter&quot;, which of the following is NOT a type of Nen aura?",Restoration,"['Emission', 'Transmutation', 'Specialization']"
multiple,easy,Entertainment: Video Games,"In &quot;Yo! Noid 2,&quot; The Noid can perform what special move?",Dab,"['Pizza Throw', 'Dodge Roll', 'Spin Dash']"
multiple,easy,Entertainment: Board Games,How many pieces are there on the board at the start of a game of chess?,32,"['16', '20', '36']"
multiple,hard,History,Where was Napoleon Bonaparte born?,Corsica,"['Normandy', 'Brittany', 'Paris']"
multiple,medium,General Knowledge,"Which famed architect, who died in 2019 aged 102, designed the glass pyramid at the Louvre museum in Paris?",I. M. Pei,"['Pascale Gu&eacute;dot', 'Frank Gehry', 'Wang Shu']"
multiple,medium,History,When was the United States National Security Agency established?,"November 4, 1952","['July 26, 1908', ' July 1, 1973', ' November 25, 2002']"
multiple,easy,Entertainment: Music,Which of the following songs did Elton John perform following Princess Diane&#039;s passing?,Candles in the Wind,"['I Guess That&#039;s Why They Call It The Blues', 'Your Song', 'Island Girl']"
multiple,medium,Entertainment: Japanese Anime &amp; Manga,When was the first episode of Soul Eater released?,2008,"['2003', '2005', '2011']"
multiple,medium,Entertainment: Video Games,What was the code name for the &quot;Nintendo Gamecube&quot;?,Dolphin,"['Nitro', 'Revolution', 'Atlantis']"
multiple,easy,Entertainment: Television,"In season one of the Netflix political drama &quot;House of Cards&quot;, what government position does Frank Underwood hold?",House Majority Whip,"['Attorney General', 'President', 'Chief of Staff']"
boolean,medium,Entertainment: Music,The country song  &ldquo;A Boy Named Sue&rdquo; was written by Shel Silverstein.,True,['False']
multiple,easy,Sports,Who is often called &quot;the Maestro&quot; in the men&#039;s tennis circuit?,Roger Federer,"['Bill Tilden', 'Boris Becker', 'Pete Sampras']"
multiple,easy,Entertainment: Film,Who is the main antagonist of Christopher Nolan&#039;s 2012 film &quot;The Dark Knight Rises&quot;?,Bane,"['The Joker', 'CIA', 'The Riddler']"
multiple,hard,Entertainment: Video Games,"In World of Warcraft lore, which of the following is known as the God of Spiders in the troll&#039;s loa beliefs?",Elortha no Shadra,"['Bwonsamdi', 'Hakkar', 'Shirvallah']"
multiple,medium,General Knowledge,Which essential condiment is also known as Japanese horseradish?,Wasabi ,"['Mentsuyu', 'Karashi', 'Ponzu']"
boolean,easy,Geography,South Africa has more than one capital city,True,['False']
multiple,medium,Sports,What is the oldest team in the NFL?,Arizona Cardinals,"['Chicago Bears', 'Green Bay Packers', 'New York Giants']"
multiple,medium,General Knowledge,Which of the General Mills Corporation&#039;s monster cereals was the last to be released in the 1970&#039;s?,Fruit Brute,"['Count Chocula', 'Franken Berry', 'Boo-Berry']"
multiple,hard,Science &amp; Nature,"In the Scoville scale, what is the hottest chemical?",Resiniferatoxin,"['Capsaicin', 'Dihydrocapsaicin', 'Tinyatoxin']"
multiple,medium,Entertainment: Video Games,"In Overwatch, how old is Reinhardt Wilhelm?",61,"['59', '65', '62']"
multiple,medium,Politics,Who was the 40th President of the USA?,Ronald Reagan,"['Jimmy Carter', 'Bill Clinton', 'Richard Nixon']"
multiple,easy,Entertainment: Books,"Who wrote &quot;The Scarlet Letter&quot;, published in 1850?",Nathaniel Hawthorne,"['Washington Irving', 'James Fenimore Cooper', 'Catherine Maria Sedgwick']"
multiple,medium,Entertainment: Film,"Before getting the shotgun, what did the titular hobo in &#039;Hobo with a Shotgun&#039; want to purchase?",a lawnmower,"['a revolver', 'a guitar', 'a suit']"
multiple,easy,Entertainment: Video Games,Who is the main character of the game Half-Life: Opposing Force?,Adrian Shephard,"['Gordon Freeman', 'Alyx Vance', 'Barney Calhoun']"
multiple,hard,Entertainment: Video Games,In the original DOOM (1993) which of the following is NOT a cheat code?,IDCLIP,"['IDFA', 'IDDQD', 'IDSPISPOPD']"
multiple,easy,Entertainment: Video Games,What is Gabe Newell&#039;s favorite class in Team Fortress 2?,Spy,"['Heavy', 'Medic', 'Pyro']"
multiple,hard,Entertainment: Video Games,"During development of &quot;Super Mario World&quot;, Yoshi&#039;s hard saddle was originally which of these?",A shell,"['A slide of Gelatin', 'A poffin', 'A spike']"
multiple,medium,Entertainment: Video Games,"According to Overwatch&#039;s lore, who was once a member of the Deadlock Gang?",McCree,"['Roadhog', 'Soldier 76', 'Junkrat']"
multiple,medium,Science &amp; Nature,"What polymer is used to make CDs, safety goggles and riot shields?",Polycarbonate,"['Rubber', 'Nylon', 'Bakelite']"
multiple,medium,General Knowledge,"According to the United States&#039; CDC, one in how many Americans die annually due to smoking?",Five,"['Twenty', 'Ten', 'One hundred']"
multiple,easy,History,What was the name commonly given to the ancient trade routes that connected the East and West of Eurasia?,Silk Road,"['Spice Road', 'Clay Road', 'Salt Road']"
boolean,medium,Geography,Antarctica is the largest desert in the world.,True,['False']
multiple,easy,Science &amp; Nature,"This element, when overcome with extreme heat and pressure, creates diamonds.",Carbon,"['Nitrogen', 'Oxygen', 'Hydrogen']"
multiple,medium,Entertainment: Video Games,"In Fallout 4, which type of power armor is first encountered in the early mission &quot;When Freedom Calls&quot; in a crashed Vertibird?",T-45,"['T-51', 'T-60', 'X-01']"
multiple,hard,Entertainment: Video Games,What is the 4th boss in the 1997 video game &quot;Crash Bandicoot 2: Cortex Strikes Back&quot;?,Dr. N. Gin,"['Dr. Neo Cortex', 'Komodo Brothers', 'Tiny Tiger']"
multiple,medium,Entertainment: Video Games,Which weapon that was cut from the game &quot;Half Life 2&quot; was going to replace the crowbar?,Ice Axe,"['Fire Axe', 'Wrench', 'Hunting Knife']"
multiple,easy,Entertainment: Video Games,Which of the following is not a character in the video game Doki Doki Literature Club?,Nico,"['Monika', 'Natsuki', 'Sayori']"
multiple,medium,Entertainment: Video Games,What level do you have to be to get a service medal on CS:GO?,40,"['50', '30', '20']"
multiple,medium,History,What is the name of the US Navy spy ship which was attacked and captured by North Korean forces in 1968?,USS Pueblo,"['USS North Carolina', 'USS Constitution', 'USS Indianapolis']"
multiple,medium,Entertainment: Japanese Anime &amp; Manga,Which studio animated Soul Eater?,Bones,"['Kyoto Animation', 'xebec', 'Production I.G']"
boolean,easy,General Knowledge,The Sun rises from the North.,False,['True']
boolean,easy,Geography,Nova Scotia is on the east coast of Canada.,True,['False']
multiple,medium,Entertainment: Film,"This movie contains the quote, &quot;What we&#039;ve got here is a failure to communicate.&quot;",Cool Hand Luke,"['Bonnie and Clyde', 'The Graduate', 'In the Heat of the Night']"
boolean,hard,Science: Gadgets,During the  early parts of the Vietnam War the M16 had a record for having bad reliability,True,['False']
multiple,easy,Entertainment: Cartoon &amp; Animations,"In the show &quot;Foster&#039;s Home For Imaginary Friends&quot;, which character had an obsession with basketball?",Wilt,"['Coco', 'Mac', 'Cheese']"
multiple,medium,Entertainment: Music,Who was the oldest member of The Beatles?,Ringo Starr,"['John Lennon', 'Paul McCartney', 'George Harrison']"
multiple,medium,Entertainment: Japanese Anime &amp; Manga,Which of the stands from &quot;JoJo&#039;s Bizarre Adventure&quot; mimics the likeness of a tomato?,Pearl Jam,"['Red Hot Chili Pepper', 'Cream Starter', 'Nut King Call']"
multiple,medium,Entertainment: Video Games,What was the game &quot;Galaga&quot; was a sequel to?,Galaxian,"['Galactica', 'Space Invaders', 'Galactic Wars']"
multiple,easy,General Knowledge,How tall is the Burj Khalifa?,"2,722 ft","['2,717 ft', '2,546 ft', '3,024 ft']"
boolean,medium,Entertainment: Board Games,&quot;Rich Uncle Pennybags&quot; from the board game &quot;Monopoly&quot; wears a monocle.,False,['True']
multiple,medium,History,Which country was an allied power in World War II?,Soviet Union,"['Italy', 'Germany', 'Japan']"
multiple,medium,Entertainment: Video Games,What are the names of the Ice Climbers in the video game Ice Climber?,Popo and Nana,"['Popo and Nina', 'Papi and Nana', 'Papi and Nina']"
multiple,medium,Entertainment: Japanese Anime &amp; Manga,"In &quot;Little Witch Academia&quot;, what is Shiny Chariot&#039;s alias at Luna Nova Academy?",Ursula Callistis,"['Croix Meridies', 'Miranda Holbrook', 'Anne Finnelan']"
boolean,easy,Celebrities,"Marilyn Monroe was born on July 1, 1926.",False,['True']
boolean,medium,Vehicles,Arriva is owned by the Deutsche Bahn.,True,['False']
multiple,easy,Entertainment: Television,In which state of America was the Fresh Prince of Bel-Air born and raised in?,Pennsylvania,"['Florida', 'California', 'New Jersey']"
multiple,medium,History,Which Roman Emperor led the Roman Empire to reach its maximum territorial extent?,Trajan,"['Julius Caesar', 'Claudius', 'Constantine the Great']"
multiple,hard,Science: Computers,"Lenovo acquired IBM&#039;s personal computer division, including the ThinkPad line of laptops and tablets, in what year?",2005,"['1999', '2002', '2008']"
multiple,easy,Entertainment: Video Games,In the original Spyro game who is the first villain?,Gnasty Gnorc,"['Ripto', 'Sorceress', 'Cynder']"
multiple,hard,General Knowledge,"In flight systems, what does the initialism &quot;TCAS&quot; stand for?",Traffic Collision Avoidance System,"['Traffic Communication Alert System', 'Traffic Configuration Alignment System', 'Traffic Call-sign Abbreviation System']"
multiple,medium,Science: Computers,"What does the term MIME stand for, in regards to computing?",Multipurpose Internet Mail Extensions,"['Mail Internet Mail Exchange', 'Multipurpose Interleave Mail Exchange', 'Mail Interleave Method Exchange']"
boolean,medium,Entertainment: Music,Metallica collaborated with Rowan Atkinson&#039;s Mr Bean on a 1992 comic relief single.,False,['True']
multiple,medium,History,What is the mnemonic device for remembering the fates of the wives of Henry VIII?,"Divorced, Beheaded, Died, Divorced, Beheaded, Survived","['Beheaded, Died, Divorced, Divorced, Beheaded, Survived', 'Died, Beheaded, Divorced, Beheaded, Survived, Divorced', 'Survived, Beheaded, Died, Divorced, Divorced, Beheaded']"
multiple,easy,Science &amp; Nature,About what percentage of the Earth&#039;s surface is water? ,70%,"['30%', '50%', '90%']"
multiple,easy,Entertainment: Video Games,What is the last name of the primary female protagonist of Final Fantasy VIII?,Heartilly,"['Loire', 'Almasy', 'Trepe']"
multiple,medium,Entertainment: Video Games,What mainly favored rifle is used by the Terrorists in Counter Strike: Global Offensive?,AK-47,"['AK-74', 'M4A4', 'CZ-75 AUTO']"
multiple,easy,Animals,What color is a Steller&#039;s Jay?,blue and black,"['blue and grey', 'blue and white', 'grey and black']"
boolean,easy,Science &amp; Nature,Salt is 100% composed of Sodium.,False,['True']
multiple,hard,Entertainment: Books,Abel Magwitch is a character from which Charles Dickens novel?,Great Expectations,"['The Pickwick Papers', 'Nicholas Nickleby', 'Oliver Twist']"
multiple,medium,General Knowledge,"What is the largest rapid transit system in the world by number of stations, with 472 stations in operation?",New York City Subway,"['Shanghai Metro', 'London Underground', 'Berlin U-Bahn']"
multiple,medium,Entertainment: Music,What is the first track on Kanye West&#039;s 808s &amp; Heartbreak?,Say You Will,"['Welcome to Heartbreak', 'Street Lights', 'Heartless']"
multiple,medium,Entertainment: Video Games,Which of the following Terran units from the RTS game Starcraft was first introduced in the expansion Brood War?,Medic,"['Wraith', 'Science Vessel', 'SCV']"
boolean,medium,Entertainment: Music,Pete Townshend was the first musician to destroy their intrument live on stage.,False,['True']
multiple,easy,Entertainment: Music,"In 2006, which band released their debut album &quot;A Fever You Can&#039;t Sweat Out&quot;?",Panic! At the Disco,"['Twenty One Pilots', 'My Chemical Romance', 'Fall Out Boy']"
multiple,hard,Science: Mathematics,What is the derivative of Acceleration with respect to time?,Jerk,"['Shift', 'Bump', 'Slide']"
multiple,easy,General Knowledge,Which of these is NOT considered to be a colour that makes up the rainbow?,Pink,"['Blue', 'Violet', 'Orange']"
boolean,hard,History,"During the Winter War, the amount of Soviet Union soliders that died or went missing was five times more than Finland&#039;s.",True,['False']
multiple,easy,General Knowledge,Waluigi&#039;s first appearance was in what game?,Mario Tennis 64 (N64),"['Wario Land: Super Mario Land 3', 'Mario Party (N64)', 'Super Smash Bros. Ultimate']"
multiple,hard,Entertainment: Video Games,"In the Mario Kart series, which game introduced the &quot;Shield Drifting&quot; mechanic?",Mario Kart Arcade GP DX,"['Mario Kart: Double Dash', 'Mario Kart Super Circuit', 'Mario Kart DS']"
multiple,easy,Science: Computers,This mobile OS held the largest market share in 2012.,iOS,"['Android', 'BlackBerry', 'Symbian']"
multiple,easy,General Knowledge,Which country has the Union Jack in its flag?,New Zealand,"['South Africa', 'Canada', 'Hong Kong']"
multiple,medium,Entertainment: Music,What was Radiohead&#039;s first album?,Pablo Honey,"['The Bends', 'Kid A', 'A Moon Shaped Pool']"
multiple,hard,Entertainment: Television,In &quot;It&#039;s Always Sunny in Philadelphia&quot; what was the name of Frank&#039;s wrestling persona?,The Trash Man,"['Bird of War', 'Day Man', 'The Maniac']"
multiple,medium,Mythology,"Who is the father of Icarus, who flew too close to the sun?",Daedalus,"['Minos', 'Perseus', 'Zeus']"
multiple,medium,Entertainment: Video Games,"In &quot;FTL: Faster Than Light&quot;, how many races are there, including the Lanius?",8,"['9', '7', '10']"
multiple,medium,Entertainment: Video Games,In what engine was Titanfall made in?,Source Engine,"['Frostbite 3', 'Unreal Engine', 'Cryengine']"
boolean,medium,Entertainment: Video Games,Mortal Kombat was almost based on Jean-Claude Van Damme movie.,True,['False']
multiple,easy,Entertainment: Video Games,Which &quot;Call Of Duty: Zombies&quot; map introduced the &quot;Staffs Of The Ancients&quot;?,Origins,"['Shangri-La', 'Revelations', 'Nuketown']"
boolean,easy,Science &amp; Nature,Igneous rocks are formed by excessive heat and pressure.,False,['True']
boolean,medium,General Knowledge,Sitting for more than three hours a day can cut two years off a person&#039;s life expectancy.,True,['False']
multiple,easy,Entertainment: Film,"This movie contains the quote, &quot;Houston, we have a problem.&quot;",Apollo 13,"['The Right Stuff', 'Capricorn One', 'Marooned']"
boolean,medium,Entertainment: Music,"Dave Grohl recorded the Foo Fighters&#039; debut, &quot;Foo Fighters,&quot; by himself.",True,['False']
multiple,medium,Entertainment: Music,What is the opening track on Lorde&#039;s Pure Heroine?,Tennis Court,"['Team', 'Royals', '400 Lux']"
multiple,easy,Entertainment: Music,Which Disney character sings the song &quot;A Dream is a Wish Your Heart Makes&quot;?,Cinderella,"['Belle', 'Snow White', 'Pocahontas']"
multiple,medium,Sports,What country hosted the 2014 Winter Olympics?,Russia,"['Canada', 'United States', 'Germany']"
multiple,easy,Entertainment: Cartoon &amp; Animations,"Wendy O. Koopa appeared in the Super Mario DIC Cartoons, but what was she known as?",Kootie Pie,"['Sweetie Pie', 'Wendy Pie', 'Honey Pie']"
multiple,medium,Entertainment: Video Games,"When Halo 3: ODST was unveiled in 2008, it had a different title. What was the game formally called?",Halo 3: Recon,"['Halo 3: Helljumpers', 'Halo 3: Phantom', 'Halo 3: Guerilla']"
multiple,hard,Science &amp; Nature,What is isobutylphenylpropanoic acid more commonly known as?,Ibuprofen,"['Morphine', 'Ketamine', 'Aspirin']"
boolean,medium,Vehicles,The first true automobile ever made was the 1886 Benz Patent-Motorwagen.,True,['False']
boolean,medium,Mythology,"In Greek mythology, Hera is the goddess of harvest.",False,['True']
multiple,medium,Science &amp; Nature,The &quot;Tibia&quot; is found in which part of the body?,Leg,"['Arm', 'Hand', 'Head']"
multiple,easy,History,"Which famous world leader is famed for the saying, &quot;Let them eat cake&quot;, yet is rumored that he/she never said it at all?",Marie Antoinette,"['Czar Nicholas II', 'Elizabeth I', 'Henry VIII']"
multiple,medium,Entertainment: Television,What was the name of Ross&#039; pet monkey on &quot;Friends&quot;?,Marcel,"['Jojo', 'George', 'Champ']"
multiple,hard,Entertainment: Video Games,"In the original &quot;Super Mario Bros.&quot;, what is the acceleration of Mario if he was in free fall?",91.28 m/s^2,"['110  m/s^2', '9.42  m/s^2', '4.4  m/s^2']"
multiple,easy,Geography,How many federal states does Germany have?,16,"['13', '32', '25']"
multiple,hard,Sports,"In Canadian football, scoring a rouge is worth how many points?",1,"['2', '3', '4']"
multiple,easy,Entertainment: Music,What is the name of the album released in 2014 by American band Maroon 5?,V,"['X', 'III', 'IV']"
multiple,easy,Science: Computers,What language does Node.js use?,JavaScript,"['Java', 'Java Source', 'Joomla Source Code']"
multiple,easy,Geography,The Space Needle is located in which city?,Seattle,"['Los Angles', 'Toronto', 'Vancouver']"
multiple,hard,Animals,What scientific family does the Aardwolf belong to?,Hyaenidae,"['Canidae', 'Felidae', 'Eupleridae']"
multiple,medium,Science &amp; Nature,The medial meniscus forms which part of what joint in the human body?,Knee,"['Elbow', 'Ankle', 'Shoulder']"
multiple,hard,Mythology,Which Norse God has a horse named Sleipnir?,Odin,"['Thor', 'Frigg', 'Balder']"
multiple,easy,Entertainment: Video Games,In &quot;Fallout 4&quot; which faction is not present in the game?,The Enclave,"['The Minutemen', 'The Brotherhood of Steel', 'The Institute']"
multiple,easy,Entertainment: Video Games,In what year was &quot;Metal Gear Solid&quot; released in North America?,1998,"['1987', '2001', '2004']"
multiple,easy,General Knowledge,Who is the author of Jurassic Park?,Michael Crichton,"['Peter Benchley', 'Chuck Paluhniuk', 'Irvine Welsh']"
multiple,hard,Entertainment: Japanese Anime &amp; Manga,"In &quot;Jewelpet Sunshine&quot;, what is the song that plays when Kanon and her friends bust out of prison?",I Don&#039;t Want to Miss a Thing,"['Eye Of The Tiger', 'Born to be Wild', 'Ruby Ring']"
multiple,easy,Sports,Which team won the 2015-16 English Premier League?,Leicester City,"['Liverpool', 'Cheslea', 'Manchester United']"
multiple,hard,Entertainment: Music,Artis Leon Ivey Jr. is better known as which rap artist?,Coolio,"['Dr Dre', 'Snoop Dogg', 'Ice T']"
multiple,hard,Art,"When was Salvador Dali&#039;s painting, &quot;The Persistence of Memory,&quot; completed?",1931,"['1932', '1929', '1934']"
boolean,medium,History,The Hundred Years&#039; War was fought for more than a hundred years.,True,['False']
multiple,medium,Entertainment: Cartoon &amp; Animations,What year was the Disney film &quot;A Goofy Movie&quot; released?,1995,"['1999', '2001', '1997']"
boolean,medium,Entertainment: Video Games,"In Half-Life 2, if you play the zombies&#039; speech in reverse, they actually speak coherent English.",True,['False']
multiple,easy,Celebrities,What was James Coburn&#039;s last film role before his death?,American Gun,"['Monsters Inc', 'Texas Rangers', 'Snow Dogs']"
multiple,hard,Entertainment: Video Games,The Internet Meme &quot;All your base are belong to us&quot; is based on the poorly translated English Version of which Video Game?,Zero Wing,"['F-Zero', 'Wing Commander', 'Star Wars: X-Wing']"
multiple,medium,General Knowledge,When was Nintendo founded?,"September 23rd, 1889","['October 19th, 1891', 'March 4th, 1887', 'December 27th, 1894']"
multiple,easy,Science: Computers,The C programming language was created by this American computer scientist. ,Dennis Ritchie,"['Tim Berners Lee', 'al-Khwārizmī', 'Willis Ware']"
multiple,medium,Geography,What is the highest mountain in the world?,Mt. Everest,"['Mount Godwin Austen', 'Kangchenjunga', 'Annapurna']"
multiple,medium,Science: Computers,Nvidia&#039;s headquarters are based in which Silicon Valley city?,Santa Clara,"['Palo Alto', 'Cupertino', 'Mountain View']"
multiple,hard,Entertainment: Video Games,What was the name of Sonic the Hedgehog&#039;s original human girlfriend?,Madonna,"['Celeste', 'Sierra', 'Nina']"
multiple,easy,Entertainment: Board Games,Which of the following is NOT a class in Dungeons and Dragons 5e?,Engineer ,"['Fighter ', 'Paladin ', 'Bard']"
boolean,medium,General Knowledge,Kissing someone for one minute burns about 2 calories.,True,['False']
multiple,medium,Entertainment: Music,Pink Floyd made this song for their previous lead singer Syd Barrett.,Shine On You Crazy Diamond,"['Wish You Were Here', 'Have A Cigar', 'Welcome to the Machine']"
boolean,medium,Science: Mathematics,The set of all algebraic numbers is countable.,True,['False']
multiple,medium,Geography,What is the fifth largest country by area?,Brazil,"['United States', 'Australia', 'India']"
boolean,medium,Entertainment: Music,Arcade Fire&#039;s &#039;The Suburbs&#039; won the Album of the Year award in the 2011 Grammys.,True,['False']
multiple,medium,Science: Computers,What does the DOS in Microsoft&#039;s first operating system &quot;MS-DOS&quot; stand for?,Disk Operating System,"['Dumb Operating System', 'Driver Oriented System', 'Diskless Operating System']"
multiple,easy,Entertainment: Comics,"In DC comics, what is Owlman&#039;s real name?",Thomas Wayne Jr.,"['Thomas Wayne', 'Bruce Wayne', 'Joseph Chill ']"
multiple,easy,Entertainment: Comics,What is the alter-ego of the DC comics character &quot;Superman&quot;?,Clark Kent,"['Bruce Wayne', 'Arthur Curry', 'John Jones']"
multiple,easy,Entertainment: Music,Which of the following is an album by punk rock band Anti-Flag?,For Blood And Empire,"['Infinity On High', '21st Century Breakdown', 'No Pads, No Helmets...Just Balls']"
multiple,medium,Science: Mathematics,Which mathematician refused the Fields Medal?,Grigori Perelman,"['Andrew Wiles', 'Terence Tao', 'Edward Witten']"
multiple,medium,Entertainment: Video Games,In which &quot;Call of Duty&quot; game are the &quot;Apothicons&quot; introduced in the Zombies mode?,Call Of Duty: Black Ops III,"['Call Of Duty: Black Ops', 'Call Of Duty: World At War', 'Call Of Duty: Black Ops II']"
multiple,hard,Geography,The prefix Sino- (As in Sino-American) is used to refer to what nationality?,Chinese,"['Japanese', 'Russian', 'Indian']"
multiple,easy,Geography,Which of these is the name of the largest city in the US state Tennessee?,Memphis,"['Thebes', 'Alexandria', 'Luxor']"
boolean,medium,Animals,Otters have pockets under their arms for carrying their favourite snacks and rocks.,True,['False']
multiple,hard,Science: Mathematics,The French mathematician &Eacute;variste Galois is primarily known for his work in which?,Galois Theory,"['Galois&#039; Continued Fractions', 'Galois&#039; Method for PDE&#039;s ', 'Abelian Integration']"
multiple,easy,Entertainment: Music,What collaborative album was released by Kanye West and Jay-Z in 2011?,Watch the Throne,"['Distant Relatives', 'What a Time to be Alive', 'Unfinished Business']"
multiple,medium,Entertainment: Cartoon &amp; Animations,What is the standard frame rate for animation?,24 FPS,"['12 FPS', '30 FPS', '60 FPS']"
multiple,medium,Entertainment: Video Games,What is the name of the machine that fails and essentially dooms mankind in the beginning of the first Half-Life game?,Anti-mass spectrometer,"['Oscillation generator', 'Dark fusion reactor', 'Dark fusion resonator']"
multiple,easy,General Knowledge,What alcoholic drink is made from molasses?,Rum,"['Gin', 'Vodka', 'Whisky']"
multiple,medium,History,What year did the Boxing Day earthquake &amp; tsunami occur in the Indian Ocean?,2004,"['2006', '2008', '2002']"
multiple,easy,Science: Gadgets,What round is a classic AK-47 chambered in?,7.62x39mm,"['7.62x51mm', '5.56x45mm', '5.45x39mm']"
multiple,easy,Entertainment: Film,"What superhero has been played in film by actors Michael Keaton, Val Kilmer, George Clooney and Christian Bale?",Batman,"['Superman', 'Iron Man', 'Spiderman']"
multiple,medium,Entertainment: Film,What is the name of James Dean&#039;s character in the 1955 movie &quot;Rebel Without a Cause&quot;?,Jim Stark,"['Ned Stark', 'Jim Kane', 'Frank Stark']"
multiple,medium,Science: Computers,"Generally, which component of a computer draws the most power?",Video Card,"['Hard Drive', 'Processor', 'Power Supply']"
multiple,medium,Science &amp; Nature,Which psychological term refers to the stress of holding contrasting beliefs?,Cognitive Dissonance,"['Flip-Flop Syndrome', 'Split-Brain', 'Blind Sight']"
multiple,medium,Entertainment: Video Games,"In Need For Speed: Most Wanted (2005), how many people are there to defeat on the blacklist?",15,"['5', '10', '20']"
multiple,medium,Science: Mathematics,What is the first Mersenne prime exponent over 1000?,1279,"['2203', '1009', '1069']"
multiple,medium,Entertainment: Music,Who is the vocalist and frontman of rock band &quot;Guns N&#039; Roses&quot;?,Axl Rose,"['Kurt Cobain', 'Slash', 'Bono']"
multiple,medium,Art,Which artist&#039;s style was to use small different colored dots to create a picture?,Georges Seurat,"['Paul C&eacute;zanne', 'Vincent Van Gogh', 'Henri Rousseau']"
multiple,easy,Entertainment: Video Games,"In Grand Theft Auto V, what was Michael De Santa&#039;s former surname?",Townley,"['De Santos', 'Watson', 'Simpson']"
multiple,medium,Entertainment: Video Games,"In the original DOOM games, which of the following demons is a recolor of the Baron of Hell, but is weaker than the Baron?",Hell Knight,"['Mancubus', 'Pinky', 'Arch-Vile']"
multiple,medium,Geography,What is the official national language of Pakistan?,Urdu,"['Indian', 'Punjabi', 'Pashto']"
multiple,hard,Entertainment: Television,"In &quot;Star Trek&quot;, what sauce is commonly used by Klingons on bregit lung?",Grapok sauce,"['Gazorpazorp pudding', 'Sweet chili sauce', 'Grapork sauce']"
boolean,medium,Entertainment: Television,"Klingons once had a period of Democracy in their history, they referred to it as the &quot;Dark Times&quot;.",True,['False']
multiple,medium,Entertainment: Video Games,"In Team Fortress 2, which class wields a shotgun?",Everyone Listed,"['Heavy', 'Soldier', 'Engineer']"
multiple,easy,Mythology,What mytological creatures have women&#039;s faces and vultures&#039; bodies?,Harpies,"['Mermaids', 'Nymph', 'Lilith']"
multiple,easy,Entertainment: Video Games,Who is able to grab the survivors with his tongue in Left 4 Dead?,Smoker,"['Jockey', 'Hunter', 'Boomer']"
multiple,easy,Entertainment: Music,Who wrote the Sinead O`Connor hit &#039;Nothing Compares 2 U&#039;?,Prince,"['Michael Jackson', 'Cameo', 'Rick James']"
multiple,medium,Science: Computers,Which of these programming languages is a low-level language?,Assembly,"['Python', 'C#', 'Pascal']"
multiple,hard,Geography,The mountainous Khyber Pass connects which of the two following countries?,Afghanistan and Pakistan,"['India and Nepal', 'Pakistan and India', 'Tajikistan and Kyrgyzstan']"
multiple,easy,Entertainment: Video Games,&quot;The Potato Sack&quot; was a collection of indie games released on Steam in 2011 as a promotion for which game?,Portal 2,"['Left 4 Dead 2', 'Half-Life 3', 'Dota 2']"
multiple,hard,Geography,Which of these island countries is located in the Caribbean?,Barbados,"['Fiji', 'Maldives', 'Seychelles']"
multiple,easy,General Knowledge,When was the website reddit founded ?,2005,"['2008', '2004', '2006']"
multiple,medium,Entertainment: Books,How many books are in the Chronicles of Narnia series?,7,"['6', '8', '5']"
multiple,medium,Entertainment: Music,Which alternative rock band released the critically-acclaimed album &quot;OK Computer&quot;?,Radiohead,"['R.E.M.', 'Nirvana', 'Coldplay']"
multiple,medium,Entertainment: Comics,What was the name of the first Robin in the Batman comics?,Dick Grayson,"['Bruce Wayne', 'Jason Todd', 'Tim Drake']"
multiple,easy,Entertainment: Video Games,The acronym DOTA stands for,Defense of the Ancients,"['Defense of the Artifacts', 'Defense of the Antiques', 'Defense of the Animated']"
multiple,medium,Entertainment: Video Games,Which of the following Mario Kart 8 Deluxe items will NOT make you invincible?,Golden Mushroom,"['Star', 'Bullet Bill', 'Boo']"
multiple,medium,Geography,What is the capital city of the U.S. state of Texas?,Austin,"['Dallas', 'Houston', 'San Antonio']"
multiple,hard,Entertainment: Film,"In &quot;Star Trek Nemesis&quot;, why was Praetor Shinzon created?",To replace Picard as a Romulan Agent,"['To destroy the Enterprise', 'To become Picard&#039;s friend ', 'To steal the Enterprise']"
boolean,medium,Entertainment: Cartoon &amp; Animations,Nickelodeon rejected the pilot to Adventure Time.,True,['False']
boolean,easy,General Knowledge,The CEO of tech company Apple following Steve Jobs is named Tim Apple.,False,['True']
boolean,easy,Entertainment: Film,"In the original Star Wars trilogy, David Prowse was the actor who physically portrayed Darth Vader.",True,['False']
boolean,easy,Entertainment: Video Games,Nintendo&#039;s Luigi was originally just called Green Mario?,False,['True']
boolean,hard,General Knowledge,Is Luxembourgish a real language?,True,['False']
multiple,medium,General Knowledge,What is the official language in Barcelona beside Spanish?,Catalan,"[' Galician', 'French', 'Basque']"
multiple,easy,Entertainment: Video Games,Which of the following is not a faction in Tom Clancy&#039;s The Division?,CDC,"['Cleaners', 'Last Man Batallion', 'Rikers']"
multiple,medium,Entertainment: Music,What was George Michael&#039;s chart-topping 1987 debut studio album?,Faith,"['Songs from the Last Century', 'Patience', 'Older']"
multiple,easy,History,How long did World War II last?,6 years,"['4 years', '5 years', '7 years']"
multiple,easy,Entertainment: Television,Grant Gustin plays which superhero on the CW show of the same name?,The Flash,"['The Arrow', 'Black Canary', 'Daredevil']"
boolean,medium,Entertainment: Video Games,The character that would eventually become Dr. Eggman was considered for the role of Sega&#039;s new flagship mascot before Sonic was.,True,['False']
multiple,easy,Entertainment: Film,Who played the female lead in the 1933 film &quot;King Kong&quot;?,Fay Wray,"['Jean Harlow', 'Vivien Leigh', 'Mae West']"
boolean,medium,Science: Mathematics,E = MC3,False,['True']
multiple,easy,Geography,Which of these places is a location in Cornwall?,Barcelona,"['Madrid', 'Alicante', 'Lisbon']"
boolean,medium,Entertainment: Video Games,A cancelled Call Of Duty title would have taken place in ancient Rome.,True,['False']
multiple,hard,Vehicles,Which one of these chassis codes are used by BMW 3-series?,E46,"['E39', 'E85', 'F10']"
multiple,easy,Entertainment: Television,"What is the real name of the famous spanish humorist, El Risitas?",Juan Joya Borga,"['Gabriel Garcia Marquez', 'Jesus Quintero', 'Ernesto Guevara']"
boolean,easy,Geography,Hungary is the only country in the world beginning with H.,False,['True']
multiple,medium,Science &amp; Nature,What was the first living creature in space?,Fruit Flies ,"['Monkey', 'Dog', 'Mouse']"
boolean,medium,Politics,"Jeb Bush was elected as Governor of Florida in 2002, starting his political career.",False,['True']
boolean,medium,Science: Computers,FLAC stands for &quot;Free Lossless Audio Condenser&quot;&#039;,False,['True']
multiple,easy,Entertainment: Video Games,"Who out of these Team Fortress 2 characters, does not use a Shotgun as a secondary weapon?",Engineer,"['Soldier', 'Pyro', 'Heavy']"
multiple,medium,Entertainment: Video Games,Who&#039;s the Captain of the S.T.A.R.S. Bravo Team in Resident Evil 1?,Enrico Marini,"['Albert Wesker', 'Richard Aiken', 'Rebecca Chambers']"
multiple,easy,General Knowledge,How many letters are there in the English alphabet?,26,"['28', '23', '24']"
multiple,medium,Science: Computers,Whistler was the codename of this Microsoft Operating System.,Windows XP,"['Windows 2000', 'Windows 7', 'Windows 95']"
boolean,easy,Entertainment: Music,"Korean girl group, TWICE, consists of 9 members",True,['False']
boolean,medium,Geography,Russia shares a land border with North Korea.,True,['False']
multiple,easy,Entertainment: Television,"In Supernatural, what&#039;s is Sam&#039;s brothers name?",Dean,"['Dave', 'Steve', 'Mike']"
multiple,easy,General Knowledge,Which one of the following rhythm games was made by Harmonix?,Rock Band,"['Meat Beat Mania', 'Guitar Hero Live', 'Dance Dance Revolution']"
multiple,medium,Entertainment: Video Games,Who is the villain company in &quot;Stardew Valley&quot;?,Joja Co ,"['Ronin', 'Empire', 'Robotnik Industry&#039;s ']"
multiple,medium,Mythology,Who is the God Loki&#039;s son? ,Fenrir ,"['Odin', 'Hel', 'Sigyn']"
multiple,hard,History,When was the SS or Schutzstaffel established?,"April 4th, 1925","['September 1st, 1941', 'March 8th, 1935', 'February 21st, 1926']"
multiple,hard,Entertainment: Board Games,The Dice Tower network of board game podcasts and videos is run by which individual?,Tom Vasel,"['Jason LeVine', 'Borth Sampson', 'Uncle Pennybags']"
boolean,easy,Entertainment: Film,Matt Damon played an astronaut stranded on an extraterrestrial planet in both of the movies Interstellar and The Martian.,True,['False']
multiple,medium,General Knowledge,What was the destination of the missing flight MH370?,Beijing,"['Kuala Lumpur', 'Singapore', 'Tokyo']"
multiple,medium,Entertainment: Video Games,"Ellen McLain, the voice of GLaDOS in the Portal game series, is married to the voice actor for which Team Fortress 2 character?",Sniper,"['Heavy', 'Soldier', 'Scout']"
multiple,easy,Geography,What country has a horizontal bicolor red and white flag?,Monaco,"['Bahrain', 'Malta', 'Liechenstein']"
boolean,hard,History,Joseph Stalin&#039;s real name was Ioseb Bessarionis dze Dzugashvili.,True,['False']
multiple,hard,Science &amp; Nature,Which of these is a semiconductor amplifying device?,transistor,"['tube', 'diode', 'P-N junction']"
multiple,hard,Entertainment: Video Games,"GoldenEye 007 on the Nintendo 64 was planned to allow you to play as all previous Bond actors, with the exception of who?",George Lazenby,"['Roger Moore', 'Sean Connery', 'Timothy Dalton']"
multiple,easy,Geography,Which US state has the highest population?,California,"['New York', 'Texas', 'Florida']"
multiple,easy,Entertainment: Comics,Which planet did Superman come from?,Krypton,"['Avalon', 'Xolnar', 'Starhaven']"
multiple,hard,Entertainment: Books,Which of the following is NOT a work done by Shakespeare?,Trial of Temperance,"['Measure For Measure', 'Titus Andronicus', 'Cymbeline']"
multiple,easy,Entertainment: Cartoon &amp; Animations,Which of these characters live in a pineapple under the sea in the cartoon &quot;SpongeBob SquarePants&quot;.,SpongeBob SquarePants ,"['Patrick Star', 'Squidward Tentacles', 'Mr. Krabs']"
multiple,easy,Sports,Which of the following sports is not part of the triathlon?,Horse-Riding,"['Cycling', 'Swimming', 'Running']"
multiple,easy,Science: Computers,Which computer hardware device provides an interface for all other connected devices to communicate?,Motherboard,"['Central Processing Unit', 'Hard Disk Drive', 'Random Access Memory']"
boolean,easy,History,The Spitfire originated from a racing plane.,True,['False']
boolean,hard,Science: Computers,The IBM PC used an Intel 8008 microprocessor clocked at 4.77 MHz and 8 kilobytes of memory.,False,['True']
multiple,easy,Entertainment: Film,Who plays protagonist Ethan Hunt in the &quot;Mission: Impossible&quot; film-series?,Tom Cruise,"['Johnny Depp', 'Sean Connery', 'Pierce Brosnan']"
boolean,easy,Entertainment: Japanese Anime &amp; Manga,"In Miss Kobayashi&#039;s Dragon Maid, Tohru is a member of the harmony faction.",False,['True']
multiple,medium,Animals,What is the name of the family that the domestic cat is a member of?,Felidae,"['Felinae', 'Felis', 'Cat']"
multiple,medium,General Knowledge,"In a 1994 CBS interview, Microsoft co-founder Bill Gates performed what unusual trick on camera?",Jumping over an office chair,"['Jumping backwards over a desk', 'Standing on his head', 'Typing on a keyboard during a handstand']"
boolean,easy,Science: Computers,&quot;HTML&quot; stands for Hypertext Markup Language.,True,['False']
multiple,medium,Geography,All of the following are towns/villages in the Pacific Island nation of Kiribati EXCEPT:,Urutora,"['Rungata', 'London', 'Washington']"
boolean,medium,Entertainment: Music,Ashley Frangipane performs under the stage name Halsey.,True,['False']
multiple,medium,Entertainment: Video Games,What is the original name of Final Fantasy XV?,Final Fantasy Versus XIII,"['Final Fantasy: Reborn', 'Final Fantasy XVI', 'Final Fantasy XIII-3']"
boolean,medium,Animals,The &quot;mountain chicken&quot; is a chicken.,False,['True']
boolean,hard,Entertainment: Film,"&quot;Cube&quot;, &quot;Cube 2: Hypercube&quot; and &quot;Cube Zero&quot; were directed by the same person.",False,['True']
multiple,medium,Entertainment: Video Games,Which video game company developed the 2019 game Rage 2?,Avalanche Studios,"['Bethesda Game Studios', 'Infinity Ward', 'Gearbox Software']"
multiple,medium,Entertainment: Music,Who was the guitarist in the band &quot;The Doors&quot;?,Robby Krieger,"['Eric Clapton', 'John Densmore', 'Jimi Hendrix']"
multiple,hard,Entertainment: Video Games,"In the PAYDAY series, where did Dallas start his criminal career?","Chicago, Illinois","['Dallas, Texas', 'New York City, New York', 'Boston, Massachusetts']"
multiple,medium,Entertainment: Music,Which one of these Rammstein songs has two official music videos?,Du Riechst So Gut,"['Du Hast', 'Benzin', 'Mein Teil']"
boolean,medium,General Knowledge,Crystal Pepsi was first sold in US markets in 1993.,False,['True']
multiple,medium,Geography,Which one of these countries borders with Poland?,Lithuania,"['France', 'Norway', 'Netherlands']"
multiple,easy,Entertainment: Video Games,What year did the game &quot;Overwatch&quot; enter closed beta?,2015,"['2013', '2011', '2016']"
